{"context":"epanel","data":{"divi_logo":"","divi_fixed_nav":"on","divi_gallery_layout_enable":"false","divi_color_palette":"#000000|#ffffff|#e02b20|#e09900|#edf000|#7cda24|#0c71c3|#8300e9","divi_grab_image":"false","divi_blog_style":"false","divi_sidebar":"et_right_sidebar","divi_shop_page_sidebar":"et_right_sidebar","divi_gf_enable_all_character_sets":"false","divi_show_facebook_icon":"on","divi_show_twitter_icon":"on","divi_show_instagram_icon":"on","divi_show_rss_icon":"on","divi_facebook_url":"#","divi_twitter_url":"#","divi_instagram_url":"#","divi_rss_url":"","divi_woocommerce_archive_num_posts":9,"divi_catnum_posts":6,"divi_archivenum_posts":5,"divi_searchnum_posts":5,"divi_tagnum_posts":5,"divi_date_format":"M j, Y","divi_use_excerpt":"false","divi_back_to_top":"on","divi_smooth_scroll":"false","divi_disable_translations":"false","divi_enable_responsive_images":"on","divi_custom_css":"body{\r\n\tfont-weight: 400;\r\n}\r\n\/*=== Menu ===*\/\r\n@media screen and (min-width: 981px) {\r\n\t.current-menu-item a {\r\n\t\tmargin-left: 18px !important;\r\n\t}\r\n\t.et-menu.nav li a:hover {\r\n    \tcolor: #FF8600 !important;\r\n    \topacity: 1 !important;\r\n\t}\r\n\t.current-menu-item a::before {\r\n\t\tcontent: \"\";\r\n\t\tposition: absolute;\r\n\t\theight: 12px;\r\n\t\twidth: 12px;\r\n\t\tbackground-color: #ff8600;\r\n\t\tborder-radius: 100%;\r\n\t\tmargin-left: -18px;\r\n\t}\r\n\t.header_mobile .et_pb_blurb_container {\r\n    \tpadding-left: 6px;\r\n\t}\r\n}\r\n@media all and (min-width: 981px) and (max-width: 1200px) {\r\n\t.et-menu.nav li a {\r\n    \tpadding: 0px !important;\r\n    \tfont-size: 14px !important;\r\n\t}\r\n\t.et-menu.nav li {\r\n    \tpadding-left: 6px;\r\n    \tpadding-right: 6px;\r\n\t}\r\n}\r\n@media all and (min-width: 1200px) and (max-width: 1301px) {\r\n\t.et-menu.nav li a {\r\n    \tpadding: 0px !important;\r\n\t}\t\r\n}\r\n\/*  == mobile menu ==*\/\r\n.et_mobile_menu{\r\n\tmargin-top:10px !Important;\r\n}\r\n\r\n\r\n\/*=== Home Page ===*\/\r\n.home_tab .df_at_all_tabs_wrap {\r\n    margin-top: -50px;\r\n}\r\n.responsive-table {\r\n\tborder: 0px solid !important;\r\n}\r\n.responsive-table tr td{\r\n\tborder-bottom: 1px solid #3d3d3d;\r\n\tborder-top: 0px solid !important;\r\n}\r\n@media only screen and (max-width: 768px) {\r\n\t.responsive-table {\r\n\t\toverflow: hidden;\r\n\t\toverflow-x: scroll;\r\n\t\tdisplay:block;\r\n\t}\r\n}\r\n@media only screen and (max-width: 680px) {\r\n\t.responsive-table {\r\n\t\twidth: 350px !important;\r\n\t}\r\n}\r\n.subscribe_from .et_pb_button {\r\n    width: 185px;\r\n    margin: 0 auto;\r\n}\r\n.footer_subscribe_form .et_pb_newsletter_button_wrap a {\r\n    width: 185px !important;\r\n    margin: 0 auto;\r\n}\r\n\/*=== Menu Page ===*\/\r\n@media all and (min-width: 1266px) and (max-width: 1465px) {\r\n\t.coffee_tab .df_at_all_tabs {\r\n\t\tmargin-right: 50px !important;\r\n\t}\r\n\t.coffee_tab .df_at_image_wrapper {\r\n\t\tmargin-left: 45px !important;\r\n\t}\r\n\t.coffee_tab .df_at_content_wrapper {\r\n\t\tmargin-left: 15px !important;\r\n\t}\r\n\t.coffee_tab .df_at_image_wrapper .df_at_image {\r\n    \twidth: 90%;\r\n\t}\r\n}\r\n@media all and (min-width: 981px) and (max-width: 1265px) {\r\n\t.coffee_tab .df_at_all_tabs {\r\n\t\tmargin-right: 20px !important;\r\n\t}\r\n\t.coffee_tab .df_at_image_wrapper {\r\n\t\tmargin-left: 20px !important;\r\n\t}\r\n\t.coffee_tab .df_at_content_wrapper {\r\n\t\tmargin-left: 20px !important;\r\n\t}\r\n\t.coffee_tab .df_at_content h3 {\r\n\t\tline-height: 40px !important;\r\n\t}\r\n\t.coffee_tab .df_at_content h1 {\r\n\t\tline-height: 40px !important;\r\n\t}\r\n\t.coffee_tab .df_at_image_wrapper .df_at_image {\r\n    \twidth: 90%;\r\n\t}\r\n}\r\n@media all and (min-width: 1266px) and (max-width: 1465px) {\r\n\t.tea_tab .df_at_all_tabs {\r\n\t\tmargin-left: 50px !important;\r\n\t}\r\n\t.tea_tab .df_at_image_wrapper {\r\n\t\tmargin-right: 45px !important;\r\n\t}\r\n\t.tea_tab .df_at_content_wrapper {\r\n\t\tmargin-right: 15px !important;\r\n\t}\r\n\t.tea_tab .df_at_image_wrapper .df_at_image {\r\n    \twidth: 90%;\r\n\t}\r\n}\r\n@media all and (min-width: 981px) and (max-width: 1265px) {\r\n\t.tea_tab .df_at_all_tabs {\r\n\t\tmargin-left: 20px !important;\r\n\t}\r\n\t.tea_tab .df_at_image_wrapper {\r\n\t\tmargin-right: 20px !important;\r\n\t}\r\n\t.tea_tab .df_at_content_wrapper {\r\n\t\tmargin-right: 20px !important;\r\n\t}\r\n\t.tea_tab .df_at_content h3 {\r\n\t\tline-height: 40px !important;\r\n\t}\r\n\t.tea_tab .df_at_content h1 {\r\n\t\tline-height: 40px !important;\r\n\t}\r\n\t.tea_tab .df_at_image_wrapper .df_at_image {\r\n    \twidth: 90%;\r\n\t}\r\n}\r\n@media all and (max-width: 767px) {\r\n\t.coffee_tab .df_at_image_wrapper, .tea_tab .df_at_image_wrapper {\r\n    \twidth: 100%;\r\n\t}\r\n}","divi_dynamic_module_framework":"on","divi_dynamic_css":"false","divi_inline_stylesheet":"on","divi_critical_css":"false","divi_critical_threshold_height":"Medium","divi_dynamic_js_libraries":"on","divi_disable_emojis":"on","divi_defer_block_css":"on","divi_google_fonts_inline":"on","divi_limit_google_fonts_support_for_legacy_browsers":"on","divi_enable_jquery_body":"on","divi_enable_jquery_compatibility":"on","divi_enable_jquery_body_super":"false","divi_enable_dropdowns":"on","divi_home_link":"on","divi_sort_pages":"post_title","divi_order_page":"asc","divi_tiers_shown_pages":3,"divi_enable_dropdowns_categories":"on","divi_categories_empty":"on","divi_tiers_shown_categories":3,"divi_sort_cat":"name","divi_order_cat":"asc","divi_disable_toptier":"false","divi_postinfo2":["author","date","categories","comments"],"divi_show_postcomments":"on","divi_thumbnails":"on","divi_page_thumbnails":"false","divi_show_pagescomments":"false","divi_postinfo1":["author","date","categories"],"divi_thumbnails_index":"on","divi_seo_home_title":"false","divi_seo_home_description":"false","divi_seo_home_keywords":"false","divi_seo_home_canonical":"false","divi_seo_home_titletext":"","divi_seo_home_descriptiontext":"","divi_seo_home_keywordstext":"","divi_seo_home_type":"BlogName | Blog description","divi_seo_home_separate":" | ","divi_seo_single_title":"false","divi_seo_single_description":"false","divi_seo_single_keywords":"false","divi_seo_single_canonical":"false","divi_seo_single_field_title":"seo_title","divi_seo_single_field_description":"seo_description","divi_seo_single_field_keywords":"seo_keywords","divi_seo_single_type":"Post title | BlogName","divi_seo_single_separate":" | ","divi_seo_index_canonical":"false","divi_seo_index_description":"false","divi_seo_index_type":"Category name | BlogName","divi_seo_index_separate":" | ","divi_integrate_header_enable":"on","divi_integrate_body_enable":"on","divi_integrate_singletop_enable":"on","divi_integrate_singlebottom_enable":"on","divi_integration_head":"","divi_integration_body":"","divi_integration_single_top":"","divi_integration_single_bottom":"","divi_468_enable":"false","divi_468_image":"","divi_468_url":"","divi_468_adsense":"","divi_dynamic_icons_child_theme":"false","et_google_api_settings":{"use_google_fonts":"on","enqueue_google_maps_script":"on"}},"presets":"","global_colors":"","images":[],"thumbnails":[]}