{"context":"epanel","data":{"divi_logo":"","divi_fixed_nav":"on","divi_gallery_layout_enable":"false","divi_color_palette":"#000000|#ffffff|#e02b20|#e09900|#edf000|#7cda24|#0c71c3|#8300e9","divi_grab_image":"false","divi_blog_style":"false","divi_sidebar":"et_right_sidebar","divi_shop_page_sidebar":"et_right_sidebar","divi_gf_enable_all_character_sets":"false","divi_show_facebook_icon":"on","divi_show_twitter_icon":"on","divi_show_instagram_icon":"on","divi_show_rss_icon":"on","divi_facebook_url":"#","divi_twitter_url":"#","divi_instagram_url":"#","divi_rss_url":"","divi_woocommerce_archive_num_posts":9,"divi_catnum_posts":6,"divi_archivenum_posts":5,"divi_searchnum_posts":5,"divi_tagnum_posts":5,"divi_date_format":"M j, Y","divi_use_excerpt":"false","divi_back_to_top":"false","divi_smooth_scroll":"false","divi_disable_translations":"false","divi_enable_responsive_images":"on","divi_custom_css":"body{\r\n\tfont-weight: 400;\r\n}\r\nh1, h2, h3, h4, h5, h6{\r\n\tpadding-bottom: 0px;\r\n}\r\n\/*=== Menu ===*\/\r\n.et-menu.nav li {\r\n    padding-left: 25px;\r\n    padding-right: 25px;\r\n}\r\n.et-menu.nav li a {\r\n    padding-top: 0px !important;\r\n    padding-bottom: 0px !important;\r\n}\r\n.et-menu.nav li:first-child {\r\n    padding-left: 0px;\r\n}\r\n.et-menu.nav li:last-child {\r\n    padding-right: 0px;\r\n}\r\n\/*=== Menu Underline ===*\/\r\n.et-menu.nav li a:before {\r\n    content: \"\";\r\n    display: block;\r\n    width: 100%;\r\n    left: 0;\r\n    right: auto;\r\n    height: 3px;\r\n    background-color: #FFB500;\r\n    position: absolute;\r\n    top: -20px;\r\n    transition: all .3s ease;\r\n    transform: scaleX(0);\r\n    transform-origin: left;\r\n}\r\n.et-menu.nav li a:hover:before, \r\n.et-menu.nav li.current-menu-item a:before {\r\n    transform: scaleX(1);\r\n    color: #FFB500 !important;\r\n}\r\n.nav li:last-child a:before, .nav li.current-menu-item:last-child a:before {\r\n\tdisplay: none;\r\n}\r\n\/*sub-menu*\/\r\n.nav li ul {\r\n    width: auto;\r\n\tpadding: 0px !important;\r\n}\r\n.nav li ul.sub-menu li {\r\n\tpadding: 0px !important;\r\n}\r\n.nav li ul.sub-menu li a{\r\n\tpadding: 10px 20px !important;\r\n}\r\nnav .nav li ul.sub-menu li:not(:last-child) {\r\n    padding-right: 0px !important;\r\n}\r\n.custom_menu nav ul.nav li ul.sub-menu li.current-menu-item, \r\n.custom_menu nav ul.nav li ul.sub-menu li:hover {\r\n    background-color: #ffffff;\r\n}\r\n.nav li ul li a::before {\r\n    content: \"\";\r\n    display: none !important;   \r\n}\r\n\/*=== Menu Button ===*\/\r\n@media all and (min-width: 981px) {\r\n\t.custom_menu.et_pb_menu li.menubtn_order a, \r\n\t.custom_menu.et_pb_menu li.menubtn_order.current-menu-item a {\r\n\t\tcolor: #000 !important;\r\n\t}\r\n\tul.nav li.menubtn_order a, \r\n\t.et-fixed-header #top-menu.nav li.menubtn_order a {\r\n\t\tbackground-color: #FFB500;\r\n\t\tpadding: 10px 24px !important;\r\n  \t\tborder-radius: 4px;\r\n  \t\tposition: relative;  \t\t\r\n  \t\tmargin-bottom: 0px;\r\n\t\tborder: 1px solid #ffb500;\r\n\t\tbox-shadow: 0px 10px 20px rgba(0,0,0,0.1);\r\n\t}\t\r\n\tul.nav li.menubtn_order a:hover,\r\n\t.et-fixed-header #top-menu.nav li.menubtn_order a:hover,\r\n\tul.nav li.menubtn_order.current-menu-item a,\r\n\t.et-fixed-header #top-menu.nav li.menubtn_order.current-menu-item a {\r\n\t\tbackground-color: #fff;\r\n\t\tcolor: #FFB500;\r\n\t\topacity: 1 !important;\r\n\t}\r\n}\r\n\/*=== Home Page ===*\/\r\n@media all and (min-width: 768px) {\r\n\t.home_slider .et_pb_slide_image {\r\n\t\tleft: auto;\r\n\t\tright: 0;\r\n\t\tmargin-right: 0 !important;\r\n\t}\r\n\t.home_slider .et_pb_slide_with_image .et_pb_slide_description {\r\n\t\tfloat: left;\r\n\t\tmargin-right: 5.5% !important;\r\n\t}\r\n\t.home_slider.et_pb_slider .et_pb_container {\r\n    \tmax-width: 1296px;\r\n\t}\r\n}\r\n.home_carousel .df_cc_inner_wrapper .difl_contentcarouselitem.swiper-slide-visible .df_cci_button_wrapper {\r\n    opacity: 0;\r\n}\r\n.home_carousel .df_cc_inner_wrapper .difl_contentcarouselitem.swiper-slide-visible:hover .df_cci_button_wrapper  {\r\n    opacity: 1;\r\n}\r\n.home_contact .et_contact_bottom_container {\r\n    width: 100%;\r\n}\r\n\/*=== About us Page ===*\/\r\n@media all and (min-width: 981px) {\r\n\t.about_special .et_pb_row {\r\n\t\tdisplay: flex;\r\n\t\talign-items: center;\r\n\t}\r\n}\r\n@media all and (max-width: 980px) {\r\n\t.about_special .et_pb_row {\r\n\t\tdisplay: flex;\r\n\t\tflex-direction: column-reverse;\r\n\t}\r\n\t.about_special_one {\r\n\t\tmargin-bottom: 0px !important;\r\n\t}\r\n\t.about_special_two {\r\n\t\tmargin-bottom: 30px !important;\r\n\t}\r\n}\r\n\/*=== Meet Our Chefs page ===*\/\r\n.our_chefs {\r\n    clip-path: polygon(0 0, 100% 0%, 100% 90%, 85% 100%, 0 100%);\r\n}\r\n.our_chefs .df_ap_person_wrapper {\r\n    overflow: hidden;\r\n    transition: background 500ms ease 0ms !important;\r\n    background-image: linear-gradient(0deg, #FFB500 151px, #FFB500 0%);\r\n    background-size: 100% 0%;\r\n    background-position: bottom center;\r\n    background-repeat: no-repeat;\r\n\tbackground-color: #f9fafc;\r\n}\r\n.our_chefs .df_ap_person_wrapper:hover {\r\n    background-image: linear-gradient(0deg, #FFB500 151px, #FFB500 151px);\r\n    background-size: 100% 151px;\r\n    background-position: bottom center;\r\n    background-repeat: no-repeat;\r\n    overflow: hidden;\r\n    transition: background 500ms ease 0ms;\r\n}\r\n.our_chefs .df_ap_person_wrapper:hover .df_person_socail_wrapper {\r\n    opacity: 1;\r\n    height: 51px;\r\n    transition: background 500ms ease 0ms, height 500ms ease 0ms;\r\n}\r\n.our_chefs .df_person_socail_wrapper {\r\n    opacity: 0;\r\n    height: 0px;\r\n    transition: background 500ms ease 0ms, height 500ms ease 0ms;\r\n}\r\n\/*=== Menu page ===*\/\r\n@media all and (min-width: 768px) {\r\n\t.menu_blurb .df_ab_blurb_container {\r\n    \talign-items: center !important;\r\n\t}\r\n}\r\n\/*=== Blog Details ===*\/\r\n.post_tag a {\r\n    border: 1px solid #D8DCE8;\r\n    padding: 8px 24px;\r\n    margin-right: 8px;\r\n}\r\n.border-text {\r\n    border: 2px solid #D8DCE8;\r\n    background-color: #F9FAFC;\r\n    font-size: 18px;\r\n    line-height: 1.4em;\r\n    font-weight: 700;\r\n    padding: 20px;\r\n    margin-bottom: 10px;\r\n}\r\n@media all and (max-width: 767px) {\r\n\t.post_tag a {\r\n\t\tpadding: 8px 15px;\r\n\t}\r\n}","divi_dynamic_module_framework":"on","divi_dynamic_css":"false","divi_dynamic_icons":"false","divi_inline_stylesheet":"on","divi_critical_css":"false","divi_critical_threshold_height":"Medium","divi_dynamic_js_libraries":"on","divi_disable_emojis":"on","divi_defer_block_css":"on","divi_google_fonts_inline":"false","divi_limit_google_fonts_support_for_legacy_browsers":"on","divi_enable_jquery_body":"on","divi_enable_jquery_compatibility":"on","divi_enable_jquery_body_super":"false","divi_enable_dropdowns":"on","divi_home_link":"on","divi_sort_pages":"post_title","divi_order_page":"asc","divi_tiers_shown_pages":3,"divi_enable_dropdowns_categories":"on","divi_categories_empty":"on","divi_tiers_shown_categories":3,"divi_sort_cat":"name","divi_order_cat":"asc","divi_disable_toptier":"false","divi_postinfo2":["author","date","categories","comments"],"divi_show_postcomments":"on","divi_thumbnails":"on","divi_page_thumbnails":"false","divi_show_pagescomments":"false","divi_postinfo1":["author","date","categories"],"divi_thumbnails_index":"on","divi_seo_home_title":"false","divi_seo_home_description":"false","divi_seo_home_keywords":"false","divi_seo_home_canonical":"false","divi_seo_home_titletext":"","divi_seo_home_descriptiontext":"","divi_seo_home_keywordstext":"","divi_seo_home_type":"BlogName | Blog description","divi_seo_home_separate":" | ","divi_seo_single_title":"false","divi_seo_single_description":"false","divi_seo_single_keywords":"false","divi_seo_single_canonical":"false","divi_seo_single_field_title":"seo_title","divi_seo_single_field_description":"seo_description","divi_seo_single_field_keywords":"seo_keywords","divi_seo_single_type":"Post title | BlogName","divi_seo_single_separate":" | ","divi_seo_index_canonical":"false","divi_seo_index_description":"false","divi_seo_index_type":"Category name | BlogName","divi_seo_index_separate":" | ","divi_integrate_header_enable":"on","divi_integrate_body_enable":"on","divi_integrate_singletop_enable":"on","divi_integrate_singlebottom_enable":"on","divi_integration_head":"","divi_integration_body":"","divi_integration_single_top":"","divi_integration_single_bottom":"","divi_468_enable":"false","divi_468_image":"","divi_468_url":"","divi_468_adsense":"","et_google_api_settings":{"use_google_fonts":"on","enqueue_google_maps_script":"on"}},"presets":"","global_colors":"","images":[],"thumbnails":[]}