{"context":"et_divi_mods","data":{"static_css_custom_css_safety_check_done":true,"2_5_flush_rewrite_rules":"done","et_flush_rewrite_rules_library":"4.19.4","divi_previous_installed_version":"4.19.2","divi_latest_installed_version":"4.19.4","divi_skip_font_subset_force":true,"et_pb_clear_templates_cache":true,"builder_custom_defaults":{},"customizer_settings_migrated_flag":true,"builder_custom_defaults_unmigrated":false,"divi_email_provider_credentials_migrated":true,"custom_defaults_migrated_flag":true,"divi_1_3_images":"checked","et_pb_layouts_updated":true,"library_removed_legacy_layouts":true,"divi_2_4_documentation_message":"triggered","presets_storage_migrated_flag":true,"builder_global_presets_history_migrated":true,"et_pb_post_type_integration":{"post":"on","page":"on","project":"on"},"et_pb_static_css_file":"off","et_pb_css_in_footer":"off","et_pb_product_tour_global":"on","et_enable_classic_editor":"on","product_tour_status":{"1":"off"},"et_fb_pref_settings_bar_location":"bottom","et_fb_pref_builder_animation":"true","et_fb_pref_builder_display_modal_settings":"false","et_fb_pref_builder_enable_dummy_content":"true","et_fb_pref_builder_enable_visual_theme_builder":"true","et_fb_pref_event_mode":"hover","et_fb_pref_limited_view_mode":"wireframe","et_fb_pref_hide_disabled_modules":"false","et_fb_pref_history_intervals":1,"et_fb_pref_page_creation_flow":"default","et_fb_pref_quick_actions_always_start_with":"nothing","et_fb_pref_quick_actions_show_recent_queries":"off","et_fb_pref_quick_actions_recent_queries":"","et_fb_pref_quick_actions_recent_category":"","et_fb_pref_limited_modal_preference":"default","et_fb_pref_modal_snap_location":"","et_fb_pref_modal_snap":"false","et_fb_pref_modal_fullscreen":"false","et_fb_pref_modal_dimension_width":400,"et_fb_pref_modal_dimension_height":400,"et_fb_pref_modal_position_x":23,"et_fb_pref_modal_position_y":125,"et_fb_pref_limited_toolbar_click":"false","et_fb_pref_limited_toolbar_desktop":"true","et_fb_pref_limited_toolbar_grid":"false","et_fb_pref_limited_toolbar_hover":"false","et_fb_pref_limited_toolbar_phone":"true","et_fb_pref_limited_toolbar_tablet":"true","et_fb_pref_limited_toolbar_wireframe":"true","et_fb_pref_limited_toolbar_zoom":"true","et_fb_pref_lv_modal_dimension_height":0,"et_fb_pref_lv_modal_dimension_width":0,"et_fb_pref_lv_modal_position_x":0,"et_fb_pref_lv_modal_position_y":0,"et_fb_pref_responsive_tablet_width":768,"et_fb_pref_responsive_tablet_height":0,"et_fb_pref_responsive_phone_width":400,"et_fb_pref_responsive_phone_height":0,"et_fb_pref_responsive_minimum_width":320,"et_fb_pref_responsive_maximum_width":980,"et_fb_pref_view_mode":"desktop","et_fb_pref_modal_preference":"default","et_fb_pref_toolbar_click":"false","et_fb_pref_toolbar_desktop":"true","et_fb_pref_toolbar_grid":"false","et_fb_pref_toolbar_hover":"false","et_fb_pref_toolbar_phone":"true","et_fb_pref_toolbar_tablet":"true","et_fb_pref_toolbar_wireframe":"true","et_fb_pref_toolbar_zoom":"true","footer_widget_text_color":"#ffffff","footer_widget_link_color":"#ffffff","wp_custom_css":"body{\r\n\tfont-weight: 400;\r\n}\r\nh1, h2, h3, h4, h5, h6{\r\n\tpadding-bottom: 0px;\r\n}\r\n\/*=== Menu ===*\/\r\n.et-menu.nav li {\r\n    padding-left: 25px;\r\n    padding-right: 25px;\r\n}\r\n.et-menu.nav li a {\r\n    padding-top: 0px !important;\r\n    padding-bottom: 0px !important;\r\n}\r\n.et-menu.nav li:first-child {\r\n    padding-left: 0px;\r\n}\r\n.et-menu.nav li:last-child {\r\n    padding-right: 0px;\r\n}\r\n\/*=== Menu Underline ===*\/\r\n.et-menu.nav li a:before {\r\n    content: \"\";\r\n    display: block;\r\n    width: 100%;\r\n    left: 0;\r\n    right: auto;\r\n    height: 3px;\r\n    background-color: #FFB500;\r\n    position: absolute;\r\n    top: -20px;\r\n    transition: all .3s ease;\r\n    transform: scaleX(0);\r\n    transform-origin: left;\r\n}\r\n.et-menu.nav li a:hover:before, \r\n.et-menu.nav li.current-menu-item a:before {\r\n    transform: scaleX(1);\r\n    color: #FFB500 !important;\r\n}\r\n.nav li:last-child a:before, .nav li.current-menu-item:last-child a:before {\r\n\tdisplay: none;\r\n}\r\n\/*sub-menu*\/\r\n.nav li ul {\r\n    width: auto;\r\n\tpadding: 0px !important;\r\n}\r\n.nav li ul.sub-menu li {\r\n\tpadding: 0px !important;\r\n}\r\n.nav li ul.sub-menu li a{\r\n\tpadding: 10px 20px !important;\r\n}\r\nnav .nav li ul.sub-menu li:not(:last-child) {\r\n    padding-right: 0px !important;\r\n}\r\n.custom_menu nav ul.nav li ul.sub-menu li.current-menu-item, \r\n.custom_menu nav ul.nav li ul.sub-menu li:hover {\r\n    background-color: #ffffff;\r\n}\r\n.nav li ul li a::before {\r\n    content: \"\";\r\n    display: none !important;   \r\n}\r\n\/*=== Menu Button ===*\/\r\n@media all and (min-width: 981px) {\r\n\t.custom_menu.et_pb_menu li.menubtn_order a, \r\n\t.custom_menu.et_pb_menu li.menubtn_order.current-menu-item a {\r\n\t\tcolor: #000 !important;\r\n\t}\r\n\tul.nav li.menubtn_order a, \r\n\t.et-fixed-header #top-menu.nav li.menubtn_order a {\r\n\t\tbackground-color: #FFB500;\r\n\t\tpadding: 10px 24px !important;\r\n  \t\tborder-radius: 4px;\r\n  \t\tposition: relative;  \t\t\r\n  \t\tmargin-bottom: 0px;\r\n\t\tborder: 1px solid #ffb500;\r\n\t\tbox-shadow: 0px 10px 20px rgba(0,0,0,0.1);\r\n\t}\t\r\n\tul.nav li.menubtn_order a:hover,\r\n\t.et-fixed-header #top-menu.nav li.menubtn_order a:hover,\r\n\tul.nav li.menubtn_order.current-menu-item a,\r\n\t.et-fixed-header #top-menu.nav li.menubtn_order.current-menu-item a {\r\n\t\tbackground-color: #fff;\r\n\t\tcolor: #FFB500;\r\n\t\topacity: 1 !important;\r\n\t}\r\n}\r\n\/*=== Home Page ===*\/\r\n@media all and (min-width: 768px) {\r\n\t.home_slider .et_pb_slide_image {\r\n\t\tleft: auto;\r\n\t\tright: 0;\r\n\t\tmargin-right: 0 !important;\r\n\t}\r\n\t.home_slider .et_pb_slide_with_image .et_pb_slide_description {\r\n\t\tfloat: left;\r\n\t\tmargin-right: 5.5% !important;\r\n\t}\r\n\t.home_slider.et_pb_slider .et_pb_container {\r\n    \tmax-width: 1296px;\r\n\t}\r\n}\r\n.home_carousel .df_cc_inner_wrapper .difl_contentcarouselitem.swiper-slide-visible .df_cci_button_wrapper {\r\n    opacity: 0;\r\n}\r\n.home_carousel .df_cc_inner_wrapper .difl_contentcarouselitem.swiper-slide-visible:hover .df_cci_button_wrapper  {\r\n    opacity: 1;\r\n}\r\n.home_contact .et_contact_bottom_container {\r\n    width: 100%;\r\n}\r\n\/*=== About us Page ===*\/\r\n@media all and (min-width: 981px) {\r\n\t.about_special .et_pb_row {\r\n\t\tdisplay: flex;\r\n\t\talign-items: center;\r\n\t}\r\n}\r\n@media all and (max-width: 980px) {\r\n\t.about_special .et_pb_row {\r\n\t\tdisplay: flex;\r\n\t\tflex-direction: column-reverse;\r\n\t}\r\n\t.about_special_one {\r\n\t\tmargin-bottom: 0px !important;\r\n\t}\r\n\t.about_special_two {\r\n\t\tmargin-bottom: 30px !important;\r\n\t}\r\n}\r\n\/*=== Meet Our Chefs page ===*\/\r\n.our_chefs {\r\n    clip-path: polygon(0 0, 100% 0%, 100% 90%, 85% 100%, 0 100%);\r\n}\r\n.our_chefs .df_ap_person_wrapper {\r\n    overflow: hidden;\r\n    transition: background 500ms ease 0ms !important;\r\n    background-image: linear-gradient(0deg, #FFB500 151px, #FFB500 0%);\r\n    background-size: 100% 0%;\r\n    background-position: bottom center;\r\n    background-repeat: no-repeat;\r\n\tbackground-color: #f9fafc;\r\n}\r\n.our_chefs .df_ap_person_wrapper:hover {\r\n    background-image: linear-gradient(0deg, #FFB500 151px, #FFB500 151px);\r\n    background-size: 100% 151px;\r\n    background-position: bottom center;\r\n    background-repeat: no-repeat;\r\n    overflow: hidden;\r\n    transition: background 500ms ease 0ms;\r\n}\r\n.our_chefs .df_ap_person_wrapper:hover .df_person_socail_wrapper {\r\n    opacity: 1;\r\n    height: 51px;\r\n    transition: background 500ms ease 0ms, height 500ms ease 0ms;\r\n}\r\n.our_chefs .df_person_socail_wrapper {\r\n    opacity: 0;\r\n    height: 0px;\r\n    transition: background 500ms ease 0ms, height 500ms ease 0ms;\r\n}\r\n\/*=== Menu page ===*\/\r\n@media all and (min-width: 768px) {\r\n\t.menu_blurb .df_ab_blurb_container {\r\n    \talign-items: center !important;\r\n\t}\r\n}\r\n\/*=== Blog Details ===*\/\r\n.post_tag a {\r\n    border: 1px solid #D8DCE8;\r\n    padding: 8px 24px;\r\n    margin-right: 8px;\r\n}\r\n.border-text {\r\n    border: 2px solid #D8DCE8;\r\n    background-color: #F9FAFC;\r\n    font-size: 18px;\r\n    line-height: 1.4em;\r\n    font-weight: 700;\r\n    padding: 20px;\r\n    margin-bottom: 10px;\r\n}\r\n@media all and (max-width: 767px) {\r\n\t.post_tag a {\r\n\t\tpadding: 8px 15px;\r\n\t}\r\n}"},"presets":"","global_colors":"","images":[],"thumbnails":[]}