<?xml version="1.0" encoding="UTF-8" ?>
<!-- This is a WordPress eXtended RSS file generated by WordPress as an export of your site. -->
<!-- It contains information about your site's posts, pages, comments, categories, and other content. -->
<!-- You may use this file to transfer that content from one site to another. -->
<!-- This file is not intended to serve as a complete backup of your site. -->

<!-- To import this information into a WordPress site follow these steps: -->
<!-- 1. Log in to that site as an administrator. -->
<!-- 2. Go to Tools: Import in the WordPress admin panel. -->
<!-- 3. Install the "WordPress" importer from the list. -->
<!-- 4. Activate & Run Importer. -->
<!-- 5. Upload this file using the form provided on that page. -->
<!-- 6. You will first be asked to map the authors in this export file to users -->
<!--    on the site. For each author, you may choose to map to an -->
<!--    existing user on the site or to create a new user. -->
<!-- 7. WordPress will then import each of the posts, pages, comments, categories, etc. -->
<!--    contained in this file into your site. -->

	<!-- generator="WordPress/6.2.2" created="2023-05-29 10:26" -->
<rss version="2.0"
	xmlns:excerpt="http://wordpress.org/export/1.2/excerpt/"
	xmlns:content="http://purl.org/rss/1.0/modules/content/"
	xmlns:wfw="http://wellformedweb.org/CommentAPI/"
	xmlns:dc="http://purl.org/dc/elements/1.1/"
	xmlns:wp="http://wordpress.org/export/1.2/"
>

<channel>
	<title>Gym</title>
	<link>https://diviedge.com/layout-design/gym</link>
	<description>Free Divi Layout by DiviFlash</description>
	<pubDate>Mon, 29 May 2023 10:26:28 +0000</pubDate>
	<language>en-US</language>
	<wp:wxr_version>1.2</wp:wxr_version>
	<wp:base_site_url>https://diviedge.com/layout-design/</wp:base_site_url>
	<wp:base_blog_url>https://diviedge.com/layout-design/gym</wp:base_blog_url>

		<wp:author><wp:author_id>1</wp:author_id><wp:author_login><![CDATA[Diviflash]]></wp:author_login><wp:author_email><![CDATA[admin@diviedge.com]]></wp:author_email><wp:author_display_name><![CDATA[Michael Eckstein]]></wp:author_display_name><wp:author_first_name><![CDATA[]]></wp:author_first_name><wp:author_last_name><![CDATA[]]></wp:author_last_name></wp:author>

				
	<generator>https://wordpress.org/?v=6.2.2</generator>

<image>
	<url>https://diviedge.com/layout-design/gym/wp-content/uploads/sites/27/2023/04/cropped-logo-32x32.png</url>
	<title>Gym</title>
	<link>https://diviedge.com/layout-design/gym</link>
	<width>32</width>
	<height>32</height>
</image> 

		<item>
		<title><![CDATA[Join with us]]></title>
		<link>https://diviedge.com/layout-design/gym/?post_type=wpcf7_contact_form&#038;p=571</link>
		<pubDate>Thu, 06 Apr 2023 03:38:32 +0000</pubDate>
		<dc:creator><![CDATA[Diviflash]]></dc:creator>
		<guid isPermaLink="false">http://gym.test/?post_type=wpcf7_contact_form&#038;p=571</guid>
		<description></description>
		<content:encoded><![CDATA[<div id="responsive-form" class="clearfix">

<div class="form-row">
<div class="column-full column-space"> <h4 class="location"> Select Your GYM Location </h4> </div>
</div>

<div class="form-row">
<div class="column-full"> [select menu-796 "Ohio" "Utah" "Texas"] </div>
</div>

<div class="form-row">
<div class="column-full column-space"> <h4 class="program"> Select A Fitness Program </h4> </div>
</div>

<div class="form-row">
<div class="column-full"> [select menu-544 "Body Building" "Cardio Training" "Personal Training" "Weight Lifting"] </div>
</div>

<div class="form-row">
<div class="column-full column-space"> <h4 class="personal"> Personal Info. </h4> </div>
</div>

<div class="form-row">
<div class="column-half"> [text* fname placeholder "First Name"] </div>
<div class="column-half"> [text* lname placeholder "Last Name"] </div>
</div>

<div class="form-row">
<div class="column-half"> [email* your-email placeholder "Email"] </div>
<div class="column-half"> [date date-863] </div>
</div>

<div class="form-row">
<div class="column-full"> [text* address placeholder "Address"] </div>
</div>

<div class="form-row">
<div class="column-full"> [checkbox* checkbox-995 use_label_element "Yes, I approve text messages from gym & fitness"] </div>
</div>

<div class="form-row">
<div class="column-full"> [submit "Submit"] </div>
</div>

</div><!--end responsive-form-->
1
[_site_title] "[fname]"
[_site_title] <admin@diviedge.com>
[_site_admin_email]
From: [fname][lname]


Message Body:
GYM Location: [menu-796]
Fitness Program: [menu-544]
Name: [fname][lname]
Email: [your-email]
Date: [date-863]
Address: [address]

-- 
This e-mail was sent from a contact form on [_site_title] ([_site_url])
Reply-To: [your-email]




[_site_title] "[your-subject]"
[_site_title] <wordpress@gym.test>
[your-email]
Message Body:
[your-message]

-- 
This e-mail was sent from a contact form on [_site_title] ([_site_url])
Reply-To: [_site_admin_email]



Thank you for your message. It has been sent.
There was an error trying to send your message. Please try again later.
One or more fields have an error. Please check and try again.
There was an error trying to send your message. Please try again later.
You must accept the terms and conditions before sending your message.
Please fill out this field.
This field has a too long input.
This field has a too short input.
There was an unknown error uploading the file.
You are not allowed to upload files of this type.
The uploaded file is too large.
There was an error uploading the file.
Please enter a date in YYYY-MM-DD format.
This field has a too early date.
This field has a too late date.
Please enter a number.
This field has a too small number.
This field has a too large number.
The answer to the quiz is incorrect.
Please enter an email address.
Please enter a URL.
Please enter a telephone number.]]></content:encoded>
		<excerpt:encoded><![CDATA[]]></excerpt:encoded>
		<wp:post_id>571</wp:post_id>
		<wp:post_date><![CDATA[2023-04-06 03:38:32]]></wp:post_date>
		<wp:post_date_gmt><![CDATA[2023-04-06 03:38:32]]></wp:post_date_gmt>
		<wp:post_modified><![CDATA[2023-04-12 04:32:00]]></wp:post_modified>
		<wp:post_modified_gmt><![CDATA[2023-04-12 04:32:00]]></wp:post_modified_gmt>
		<wp:comment_status><![CDATA[closed]]></wp:comment_status>
		<wp:ping_status><![CDATA[closed]]></wp:ping_status>
		<wp:post_name><![CDATA[contact-form-1_copy]]></wp:post_name>
		<wp:status><![CDATA[publish]]></wp:status>
		<wp:post_parent>0</wp:post_parent>
		<wp:menu_order>0</wp:menu_order>
		<wp:post_type><![CDATA[wpcf7_contact_form]]></wp:post_type>
		<wp:post_password><![CDATA[]]></wp:post_password>
		<wp:is_sticky>0</wp:is_sticky>
														<wp:postmeta>
		<wp:meta_key><![CDATA[_form]]></wp:meta_key>
		<wp:meta_value><![CDATA[<div id="responsive-form" class="clearfix">

<div class="form-row">
<div class="column-full column-space"> <h4 class="location"> Select Your GYM Location </h4> </div>
</div>

<div class="form-row">
<div class="column-full"> [select menu-796 "Ohio" "Utah" "Texas"] </div>
</div>

<div class="form-row">
<div class="column-full column-space"> <h4 class="program"> Select A Fitness Program </h4> </div>
</div>

<div class="form-row">
<div class="column-full"> [select menu-544 "Body Building" "Cardio Training" "Personal Training" "Weight Lifting"] </div>
</div>

<div class="form-row">
<div class="column-full column-space"> <h4 class="personal"> Personal Info. </h4> </div>
</div>

<div class="form-row">
<div class="column-half"> [text* fname placeholder "First Name"] </div>
<div class="column-half"> [text* lname placeholder "Last Name"] </div>
</div>

<div class="form-row">
<div class="column-half"> [email* your-email placeholder "Email"] </div>
<div class="column-half"> [date date-863] </div>
</div>

<div class="form-row">
<div class="column-full"> [text* address placeholder "Address"] </div>
</div>

<div class="form-row">
<div class="column-full"> [checkbox* checkbox-995 use_label_element "Yes, I approve text messages from gym & fitness"] </div>
</div>

<div class="form-row">
<div class="column-full"> [submit "Submit"] </div>
</div>

</div><!--end responsive-form-->]]></wp:meta_value>
		</wp:postmeta>
							<wp:postmeta>
		<wp:meta_key><![CDATA[_mail]]></wp:meta_key>
		<wp:meta_value><![CDATA[a:9:{s:6:"active";b:1;s:7:"subject";s:23:"[_site_title] "[fname]"";s:6:"sender";s:34:"[_site_title] <admin@diviedge.com>";s:9:"recipient";s:19:"[_site_admin_email]";s:4:"body";s:243:"From: [fname][lname]


Message Body:
GYM Location: [menu-796]
Fitness Program: [menu-544]
Name: [fname][lname]
Email: [your-email]
Date: [date-863]
Address: [address]

-- 
This e-mail was sent from a contact form on [_site_title] ([_site_url])";s:18:"additional_headers";s:22:"Reply-To: [your-email]";s:11:"attachments";s:0:"";s:8:"use_html";b:0;s:13:"exclude_blank";b:0;}]]></wp:meta_value>
		</wp:postmeta>
							<wp:postmeta>
		<wp:meta_key><![CDATA[_mail_2]]></wp:meta_key>
		<wp:meta_value><![CDATA[a:9:{s:6:"active";b:0;s:7:"subject";s:30:"[_site_title] "[your-subject]"";s:6:"sender";s:34:"[_site_title] <wordpress@gym.test>";s:9:"recipient";s:12:"[your-email]";s:4:"body";s:105:"Message Body:
[your-message]

-- 
This e-mail was sent from a contact form on [_site_title] ([_site_url])";s:18:"additional_headers";s:29:"Reply-To: [_site_admin_email]";s:11:"attachments";s:0:"";s:8:"use_html";b:0;s:13:"exclude_blank";b:0;}]]></wp:meta_value>
		</wp:postmeta>
							<wp:postmeta>
		<wp:meta_key><![CDATA[_messages]]></wp:meta_key>
		<wp:meta_value><![CDATA[a:22:{s:12:"mail_sent_ok";s:45:"Thank you for your message. It has been sent.";s:12:"mail_sent_ng";s:71:"There was an error trying to send your message. Please try again later.";s:16:"validation_error";s:61:"One or more fields have an error. Please check and try again.";s:4:"spam";s:71:"There was an error trying to send your message. Please try again later.";s:12:"accept_terms";s:69:"You must accept the terms and conditions before sending your message.";s:16:"invalid_required";s:27:"Please fill out this field.";s:16:"invalid_too_long";s:32:"This field has a too long input.";s:17:"invalid_too_short";s:33:"This field has a too short input.";s:13:"upload_failed";s:46:"There was an unknown error uploading the file.";s:24:"upload_file_type_invalid";s:49:"You are not allowed to upload files of this type.";s:21:"upload_file_too_large";s:31:"The uploaded file is too large.";s:23:"upload_failed_php_error";s:38:"There was an error uploading the file.";s:12:"invalid_date";s:41:"Please enter a date in YYYY-MM-DD format.";s:14:"date_too_early";s:32:"This field has a too early date.";s:13:"date_too_late";s:31:"This field has a too late date.";s:14:"invalid_number";s:22:"Please enter a number.";s:16:"number_too_small";s:34:"This field has a too small number.";s:16:"number_too_large";s:34:"This field has a too large number.";s:23:"quiz_answer_not_correct";s:36:"The answer to the quiz is incorrect.";s:13:"invalid_email";s:30:"Please enter an email address.";s:11:"invalid_url";s:19:"Please enter a URL.";s:11:"invalid_tel";s:32:"Please enter a telephone number.";}]]></wp:meta_value>
		</wp:postmeta>
							<wp:postmeta>
		<wp:meta_key><![CDATA[_additional_settings]]></wp:meta_key>
		<wp:meta_value><![CDATA[]]></wp:meta_value>
		</wp:postmeta>
							<wp:postmeta>
		<wp:meta_key><![CDATA[_locale]]></wp:meta_key>
		<wp:meta_value><![CDATA[en_US]]></wp:meta_value>
		</wp:postmeta>
							</item>
				</channel>
</rss>
	