{"context":"et_divi_mods","data":{"static_css_custom_css_safety_check_done":true,"2_5_flush_rewrite_rules":"done","et_flush_rewrite_rules_library":"4.21.0","divi_previous_installed_version":"4.20.4","divi_latest_installed_version":"4.21.0","divi_skip_font_subset_force":true,"et_pb_clear_templates_cache":true,"builder_custom_defaults":[],"customizer_settings_migrated_flag":true,"builder_custom_defaults_unmigrated":false,"divi_email_provider_credentials_migrated":true,"custom_defaults_migrated_flag":true,"divi_1_3_images":"checked","et_pb_layouts_updated":true,"library_removed_legacy_layouts":true,"divi_2_4_documentation_message":"triggered","et_pb_post_type_integration":{"post":"on","page":"on","project":"on"},"et_pb_static_css_file":"off","et_pb_css_in_footer":"off","et_pb_product_tour_global":"on","et_enable_classic_editor":"off","presets_storage_migrated_flag":true,"builder_global_presets_history_migrated":true,"product_tour_status":{"1":"off"},"et_fb_pref_settings_bar_location":"bottom","et_fb_pref_builder_animation":"true","et_fb_pref_builder_display_modal_settings":"false","et_fb_pref_builder_enable_dummy_content":"true","et_fb_pref_builder_enable_visual_theme_builder":"true","et_fb_pref_event_mode":"hover","et_fb_pref_view_mode":"desktop","et_fb_pref_hide_disabled_modules":"false","et_fb_pref_history_intervals":1,"et_fb_pref_page_creation_flow":"default","et_fb_pref_quick_actions_always_start_with":"nothing","et_fb_pref_quick_actions_show_recent_queries":"off","et_fb_pref_quick_actions_recent_queries":"","et_fb_pref_quick_actions_recent_category":"","et_fb_pref_modal_preference":"default","et_fb_pref_modal_snap_location":"","et_fb_pref_modal_snap":"false","et_fb_pref_modal_fullscreen":"false","et_fb_pref_modal_dimension_width":432,"et_fb_pref_modal_dimension_height":581,"et_fb_pref_modal_position_x":1421,"et_fb_pref_modal_position_y":69,"et_fb_pref_toolbar_click":"false","et_fb_pref_toolbar_desktop":"true","et_fb_pref_toolbar_grid":"false","et_fb_pref_toolbar_hover":"false","et_fb_pref_toolbar_phone":"true","et_fb_pref_toolbar_tablet":"true","et_fb_pref_toolbar_wireframe":"true","et_fb_pref_toolbar_zoom":"true","et_fb_pref_lv_modal_dimension_height":0,"et_fb_pref_lv_modal_dimension_width":0,"et_fb_pref_lv_modal_position_x":0,"et_fb_pref_lv_modal_position_y":0,"et_fb_pref_responsive_tablet_width":768,"et_fb_pref_responsive_tablet_height":0,"et_fb_pref_responsive_phone_width":375,"et_fb_pref_responsive_phone_height":0,"et_fb_pref_responsive_minimum_width":320,"et_fb_pref_responsive_maximum_width":980,"content_width":1296,"footer_widget_text_color":"#ffffff","footer_widget_link_color":"#ffffff","heading_font":"Noto Sans","body_font":"Noto Sans","font_color":"#5c5c5c","header_color":"#1e1f1a","wp_custom_css":"body{\r\n\tfont-weight: 400 !important;\r\n}\r\n\/*=== Main menu ===*\/\r\n@media all and (min-width: 981px) and (max-width: 1100px) {\r\n\t.header_main_menu ul li a {\r\n\t\tfont-size: 14px !important;\r\n\t}\r\n\ta.et_pb_button.header_menu_button {\r\n\t\tpadding-right: 20px !important;\r\n\t\tpadding-left: 20px !important;\r\n\t}\r\n}\r\n@media all and (min-width: 981px) {\r\n\t.header_main_menu li.current-menu-item.current_page_item {\r\n\t\tborder: 1px solid #1E1F1A;\r\n\t\tmargin-top: 0px !important;\r\n\t\tpadding-top: 8px;\r\n\t\tborder-radius: 6px;\r\n\t}\t\r\n\t.header_main_menu ul.sub-menu {\r\n\t\twidth: 210px !important;\r\n\t\tpadding: 5px 0 !important;\r\n\t}\r\n\t.header_main_menu ul li ul.sub-menu li {\r\n\t\tpadding: 5px 5px;\t\t\r\n\t}\r\n\t.header_main_menu.et_pb_menu ul.nav li ul.sub-menu li a:hover, \r\n\t.header_main_menu.et_pb_menu ul.nav li ul.sub-menu li.current-menu-item.current_page_item a{\t\t\r\n\t\tbackground-color: #1e1f1a;\t\t\r\n\t\topacity: 1;\r\n\t\tcolor: #ffffff !important;\r\n\t}\r\n}\r\n\/*=== End ===*\/\r\n.home_table table tr td:hover {\r\n    background-color: #ebfd4a !important;\r\n}\r\n.home_table table tr td span {\r\n    font-size: 12px;\r\n    color: rgba(255,255,255,0.68);\r\n}\r\n.home_table table tr td:hover span {\r\n    font-size: 12px;\r\n    color: #101010 !important;\r\n}\r\n.home_table .df_dt_content tr:nth-child(n)>.df_dt_table_body_column_cell:not(.exclude_head_foot):first-child:hover {\r\n    color: #EBFD4A!important;\r\n    background-color: #000000 !important;\r\n}\r\n.featured_product .df_cci_image_container {\r\n    background-color: #F6F6F6;\r\n\tborder-radius: 5px;\r\n}\r\n.featured_product .et_pb_module:hover .df_cci_image_container {\r\n    background-color: #EBFD4A;\r\n\tborder-radius: 5px;\r\n}\r\n.trainer_person .df_ap_person_desc_wrapper {\r\n    clip-path: polygon(-1% 35%, 101% 0%, 100% 109%, 0% 100%);\r\n}\r\n.special_plan .et_pb_row {\r\n    display: flex;\r\n    align-items: center;\r\n}\r\n@media all and (max-width: 980px) {\r\n\t.special_plan .et_pb_row {\r\n\t\tdisplay: flex;\r\n\t\tflex-direction: column;\r\n\t}\r\n}\r\n\/*=== CONTACT US ===*\/\r\n.contact_faq .et_pb_toggle_open .et_pb_toggle_title:before {\r\n\tdisplay: block !important;\r\n    color: #ffffff;\r\n    font-family: FontAwesome!important;\r\n    font-weight: 900!important;\r\n    content: \"\\f106\"!important;\r\n}\r\n\/*=== FOOTER ===*\/\r\n.footer_blurb .et_pb_blurb_container {\r\n    vertical-align: middle;\r\n}\r\n\/***************************\r\ncontact form 7 two column css\r\n******************************\/\r\n\r\n#responsive-form{\r\n\tmax-width: 615px;\r\n\tmargin:0 auto;\r\n\twidth:100%;\r\n}\r\n.form-row{\r\n\twidth: 100%;\r\n}\r\n.column-half, .column-full{\r\n\tfloat: left;\r\n\tposition: relative;\r\n\tpadding: 8px;\r\n\twidth:100%;\r\n\t-webkit-box-sizing: border-box;\r\n    -moz-box-sizing: border-box;\r\n    box-sizing: border-box;\r\n}\r\n.column-full h4 {\r\n    padding-bottom: 0px !important;\r\n}\r\n.clearfix:after {\r\n\tcontent: \"\";\r\n\tdisplay: table;\r\n\tclear: both;\r\n}\r\n.column-full h4.location:before {\r\n    content: \"\\e081\";\r\n}\r\n.column-full h4.program:before {\r\n    content: \"\\e088\";\r\n}\r\n.column-full h4.personal:before {\r\n    content: \"\\e08a\";\r\n}\r\n.column-full h4:before {\r\n    font-family: 'ETmodules';\r\n    color: #EBFD4A;\r\n    background-color: #1E1F1A;\r\n    border-radius: 100%;\r\n    padding: 10px;\r\n    font-size: 20px;\r\n\tmargin-right: 10px;\r\n}\r\n.form-row .column-space {\r\n    padding-top: 40px;\r\n    padding-bottom: 24px;\r\n}\r\n.form-row:first-child .column-space {\r\n    padding-top: 0px;\r\n}\r\n\r\n.wpcf7 input[type=\"text\"], .wpcf7 input[type=\"email\"], .wpcf7 input[type=\"date\"], .wpcf7 select {\r\n\twidth: 100%;\r\n\tpadding: 14px;\r\n\tborder: 1px solid #e8e8e8;\r\n\tborder-radius: 4px;\r\n\t-webkit-box-sizing: border-box;\r\n\t-moz-box-sizing: border-box;\r\n    box-sizing: border-box\r\n}\r\n.wpcf7 input[type=\"text\"]:focus{\r\n\tbackground: #fff;\r\n}\r\n.wpcf7-submit{\r\n\tfloat: none;\r\n\tbackground: #1E1F1A;\r\n\tcolor: #fff;\r\n\ttext-transform: uppercase;\r\n\tborder: 1px solid #1e1f1a;\r\n\tborder-radius: 4px;\r\n\tpadding: 16px 20px;\r\n\tcursor: pointer;\r\n\twidth: 100%;\r\n}\r\n.wpcf7-submit:hover{\r\n\tbackground: #ffffff;\r\n\tcolor: #1e1f1a;\r\n}\r\nspan.wpcf7-not-valid-tip{\r\n\ttext-shadow: none;\r\n\tfont-size: 12px;\r\n\tcolor: #fff;\r\n\tbackground: #ff0000;\r\n\tpadding: 5px;\r\n}\r\ndiv.wpcf7-validation-errors {\r\n\ttext-shadow: none;\r\n\tborder: transparent;\r\n\tbackground: #f9cd00;\r\n\tpadding: 5px;\r\n\tcolor: #9C6533;\r\n\ttext-align: center;\r\n\tmargin: 0;\r\n\tfont-size: 12px;\r\n}\r\ndiv.wpcf7-mail-sent-ok{\r\n\ttext-align: center;\r\n\ttext-shadow: none;\r\n\tpadding: 5px;\r\n\tfont-size: 12px;\r\n\tbackground: #fff;\r\n\tborder-color: #1e1f1a;\r\n\tcolor: #1e1f1a;\r\n\tmargin: 0;\r\n}\r\n.wpcf7-spinner {\r\n    width: 10px;\r\n    height: 10px;\r\n}\r\n\r\n\/**---------------- Media query ----------------**\/\r\n@media only screen and (min-width: 615px) { \r\n\t.column-half{\r\n\t\twidth: 50%;\r\n\t}\r\n}","divi_favicon":"","et_pb_woocommerce_product_layout":"et_right_sidebar","et_pb_woocommerce_page_layout":"et_build_from_scratch"},"presets":"","global_colors":"","images":[],"thumbnails":[]}