{"context":"epanel","data":{"divi_logo":"","divi_fixed_nav":"on","divi_gallery_layout_enable":"false","divi_color_palette":"#000000|#ffffff|#e02b20|#e09900|#5c5c5c|#515904|#ebfd4a|#1e1f1a","divi_grab_image":"false","divi_blog_style":"false","divi_sidebar":"et_right_sidebar","divi_shop_page_sidebar":"et_right_sidebar","divi_gf_enable_all_character_sets":"false","divi_show_facebook_icon":"on","divi_show_twitter_icon":"on","divi_show_instagram_icon":"on","divi_show_rss_icon":"on","divi_facebook_url":"#","divi_twitter_url":"#","divi_instagram_url":"#","divi_rss_url":"","divi_woocommerce_archive_num_posts":9,"divi_catnum_posts":6,"divi_archivenum_posts":5,"divi_searchnum_posts":5,"divi_tagnum_posts":5,"divi_date_format":"M j, Y","divi_use_excerpt":"false","divi_back_to_top":"on","divi_smooth_scroll":"false","divi_disable_translations":"false","divi_enable_responsive_images":"on","divi_custom_css":"body{\r\n\tfont-weight: 400 !important;\r\n}\r\n\/*=== Main menu ===*\/\r\n@media all and (min-width: 981px) and (max-width: 1100px) {\r\n\t.header_main_menu ul li a {\r\n\t\tfont-size: 14px !important;\r\n\t}\r\n\ta.et_pb_button.header_menu_button {\r\n\t\tpadding-right: 20px !important;\r\n\t\tpadding-left: 20px !important;\r\n\t}\r\n}\r\n@media all and (min-width: 981px) {\r\n\t.header_main_menu li.current-menu-item.current_page_item {\r\n\t\tborder: 1px solid #1E1F1A;\r\n\t\tmargin-top: 0px !important;\r\n\t\tpadding-top: 8px;\r\n\t\tborder-radius: 6px;\r\n\t}\t\r\n\t.header_main_menu ul.sub-menu {\r\n\t\twidth: 210px !important;\r\n\t\tpadding: 5px 0 !important;\r\n\t}\r\n\t.header_main_menu ul li ul.sub-menu li {\r\n\t\tpadding: 5px 5px;\t\t\r\n\t}\r\n\t.header_main_menu.et_pb_menu ul.nav li ul.sub-menu li a:hover, \r\n\t.header_main_menu.et_pb_menu ul.nav li ul.sub-menu li.current-menu-item.current_page_item a{\t\t\r\n\t\tbackground-color: #1e1f1a;\t\t\r\n\t\topacity: 1;\r\n\t\tcolor: #ffffff !important;\r\n\t}\r\n}\r\n\/*=== End ===*\/\r\n.home_table table tr td:hover {\r\n    background-color: #ebfd4a !important;\r\n}\r\n.home_table table tr td span {\r\n    font-size: 12px;\r\n    color: rgba(255,255,255,0.68);\r\n}\r\n.home_table table tr td:hover span {\r\n    font-size: 12px;\r\n    color: #101010 !important;\r\n}\r\n.home_table .df_dt_content tr:nth-child(n)>.df_dt_table_body_column_cell:not(.exclude_head_foot):first-child:hover {\r\n    color: #EBFD4A!important;\r\n    background-color: #000000 !important;\r\n}\r\n.featured_product .df_cci_image_container {\r\n    background-color: #F6F6F6;\r\n\tborder-radius: 5px;\r\n}\r\n.featured_product .et_pb_module:hover .df_cci_image_container {\r\n    background-color: #EBFD4A;\r\n\tborder-radius: 5px;\r\n}\r\n.trainer_person .df_ap_person_desc_wrapper {\r\n    clip-path: polygon(-1% 35%, 101% 0%, 100% 109%, 0% 100%);\r\n}\r\n.special_plan .et_pb_row {\r\n    display: flex;\r\n    align-items: center;\r\n}\r\n@media all and (max-width: 980px) {\r\n\t.special_plan .et_pb_row {\r\n\t\tdisplay: flex;\r\n\t\tflex-direction: column;\r\n\t}\r\n}\r\n\/*=== CONTACT US ===*\/\r\n.contact_faq .et_pb_toggle_open .et_pb_toggle_title:before {\r\n\tdisplay: block !important;\r\n    color: #ffffff;\r\n    font-family: FontAwesome!important;\r\n    font-weight: 900!important;\r\n    content: \"\\f106\"!important;\r\n}\r\n\/*=== FOOTER ===*\/\r\n.footer_blurb .et_pb_blurb_container {\r\n    vertical-align: middle;\r\n}\r\n\/***************************\r\ncontact form 7 two column css\r\n******************************\/\r\n\r\n#responsive-form{\r\n\tmax-width: 615px;\r\n\tmargin:0 auto;\r\n\twidth:100%;\r\n}\r\n.form-row{\r\n\twidth: 100%;\r\n}\r\n.column-half, .column-full{\r\n\tfloat: left;\r\n\tposition: relative;\r\n\tpadding: 8px;\r\n\twidth:100%;\r\n\t-webkit-box-sizing: border-box;\r\n    -moz-box-sizing: border-box;\r\n    box-sizing: border-box;\r\n}\r\n.column-full h4 {\r\n    padding-bottom: 0px !important;\r\n}\r\n.clearfix:after {\r\n\tcontent: \"\";\r\n\tdisplay: table;\r\n\tclear: both;\r\n}\r\n.column-full h4.location:before {\r\n    content: \"\\e081\";\r\n}\r\n.column-full h4.program:before {\r\n    content: \"\\e088\";\r\n}\r\n.column-full h4.personal:before {\r\n    content: \"\\e08a\";\r\n}\r\n.column-full h4:before {\r\n    font-family: 'ETmodules';\r\n    color: #EBFD4A;\r\n    background-color: #1E1F1A;\r\n    border-radius: 100%;\r\n    padding: 10px;\r\n    font-size: 20px;\r\n\tmargin-right: 10px;\r\n}\r\n.form-row .column-space {\r\n    padding-top: 40px;\r\n    padding-bottom: 24px;\r\n}\r\n.form-row:first-child .column-space {\r\n    padding-top: 0px;\r\n}\r\n\r\n.wpcf7 input[type=\"text\"], .wpcf7 input[type=\"email\"], .wpcf7 input[type=\"date\"], .wpcf7 select {\r\n\twidth: 100%;\r\n\tpadding: 14px;\r\n\tborder: 1px solid #e8e8e8;\r\n\tborder-radius: 4px;\r\n\t-webkit-box-sizing: border-box;\r\n\t-moz-box-sizing: border-box;\r\n    box-sizing: border-box\r\n}\r\n.wpcf7 input[type=\"text\"]:focus{\r\n\tbackground: #fff;\r\n}\r\n.wpcf7-submit{\r\n\tfloat: none;\r\n\tbackground: #1E1F1A;\r\n\tcolor: #fff;\r\n\ttext-transform: uppercase;\r\n\tborder: 1px solid #1e1f1a;\r\n\tborder-radius: 4px;\r\n\tpadding: 16px 20px;\r\n\tcursor: pointer;\r\n\twidth: 100%;\r\n}\r\n.wpcf7-submit:hover{\r\n\tbackground: #ffffff;\r\n\tcolor: #1e1f1a;\r\n}\r\nspan.wpcf7-not-valid-tip{\r\n\ttext-shadow: none;\r\n\tfont-size: 12px;\r\n\tcolor: #fff;\r\n\tbackground: #ff0000;\r\n\tpadding: 5px;\r\n}\r\ndiv.wpcf7-validation-errors {\r\n\ttext-shadow: none;\r\n\tborder: transparent;\r\n\tbackground: #f9cd00;\r\n\tpadding: 5px;\r\n\tcolor: #9C6533;\r\n\ttext-align: center;\r\n\tmargin: 0;\r\n\tfont-size: 12px;\r\n}\r\ndiv.wpcf7-mail-sent-ok{\r\n\ttext-align: center;\r\n\ttext-shadow: none;\r\n\tpadding: 5px;\r\n\tfont-size: 12px;\r\n\tbackground: #fff;\r\n\tborder-color: #1e1f1a;\r\n\tcolor: #1e1f1a;\r\n\tmargin: 0;\r\n}\r\n.wpcf7-spinner {\r\n    width: 10px;\r\n    height: 10px;\r\n}\r\n\r\n\/**---------------- Media query ----------------**\/\r\n@media only screen and (min-width: 615px) { \r\n\t.column-half{\r\n\t\twidth: 50%;\r\n\t}\r\n}","divi_dynamic_module_framework":"false","divi_dynamic_css":"false","divi_dynamic_icons":"on","divi_inline_stylesheet":"on","divi_critical_css":"false","divi_critical_threshold_height":"Medium","divi_dynamic_js_libraries":"on","divi_disable_emojis":"on","divi_defer_block_css":"on","divi_google_fonts_inline":"on","divi_limit_google_fonts_support_for_legacy_browsers":"on","divi_enable_jquery_body":"on","divi_enable_jquery_compatibility":"on","divi_enable_jquery_body_super":"false","divi_enable_dropdowns":"on","divi_home_link":"on","divi_sort_pages":"post_title","divi_order_page":"asc","divi_tiers_shown_pages":3,"divi_enable_dropdowns_categories":"on","divi_categories_empty":"on","divi_tiers_shown_categories":3,"divi_sort_cat":"name","divi_order_cat":"asc","divi_disable_toptier":"false","divi_postinfo2":["author","date","categories","comments"],"divi_show_postcomments":"on","divi_thumbnails":"on","divi_page_thumbnails":"false","divi_show_pagescomments":"false","divi_postinfo1":["author","date","categories"],"divi_thumbnails_index":"on","divi_seo_home_title":"false","divi_seo_home_description":"false","divi_seo_home_keywords":"false","divi_seo_home_canonical":"false","divi_seo_home_titletext":"","divi_seo_home_descriptiontext":"","divi_seo_home_keywordstext":"","divi_seo_home_type":"BlogName | Blog description","divi_seo_home_separate":" | ","divi_seo_single_title":"false","divi_seo_single_description":"false","divi_seo_single_keywords":"false","divi_seo_single_canonical":"false","divi_seo_single_field_title":"seo_title","divi_seo_single_field_description":"seo_description","divi_seo_single_field_keywords":"seo_keywords","divi_seo_single_type":"Post title | BlogName","divi_seo_single_separate":" | ","divi_seo_index_canonical":"false","divi_seo_index_description":"false","divi_seo_index_type":"Category name | BlogName","divi_seo_index_separate":" | ","divi_integrate_header_enable":"on","divi_integrate_body_enable":"on","divi_integrate_singletop_enable":"on","divi_integrate_singlebottom_enable":"on","divi_integration_head":"","divi_integration_body":"","divi_integration_single_top":"","divi_integration_single_bottom":"","divi_468_enable":"false","divi_468_image":"","divi_468_url":"","divi_468_adsense":"","et_google_api_settings":{"use_google_fonts":"on","enqueue_google_maps_script":"on"}},"presets":"","global_colors":"","images":[],"thumbnails":[]}