{"context":"et_divi_mods","data":{"static_css_custom_css_safety_check_done":true,"2_5_flush_rewrite_rules":"done","et_flush_rewrite_rules_library":"4.19.5","divi_previous_installed_version":"4.12.1","divi_latest_installed_version":"4.19.5","divi_skip_font_subset_force":true,"et_pb_clear_templates_cache":true,"builder_custom_defaults":[],"customizer_settings_migrated_flag":true,"builder_custom_defaults_unmigrated":false,"divi_email_provider_credentials_migrated":true,"custom_defaults_migrated_flag":true,"divi_1_3_images":"checked","et_pb_layouts_updated":true,"library_removed_legacy_layouts":true,"divi_2_4_documentation_message":"triggered","et_pb_post_type_integration":{"post":"on","page":"on","project":"on","property":"off"},"et_pb_static_css_file":"off","et_pb_css_in_footer":"off","et_pb_product_tour_global":"on","et_enable_classic_editor":"off","presets_storage_migrated_flag":true,"builder_global_presets_history_migrated":true,"content_width":1296,"footer_widget_text_color":"#ffffff","footer_widget_link_color":"#ffffff","heading_font":"Manrope","body_font":"Manrope","menu_link":"#041c2d","menu_link_active":"#005fa6","primary_nav_dropdown_bg":"#005fa6","primary_nav_dropdown_link_color":"#ffffff","show_search_icon":false,"primary_nav_font_size":16,"minimized_menu_height":50,"fixed_primary_nav_font_size":16,"fixed_menu_link":"#041c2d","fixed_menu_link_active":"#005fa6","divi_favicon":"","product_tour_status":{"1":"off"},"et_fb_pref_settings_bar_location":"bottom","et_fb_pref_builder_animation":"true","et_fb_pref_builder_display_modal_settings":"false","et_fb_pref_builder_enable_dummy_content":"true","et_fb_pref_builder_enable_visual_theme_builder":"true","et_fb_pref_event_mode":"hover","et_fb_pref_view_mode":"desktop","et_fb_pref_hide_disabled_modules":"false","et_fb_pref_history_intervals":1,"et_fb_pref_page_creation_flow":"default","et_fb_pref_quick_actions_always_start_with":"nothing","et_fb_pref_quick_actions_show_recent_queries":"off","et_fb_pref_quick_actions_recent_queries":"","et_fb_pref_quick_actions_recent_category":"","et_fb_pref_modal_preference":"default","et_fb_pref_modal_snap_location":"","et_fb_pref_modal_snap":"false","et_fb_pref_modal_fullscreen":"false","et_fb_pref_modal_dimension_width":400,"et_fb_pref_modal_dimension_height":498,"et_fb_pref_modal_position_x":510,"et_fb_pref_modal_position_y":165,"et_fb_pref_toolbar_click":"false","et_fb_pref_toolbar_desktop":"true","et_fb_pref_toolbar_grid":"false","et_fb_pref_toolbar_hover":"false","et_fb_pref_toolbar_phone":"true","et_fb_pref_toolbar_tablet":"true","et_fb_pref_toolbar_wireframe":"true","et_fb_pref_toolbar_zoom":"true","et_fb_pref_lv_modal_dimension_height":0,"et_fb_pref_lv_modal_dimension_width":0,"et_fb_pref_lv_modal_position_x":0,"et_fb_pref_lv_modal_position_y":0,"et_fb_pref_responsive_tablet_width":768,"et_fb_pref_responsive_tablet_height":0,"et_fb_pref_responsive_phone_width":375,"et_fb_pref_responsive_phone_height":0,"et_fb_pref_responsive_minimum_width":320,"et_fb_pref_responsive_maximum_width":980,"menu_height":50,"primary_nav_dropdown_line_color":"#005fa6","wp_custom_css":"body{\r\n\tfont-weight: 400;\r\n}\r\n\/*=== Header ===*\/\r\n@media all and (min-width: 981px) {\r\n#main-header{\r\n\tbox-shadow: none;\r\n}\r\n#main-header.et-fixed-header .nav li ul a {\r\n    color: #ffffff !important;\r\n}\r\ndiv#et-top-navigation {\r\n    padding-top: 15px !important;\r\n    padding-bottom: 15px !important;\r\n}\r\ndiv#et-top-navigation ul li a {\r\n    padding-bottom: 19px !important;\r\n}\r\n#top-menu-nav>ul>li>a:hover{\r\n\topacity: 1 !important;\r\n\tcolor: #005FA6;\r\n}\r\n#main-header ul.sub-menu {\r\n    border-radius: 6px;\r\n}\r\n#main-header .nav li ul a, #main-header.et-fixed-header .nav li ul a {\r\n    color: #ffffff;\r\n    padding: 9px !important;\r\n    border-radius: 6px !important;\r\n}\r\n#main-header .nav li ul a:hover, #main-header.et-fixed-header .nav li ul a:hover {\r\n    background-color: #fff !important;\r\n    color: #005fa6 !important;\r\n    opacity: 1;\r\n    padding: 9px !important;\r\n    border-radius: 6px;\r\n}\r\n}\r\n.mobile_menu_bar.mobile_menu_bar_toggle:before {\r\n    color: #85bf39;\r\n}\r\n\/*menu button*\/\r\n#top-menu li.menu_button a {\r\n\tbackground-color: #85BF39;\r\n    padding: 18px 32px!important;\r\n    border-radius: 30px;\r\n    color: #fff !important;\r\n}\r\n#top-menu li.menu_button a:hover {\r\n\tbackground-color: #005FA6;\r\n    padding: 18px 32px!important;\r\n    border-radius: 30px;\r\n    color: #fff !important;\r\n}\r\n#top-menu li.menu_button a:before {\r\n    content: \"\\e090\";\r\n    font-family: 'ETmodules';\r\n    padding-right: 8px;\r\n}\r\n@media all and (min-width: 981px) and (max-width: 1120px) {\r\n\t#top-menu-nav .nav li:not(:last-child) {\r\n\t\tpadding-right: 14px;\r\n\t}\r\n\t#top-menu li a {\r\n\t\tfont-size: 14px;\r\n\t}\r\n\t#top-menu li.menu_button a {\r\n\t\tpadding: 12px 20px!important;\r\n\t}\r\n}\r\n\/*=== HOME PAGE ===*\/\r\n.home_property_one article {\r\n    padding-bottom: 0px !important;\r\n}\r\n\/*=== ABOUT US PAGE ===*\/\r\n.about_special_property .et_pb_row {\r\n    display: flex;\r\n    align-items: center;\r\n}\r\n@media all and (max-width: 980px) {\r\n\t.about_special_property .et_pb_row {\r\n    \tdisplay: flex;\r\n\t\tflex-direction: column;\r\n\t}\r\n}\r\n.about_faq .et_pb_toggle_open .et_pb_toggle_title:before {\r\n    display: block !important;\r\n    content: \"\\42\" !important;\r\n    color: #005fa6;\r\n}\r\n\/*=== AGENT DETAILS ===*\/\/*\r\n.agentdetails_blurb .et_pb_blurb_description {\r\n    background-color: #DAE2E6;\r\n    text-transform: uppercase;\r\n    padding: 8px 16px;\r\n    border-radius: 5px;\r\n    margin-right: 10px;\r\n}*\/\r\n.agent_special_section .et_pb_row {\r\n    box-shadow: 0 0 30px rgba(0,0,0,0.06);\r\n    border-radius: 6px;\r\n\tpadding: 45px;\r\n}\r\n@media all and (min-width: 768px) and (max-width: 980px) {\r\n\t.agent_special_section .et_pb_row {\r\n\t\tpadding: 30px;\r\n\t}\r\n}\r\n@media all and (max-width: 767px) {\r\n\t.agent_special_section .et_pb_row {\r\n\t\tpadding: 20px;\r\n\t}\r\n}\r\n\/*=== PROPERTY ===*\/\r\n.search_property .search-container {\r\n    width: 180px;\r\n}\r\n.search_property .search-container ul.autocomplete-list {\r\n    background-color: #85BF39;\r\n}\r\n.search_property .search-container ul.autocomplete-list li {\r\n    color: #fff;\r\n}\r\n\r\n\/*=== PROPERTY DETAILS ===*\/\r\n.property_agent_blurb .et_pb_blurb_container {\r\n    vertical-align: middle;\r\n}\r\n.property_contact .et_contact_bottom_container {\r\n    width: 100%;\r\n}\r\n@media all and (max-width: 767px) {\r\n\t.property_agent_blurb .et_pb_image_wrap {\r\n\t\tmargin-left: 0px;\r\n\t}\r\n}\r\n\/*=== SINGLE POST ===*\/\r\n.et-shadow {\r\n    border: 0px solid #ddd !important;\r\n}\r\n.et-box {\r\n    box-shadow: none !important;\r\n}\r\n.et-shadow .et-box-content {\r\n    color: #223B4D !important;\r\n    background: #EBF2F7 !important;\r\n    padding: 32px !important;\r\n    border-radius: 6px !important;\r\n    box-shadow: none !important;\r\n}\r\n.posttags .et_pb_text_inner {\r\n    margin-left: 60px;\r\n    background-color: #F1F2F4;\r\n    width: fit-content;\r\n    padding: 8px 16px;\r\n    border-radius: 6px;\r\n}\r\n@media all and (min-width: 980px) {\r\n\t.relatedpost .et_pb_blog_grid article {\r\n\t\tmargin-bottom: 0px !important;\r\n\t}\r\n}\r\n.relatedpost .et_pb_blog_grid article {\r\n\tpadding: 0px!important;\r\n}\r\n.relatedpost .et_pb_image_container {\r\n    margin: 0px !important;\r\n}\r\n.relatedpost .et_pb_image_container a {\r\n    margin-bottom: 15px;\r\n}\r\n\/*=== Footer ===*\/\r\n.footer_contact .et_pb_blurb_container {\r\n    vertical-align: middle !important;\r\n}"},"presets":"","global_colors":"","images":[],"thumbnails":[]}