{"context":"et_divi_mods","data":{"static_css_custom_css_safety_check_done":true,"2_5_flush_rewrite_rules":"done","et_flush_rewrite_rules_library":"4.19.4","divi_previous_installed_version":"4.12.1","divi_latest_installed_version":"4.19.4","divi_skip_font_subset_force":true,"et_pb_clear_templates_cache":true,"builder_custom_defaults":[],"customizer_settings_migrated_flag":true,"builder_custom_defaults_unmigrated":false,"divi_email_provider_credentials_migrated":true,"custom_defaults_migrated_flag":true,"divi_1_3_images":"checked","et_pb_layouts_updated":true,"library_removed_legacy_layouts":true,"divi_2_4_documentation_message":"triggered","et_pb_post_type_integration":{"post":"on","page":"on","project":"on"},"et_pb_static_css_file":"off","et_pb_css_in_footer":"off","et_pb_product_tour_global":"on","et_enable_classic_editor":"on","presets_storage_migrated_flag":true,"builder_global_presets_history_migrated":true,"content_width":1296,"footer_widget_text_color":"#ffffff","footer_widget_link_color":"#ffffff","heading_font":"Source Sans Pro","body_font":"Source Sans Pro","divi_favicon":"","product_tour_status":{"1":"off"},"et_fb_pref_settings_bar_location":"bottom","et_fb_pref_builder_animation":"true","et_fb_pref_builder_display_modal_settings":"false","et_fb_pref_builder_enable_dummy_content":"true","et_fb_pref_builder_enable_visual_theme_builder":"true","et_fb_pref_event_mode":"hover","et_fb_pref_view_mode":"desktop","et_fb_pref_hide_disabled_modules":"false","et_fb_pref_history_intervals":1,"et_fb_pref_page_creation_flow":"default","et_fb_pref_quick_actions_always_start_with":"nothing","et_fb_pref_quick_actions_show_recent_queries":"off","et_fb_pref_quick_actions_recent_queries":"","et_fb_pref_quick_actions_recent_category":"","et_fb_pref_modal_preference":"default","et_fb_pref_modal_snap_location":"","et_fb_pref_modal_snap":"false","et_fb_pref_modal_fullscreen":"false","et_fb_pref_modal_dimension_width":406,"et_fb_pref_modal_dimension_height":567,"et_fb_pref_modal_position_x":147,"et_fb_pref_modal_position_y":84,"et_fb_pref_toolbar_click":"false","et_fb_pref_toolbar_desktop":"true","et_fb_pref_toolbar_grid":"false","et_fb_pref_toolbar_hover":"false","et_fb_pref_toolbar_phone":"true","et_fb_pref_toolbar_tablet":"true","et_fb_pref_toolbar_wireframe":"true","et_fb_pref_toolbar_zoom":"true","et_fb_pref_lv_modal_dimension_height":0,"et_fb_pref_lv_modal_dimension_width":0,"et_fb_pref_lv_modal_position_x":0,"et_fb_pref_lv_modal_position_y":0,"et_fb_pref_responsive_tablet_width":768,"et_fb_pref_responsive_tablet_height":0,"et_fb_pref_responsive_phone_width":375,"et_fb_pref_responsive_phone_height":0,"et_fb_pref_responsive_minimum_width":320,"et_fb_pref_responsive_maximum_width":980,"bottom_bar_background_color":"#00cc7c","bottom_bar_text_color":"#ffffff","bottom_bar_social_icon_size":16,"bottom_bar_social_icon_color":"#ffffff","custom_footer_credits":"Copyright 2023 by <a href=\"#\" target=\"_blank\">DiviFlash<\/a> All rights reserved","bottom_bar_font_size":16,"show_search_icon":false,"menu_height":86,"logo_height":60,"minimized_menu_height":86,"primary_nav_font_size":16,"primary_nav_font":"Source Sans Pro","menu_link":"#0e151a","menu_link_active":"#009e60","wp_custom_css":"h1, h2, h3, h4, h5, h6 {\r\n    padding-bottom: 0px;\r\n}\r\n\/*=== Menu Underline ===*\/\r\n#top-menu li a.df-menu-active {\r\n    color: #009E60 !important;\r\n}\r\n#top-menu li a:hover:before, #top-menu li a.df-menu-active:before {\r\n    transform: scaleX(1);\r\n    color: #009E60 !important;\r\n}\r\n#top-menu li a:before {\r\n    content: \"\";\r\n    display: block;\r\n    width: 100%;\r\n    left: 0;\r\n    right: auto;\r\n    height: 3px;\r\n    background-color: #009E60;\r\n    position: absolute;\r\n    top: -42px;\r\n    transition: all .3s ease;\r\n    transform: scaleX(0);\r\n    transform-origin: left;\r\n}\r\n\r\n@media all and (min-width: 981px) and (max-width: 1185px) {\r\n\t#top-menu li a {\r\n\t\tfont-size: 13px;\r\n\t}\r\n\t#top-menu li {\r\n\t\tpadding-right: 12px;\r\n\t}\t\r\n}\r\n\r\n\/*=== End ===*\/\r\n.ebook_newsletter .et_pb_newsletter_footer {\r\n    margin-top: 0px;\r\n}\r\n\r\n\/*=== Footer ===*\/\r\n#footer-widgets {\r\n    display: none;\r\n}\r\n#footer-bottom .container {\r\n    display: flex;\r\n    flex-direction: row;\r\n    justify-content: space-between;\r\n}\r\n#footer-bottom .et-social-icons {\r\n    float: left;\r\n    width: 100%;\r\n}\r\n#footer-bottom .et-social-icons li:first-child {\r\n    margin-left: 10px !important;\r\n}\r\nul.et-social-icons:before {\r\n    content: \"Follow Us:\";\r\n    font-size: 16px;\r\n    color: #fff;\r\n}\r\n#footer-bottom #footer-info {\r\n    width: 100%;\r\n    text-align: right;\r\n}\r\n@media all and (max-width: 980px) {\r\n\t#footer-bottom #footer-info {\r\n\t\ttext-align: center;\r\n\t}\r\n\t#footer-bottom .container {\r\n\t\tflex-direction: column;\r\n\t\twidth: 90%;\r\n\t}\r\n}","primary_nav_dropdown_line_color":"#009e60","accent_color":"#009e60"},"presets":"","global_colors":"","images":[],"thumbnails":[]}