{"context":"et_divi_mods","data":{"static_css_custom_css_safety_check_done":true,"2_5_flush_rewrite_rules":"done","et_flush_rewrite_rules_library":"4.10.6","divi_previous_installed_version":"4.9.2","divi_latest_installed_version":"4.10.6","divi_skip_font_subset_force":true,"et_pb_clear_templates_cache":true,"builder_custom_defaults":[],"customizer_settings_migrated_flag":true,"builder_custom_defaults_unmigrated":false,"divi_email_provider_credentials_migrated":true,"builder_global_presets":[],"custom_defaults_migrated_flag":true,"divi_1_3_images":"checked","et_pb_layouts_updated":true,"library_removed_legacy_layouts":true,"divi_2_4_documentation_message":"triggered","product_tour_status":{"1":"off"},"et_fb_pref_settings_bar_location":"bottom","et_fb_pref_builder_animation":"true","et_fb_pref_builder_display_modal_settings":"false","et_fb_pref_builder_enable_dummy_content":"true","et_fb_pref_event_mode":"hover","et_fb_pref_view_mode":"desktop","et_fb_pref_hide_disabled_modules":"false","et_fb_pref_history_intervals":1,"et_fb_pref_page_creation_flow":"default","et_fb_pref_quick_actions_always_start_with":"nothing","et_fb_pref_quick_actions_show_recent_queries":"off","et_fb_pref_quick_actions_recent_queries":"","et_fb_pref_quick_actions_recent_category":"","et_fb_pref_modal_preference":"default","et_fb_pref_modal_snap_location":"","et_fb_pref_modal_snap":"false","et_fb_pref_modal_fullscreen":"false","et_fb_pref_modal_dimension_width":470,"et_fb_pref_modal_dimension_height":418,"et_fb_pref_modal_position_x":792,"et_fb_pref_modal_position_y":115,"et_fb_pref_toolbar_click":"false","et_fb_pref_toolbar_desktop":"true","et_fb_pref_toolbar_grid":"false","et_fb_pref_toolbar_hover":"false","et_fb_pref_toolbar_phone":"true","et_fb_pref_toolbar_tablet":"true","et_fb_pref_toolbar_wireframe":"true","et_fb_pref_toolbar_zoom":"true","et_fb_pref_lv_modal_dimension_height":444,"et_fb_pref_lv_modal_dimension_width":300,"et_fb_pref_lv_modal_position_x":128,"et_fb_pref_lv_modal_position_y":160,"et_fb_pref_responsive_tablet_width":768,"et_fb_pref_responsive_tablet_height":0,"et_fb_pref_responsive_phone_width":400,"et_fb_pref_responsive_phone_height":0,"et_fb_pref_responsive_minimum_width":320,"et_fb_pref_responsive_maximum_width":980,"menu_link":"#ffffff","menu_link_active":"#4c6dff","primary_nav_bg":"#020202","footer_widget_text_color":"#ffffff","footer_widget_link_color":"#ffffff","content_width":1200,"show_search_icon":false,"et_pb_post_type_integration":{"post":"on","page":"on","project":"on"},"et_pb_static_css_file":"on","et_pb_css_in_footer":"off","et_pb_product_tour_global":"on","et_enable_classic_editor":"off","fixed_primary_nav_bg":"#020202","primary_nav_font_style":"bold","minimized_menu_height":60,"fixed_secondary_nav_bg":"#020202","wp_custom_css":".et_pb_section {background-color:transparent;}","heading_font":"Poppins","body_font":"Poppins","primary_nav_font":"Poppins","divi_favicon":""},"presets":"","global_colors":"","images":[],"thumbnails":[]}