{"context":"et_divi_mods","data":{"static_css_custom_css_safety_check_done":true,"presets_storage_migrated_flag":true,"builder_global_presets_history_migrated":true,"2_5_flush_rewrite_rules":"done","et_flush_rewrite_rules_library":"4.27.0","divi_previous_installed_version":"4.25.2","divi_latest_installed_version":"4.27.0","divi_skip_font_subset_force":true,"et_pb_clear_templates_cache":true,"builder_custom_defaults":[],"customizer_settings_migrated_flag":true,"builder_custom_defaults_unmigrated":false,"divi_email_provider_credentials_migrated":true,"custom_defaults_migrated_flag":true,"divi_1_3_images":"checked","et_pb_layouts_updated":true,"library_removed_legacy_layouts":true,"divi_2_4_documentation_message":"triggered","et_pb_post_type_integration":{"post":"on","page":"on","project":"on"},"et_pb_static_css_file":"off","et_pb_css_in_footer":"off","et_pb_product_tour_global":"off","et_enable_classic_editor":"off","heading_font":"DM Sans","body_font":"DM Sans","footer_widget_text_color":"#ffffff","footer_widget_link_color":"#ffffff","body_font_size":16,"body_font_height":3,"divi_favicon":"","product_tour_status":{"1":"off"},"link_color":"#04041c","accent_color":"#5856e8","secondary_accent_color":"#f06f3e","et_fb_pref_settings_bar_location":"bottom","et_fb_pref_builder_animation":"true","et_fb_pref_builder_display_modal_settings":"false","et_fb_pref_builder_enable_dummy_content":"true","et_fb_pref_builder_enable_visual_theme_builder":"true","et_fb_pref_event_mode":"hover","et_fb_pref_view_mode":"desktop","et_fb_pref_hide_disabled_modules":"false","et_fb_pref_history_intervals":1,"et_fb_pref_page_creation_flow":"default","et_fb_pref_quick_actions_always_start_with":"nothing","et_fb_pref_quick_actions_show_recent_queries":"off","et_fb_pref_quick_actions_recent_queries":"","et_fb_pref_quick_actions_recent_category":"","et_fb_pref_modal_preference":"default","et_fb_pref_modal_snap_location":"","et_fb_pref_modal_snap":"false","et_fb_pref_modal_fullscreen":"false","et_fb_pref_modal_dimension_width":400,"et_fb_pref_modal_dimension_height":352,"et_fb_pref_modal_position_x":937,"et_fb_pref_modal_position_y":76,"et_fb_pref_toolbar_click":"false","et_fb_pref_toolbar_desktop":"true","et_fb_pref_toolbar_grid":"false","et_fb_pref_toolbar_hover":"false","et_fb_pref_toolbar_phone":"true","et_fb_pref_toolbar_tablet":"true","et_fb_pref_toolbar_wireframe":"true","et_fb_pref_toolbar_zoom":"true","et_fb_pref_lv_modal_dimension_height":444,"et_fb_pref_lv_modal_dimension_width":300,"et_fb_pref_lv_modal_position_x":1565,"et_fb_pref_lv_modal_position_y":94,"et_fb_pref_responsive_tablet_width":768,"et_fb_pref_responsive_tablet_height":0,"et_fb_pref_responsive_phone_width":400,"et_fb_pref_responsive_phone_height":0,"et_fb_pref_responsive_minimum_width":320,"et_fb_pref_responsive_maximum_width":980,"et_fb_pref_limited_view_mode":"wireframe","et_fb_pref_limited_modal_preference":"default","et_fb_pref_limited_toolbar_click":"false","et_fb_pref_limited_toolbar_desktop":"true","et_fb_pref_limited_toolbar_grid":"false","et_fb_pref_limited_toolbar_hover":"false","et_fb_pref_limited_toolbar_phone":"true","et_fb_pref_limited_toolbar_tablet":"true","et_fb_pref_limited_toolbar_wireframe":"true","et_fb_pref_limited_toolbar_zoom":"true","wp_custom_css":".service_list ul li a:hover{\r\n\ttext-decoration:underline;\r\n\tcolor: rgba(88, 86, 232, 1);\r\n}","post_meta_font_size":"14","post_meta_height":"1","post_meta_spacing":"0","post_meta_style":"","post_header_font_size":"30","post_header_height":"1","post_header_spacing":"0","post_header_style":"","boxed_layout":"","content_width":"1080","gutter_width":"3","use_sidebar_width":"","sidebar_width":"21","section_padding":"4","phone_section_height":"50","tablet_section_height":"50","row_padding":"2","phone_row_height":"30","tablet_row_height":"30","cover_background":"on","phone_body_font_size":"14","tablet_body_font_size":16,"body_header_size":"30","body_header_spacing":"0","body_header_height":"1","body_header_style":"","phone_header_font_size":"30","tablet_header_font_size":"30","heading_font_weight":"500","header_color":"#666666","body_font_weight":"500","font_color":"#666666","color_schemes":"none","header_style":"left","vertical_nav":"","vertical_nav_orientation":"left","hide_nav":"","show_header_social_icons":"","show_search_icon":"on","slide_nav_show_top_bar":"on","slide_nav_width":"320","slide_nav_font_size":"14","slide_nav_top_font_size":"14","fullscreen_nav_font_size":"30","fullscreen_nav_top_font_size":"18","slide_nav_font_spacing":"0","slide_nav_font":"none","slide_nav_font_style":"","slide_nav_bg":"#5856e8","slide_nav_links_color":"#ffffff","slide_nav_links_color_active":"#ffffff","slide_nav_top_color":"rgba(255,255,255,0.6)","slide_nav_search":"rgba(255,255,255,0.6)","slide_nav_search_bg":"rgba(0,0,0,0.2)","nav_fullwidth":"","hide_primary_logo":"","menu_height":"66","logo_height":"54","menu_margin_top":"0","primary_nav_font_size":"14","primary_nav_font_spacing":"0","primary_nav_font":"none","primary_nav_font_style":"","secondary_nav_font_size":"12","secondary_nav_fullwidth":"","secondary_nav_font_spacing":"0","secondary_nav_font":"none","secondary_nav_font_style":"","menu_link":"rgba(0,0,0,0.6)","hide_mobile_logo":"","mobile_menu_link":"rgba(0,0,0,0.6)","menu_link_active":"#5856e8","primary_nav_bg":"#ffffff","primary_nav_dropdown_bg":"#ffffff","primary_nav_dropdown_line_color":"#5856e8","primary_nav_dropdown_link_color":"rgba(0,0,0,0.7)","primary_nav_dropdown_animation":"fade","mobile_primary_nav_bg":"#ffffff","secondary_nav_bg":"#5856e8","secondary_nav_text_color_new":"#ffffff","secondary_nav_dropdown_bg":"#5856e8","secondary_nav_dropdown_link_color":"#ffffff","secondary_nav_dropdown_animation":"fade","primary_nav_text_color":"dark","secondary_nav_text_color":"light","hide_fixed_logo":"","minimized_menu_height":"40","fixed_primary_nav_font_size":"14","fixed_primary_nav_bg":"#ffffff","fixed_secondary_nav_bg":"#2ea3f2","fixed_menu_link":"rgba(0,0,0,0.6)","fixed_secondary_menu_link":"#ffffff","fixed_menu_link_active":"#2ea3f2","phone_number":"","header_email":"","show_footer_social_icons":"on","footer_columns":"4","footer_bg":"#222222","widget_header_font_size":18,"widget_header_font_style":false,"widget_body_font_size":16,"widget_body_line_height":"1.7","widget_body_font_style":false,"footer_widget_header_color":"#5856e8","footer_widget_bullet_color":"#5856e8","footer_menu_background_color":"rgba(255,255,255,0.05)","footer_menu_text_color":"#bbbbbb","footer_menu_active_link_color":"#5856e8","footer_menu_letter_spacing":"0","footer_menu_font_style":false,"footer_menu_font_size":"14","bottom_bar_background_color":"rgba(0,0,0,0.32)","bottom_bar_text_color":"#666666","bottom_bar_font_style":false,"bottom_bar_font_size":"14","bottom_bar_social_icon_size":"24","bottom_bar_social_icon_color":"#666666","disable_custom_footer_credits":"","custom_footer_credits":"","all_buttons_font_size":"20","all_buttons_text_color":"","all_buttons_bg_color":"rgba(0,0,0,0)","all_buttons_border_width":"2","all_buttons_border_color":"#ffffff","all_buttons_border_radius":"3","all_buttons_spacing":"0","all_buttons_font_style":"","all_buttons_font":"none","all_buttons_icon":"yes","all_buttons_selected_icon":"5","all_buttons_icon_color":"#ffffff","all_buttons_icon_placement":"right","all_buttons_icon_hover":"yes","all_buttons_text_color_hover":"","all_buttons_bg_color_hover":"rgba(255,255,255,0.2)","all_buttons_border_color_hover":"rgba(0,0,0,0)","all_buttons_border_radius_hover":false,"all_buttons_spacing_hover":false},"presets":"","global_colors":"","images":[],"thumbnails":[]}