<?xml version="1.0" encoding="UTF-8" ?>
<!-- This is a WordPress eXtended RSS file generated by WordPress as an export of your site. -->
<!-- It contains information about your site's posts, pages, comments, categories, and other content. -->
<!-- You may use this file to transfer that content from one site to another. -->
<!-- This file is not intended to serve as a complete backup of your site. -->

<!-- To import this information into a WordPress site follow these steps: -->
<!-- 1. Log in to that site as an administrator. -->
<!-- 2. Go to Tools: Import in the WordPress admin panel. -->
<!-- 3. Install the "WordPress" importer from the list. -->
<!-- 4. Activate & Run Importer. -->
<!-- 5. Upload this file using the form provided on that page. -->
<!-- 6. You will first be asked to map the authors in this export file to users -->
<!--    on the site. For each author, you may choose to map to an -->
<!--    existing user on the site or to create a new user. -->
<!-- 7. WordPress will then import each of the posts, pages, comments, categories, etc. -->
<!--    contained in this file into your site. -->

	<!-- generator="WordPress/6.6.1" created="2024-08-08 06:21" -->
<rss version="2.0"
	xmlns:excerpt="http://wordpress.org/export/1.2/excerpt/"
	xmlns:content="http://purl.org/rss/1.0/modules/content/"
	xmlns:wfw="http://wellformedweb.org/CommentAPI/"
	xmlns:dc="http://purl.org/dc/elements/1.1/"
	xmlns:wp="http://wordpress.org/export/1.2/"
>

<channel>
	<title>Digital Agency Multipage</title>
	<link>https://layouts.diviflash.xyz/digital_agency_multi_page</link>
	<description></description>
	<pubDate>Thu, 08 Aug 2024 06:21:20 +0000</pubDate>
	<language>en-US</language>
	<wp:wxr_version>1.2</wp:wxr_version>
	<wp:base_site_url>https://layouts.diviflash.xyz/</wp:base_site_url>
	<wp:base_blog_url>https://layouts.diviflash.xyz/digital_agency_multi_page</wp:base_blog_url>

		<wp:author><wp:author_id>8</wp:author_id><wp:author_login><![CDATA[shohag]]></wp:author_login><wp:author_email><![CDATA[shohag@echoasoft.com]]></wp:author_email><wp:author_display_name><![CDATA[shohag]]></wp:author_display_name><wp:author_first_name><![CDATA[]]></wp:author_first_name><wp:author_last_name><![CDATA[]]></wp:author_last_name></wp:author>

				
	<generator>https://wordpress.org/?v=6.6.1</generator>

<image>
	<url>https://layouts.diviflash.xyz/digital_agency_multi_page/wp-content/uploads/sites/40/2024/08/Frame.png</url>
	<title>Digital Agency Multipage</title>
	<link>https://layouts.diviflash.xyz/digital_agency_multi_page</link>
	<width>32</width>
	<height>32</height>
</image> 

		<item>
		<title><![CDATA[blog-2]]></title>
		<link>https://layouts.diviflash.xyz/digital_agency_multi_page/blog-2-2/</link>
		<pubDate>Sun, 30 Jun 2024 07:42:30 +0000</pubDate>
		<dc:creator><![CDATA[shohag]]></dc:creator>
		<guid isPermaLink="false">https://layouts.diviflash.xyz/digital-agency-multi-page/wp-content/uploads/sites/40/2024/06/blog-2.webp</guid>
		<description></description>
		<content:encoded><![CDATA[]]></content:encoded>
		<excerpt:encoded><![CDATA[]]></excerpt:encoded>
		<wp:post_id>76</wp:post_id>
		<wp:post_date><![CDATA[2024-06-30 07:42:30]]></wp:post_date>
		<wp:post_date_gmt><![CDATA[2024-06-30 07:42:30]]></wp:post_date_gmt>
		<wp:post_modified><![CDATA[2024-06-30 07:42:30]]></wp:post_modified>
		<wp:post_modified_gmt><![CDATA[2024-06-30 07:42:30]]></wp:post_modified_gmt>
		<wp:comment_status><![CDATA[open]]></wp:comment_status>
		<wp:ping_status><![CDATA[closed]]></wp:ping_status>
		<wp:post_name><![CDATA[blog-2-2]]></wp:post_name>
		<wp:status><![CDATA[inherit]]></wp:status>
		<wp:post_parent>0</wp:post_parent>
		<wp:menu_order>0</wp:menu_order>
		<wp:post_type><![CDATA[attachment]]></wp:post_type>
		<wp:post_password><![CDATA[]]></wp:post_password>
		<wp:is_sticky>0</wp:is_sticky>
						<wp:attachment_url><![CDATA[https://layouts.diviflash.xyz/digital_agency_multi_page/wp-content/uploads/sites/40/2024/06/blog-2.webp]]></wp:attachment_url>
											<wp:postmeta>
		<wp:meta_key><![CDATA[_wp_attached_file]]></wp:meta_key>
		<wp:meta_value><![CDATA[2024/06/blog-2.webp]]></wp:meta_value>
		</wp:postmeta>
							<wp:postmeta>
		<wp:meta_key><![CDATA[_wp_attachment_metadata]]></wp:meta_key>
		<wp:meta_value><![CDATA[a:6:{s:5:"width";i:608;s:6:"height";i:608;s:4:"file";s:19:"2024/06/blog-2.webp";s:8:"filesize";i:29900;s:5:"sizes";a:7:{s:6:"medium";a:5:{s:4:"file";s:19:"blog-2-300x300.webp";s:5:"width";i:300;s:6:"height";i:300;s:9:"mime-type";s:10:"image/webp";s:8:"filesize";i:8244;}s:9:"thumbnail";a:5:{s:4:"file";s:19:"blog-2-150x150.webp";s:5:"width";i:150;s:6:"height";i:150;s:9:"mime-type";s:10:"image/webp";s:8:"filesize";i:3506;}s:21:"et-pb-post-main-image";a:5:{s:4:"file";s:19:"blog-2-400x250.webp";s:5:"width";i:400;s:6:"height";i:250;s:9:"mime-type";s:10:"image/webp";s:8:"filesize";i:9276;}s:21:"et-pb-portfolio-image";a:5:{s:4:"file";s:19:"blog-2-400x284.webp";s:5:"width";i:400;s:6:"height";i:284;s:9:"mime-type";s:10:"image/webp";s:8:"filesize";i:10334;}s:28:"et-pb-portfolio-module-image";a:5:{s:4:"file";s:19:"blog-2-510x382.webp";s:5:"width";i:510;s:6:"height";i:382;s:9:"mime-type";s:10:"image/webp";s:8:"filesize";i:14282;}s:35:"et-pb-gallery-module-image-portrait";a:5:{s:4:"file";s:19:"blog-2-400x516.webp";s:5:"width";i:400;s:6:"height";i:516;s:9:"mime-type";s:10:"image/webp";s:8:"filesize";i:16198;}s:30:"et-pb-image--responsive--phone";a:5:{s:4:"file";s:19:"blog-2-480x480.webp";s:5:"width";i:480;s:6:"height";i:480;s:9:"mime-type";s:10:"image/webp";s:8:"filesize";i:15014;}}s:10:"image_meta";a:12:{s:8:"aperture";s:1:"0";s:6:"credit";s:0:"";s:6:"camera";s:0:"";s:7:"caption";s:0:"";s:17:"created_timestamp";s:1:"0";s:9:"copyright";s:0:"";s:12:"focal_length";s:1:"0";s:3:"iso";s:1:"0";s:13:"shutter_speed";s:1:"0";s:5:"title";s:0:"";s:11:"orientation";s:1:"0";s:8:"keywords";a:0:{}}}]]></wp:meta_value>
		</wp:postmeta>
							<wp:postmeta>
		<wp:meta_key><![CDATA[_wp_old_slug]]></wp:meta_key>
		<wp:meta_value><![CDATA[mask-group-13]]></wp:meta_value>
		</wp:postmeta>
							<wp:postmeta>
		<wp:meta_key><![CDATA[_wp_old_slug]]></wp:meta_key>
		<wp:meta_value><![CDATA[mask-group-13]]></wp:meta_value>
		</wp:postmeta>
							</item>
					<item>
		<title><![CDATA[blog-4]]></title>
		<link>https://layouts.diviflash.xyz/digital_agency_multi_page/blog-4-2/</link>
		<pubDate>Sun, 30 Jun 2024 07:42:33 +0000</pubDate>
		<dc:creator><![CDATA[shohag]]></dc:creator>
		<guid isPermaLink="false">https://layouts.diviflash.xyz/digital-agency-multi-page/wp-content/uploads/sites/40/2024/06/blog-4.webp</guid>
		<description></description>
		<content:encoded><![CDATA[]]></content:encoded>
		<excerpt:encoded><![CDATA[]]></excerpt:encoded>
		<wp:post_id>77</wp:post_id>
		<wp:post_date><![CDATA[2024-06-30 07:42:33]]></wp:post_date>
		<wp:post_date_gmt><![CDATA[2024-06-30 07:42:33]]></wp:post_date_gmt>
		<wp:post_modified><![CDATA[2024-06-30 07:42:33]]></wp:post_modified>
		<wp:post_modified_gmt><![CDATA[2024-06-30 07:42:33]]></wp:post_modified_gmt>
		<wp:comment_status><![CDATA[open]]></wp:comment_status>
		<wp:ping_status><![CDATA[closed]]></wp:ping_status>
		<wp:post_name><![CDATA[blog-4-2]]></wp:post_name>
		<wp:status><![CDATA[inherit]]></wp:status>
		<wp:post_parent>0</wp:post_parent>
		<wp:menu_order>0</wp:menu_order>
		<wp:post_type><![CDATA[attachment]]></wp:post_type>
		<wp:post_password><![CDATA[]]></wp:post_password>
		<wp:is_sticky>0</wp:is_sticky>
						<wp:attachment_url><![CDATA[https://layouts.diviflash.xyz/digital_agency_multi_page/wp-content/uploads/sites/40/2024/06/blog-4.webp]]></wp:attachment_url>
											<wp:postmeta>
		<wp:meta_key><![CDATA[_wp_attached_file]]></wp:meta_key>
		<wp:meta_value><![CDATA[2024/06/blog-4.webp]]></wp:meta_value>
		</wp:postmeta>
							<wp:postmeta>
		<wp:meta_key><![CDATA[_wp_attachment_metadata]]></wp:meta_key>
		<wp:meta_value><![CDATA[a:6:{s:5:"width";i:608;s:6:"height";i:608;s:4:"file";s:19:"2024/06/blog-4.webp";s:8:"filesize";i:37386;s:5:"sizes";a:7:{s:6:"medium";a:5:{s:4:"file";s:19:"blog-4-300x300.webp";s:5:"width";i:300;s:6:"height";i:300;s:9:"mime-type";s:10:"image/webp";s:8:"filesize";i:9156;}s:9:"thumbnail";a:5:{s:4:"file";s:19:"blog-4-150x150.webp";s:5:"width";i:150;s:6:"height";i:150;s:9:"mime-type";s:10:"image/webp";s:8:"filesize";i:3604;}s:21:"et-pb-post-main-image";a:5:{s:4:"file";s:19:"blog-4-400x250.webp";s:5:"width";i:400;s:6:"height";i:250;s:9:"mime-type";s:10:"image/webp";s:8:"filesize";i:13178;}s:21:"et-pb-portfolio-image";a:5:{s:4:"file";s:19:"blog-4-400x284.webp";s:5:"width";i:400;s:6:"height";i:284;s:9:"mime-type";s:10:"image/webp";s:8:"filesize";i:13478;}s:28:"et-pb-portfolio-module-image";a:5:{s:4:"file";s:19:"blog-4-510x382.webp";s:5:"width";i:510;s:6:"height";i:382;s:9:"mime-type";s:10:"image/webp";s:8:"filesize";i:19404;}s:35:"et-pb-gallery-module-image-portrait";a:5:{s:4:"file";s:19:"blog-4-400x516.webp";s:5:"width";i:400;s:6:"height";i:516;s:9:"mime-type";s:10:"image/webp";s:8:"filesize";i:19172;}s:30:"et-pb-image--responsive--phone";a:5:{s:4:"file";s:19:"blog-4-480x480.webp";s:5:"width";i:480;s:6:"height";i:480;s:9:"mime-type";s:10:"image/webp";s:8:"filesize";i:18508;}}s:10:"image_meta";a:12:{s:8:"aperture";s:1:"0";s:6:"credit";s:0:"";s:6:"camera";s:0:"";s:7:"caption";s:0:"";s:17:"created_timestamp";s:1:"0";s:9:"copyright";s:0:"";s:12:"focal_length";s:1:"0";s:3:"iso";s:1:"0";s:13:"shutter_speed";s:1:"0";s:5:"title";s:0:"";s:11:"orientation";s:1:"0";s:8:"keywords";a:0:{}}}]]></wp:meta_value>
		</wp:postmeta>
							<wp:postmeta>
		<wp:meta_key><![CDATA[_wp_old_slug]]></wp:meta_key>
		<wp:meta_value><![CDATA[mask-group-12]]></wp:meta_value>
		</wp:postmeta>
							<wp:postmeta>
		<wp:meta_key><![CDATA[_wp_old_slug]]></wp:meta_key>
		<wp:meta_value><![CDATA[mask-group-12]]></wp:meta_value>
		</wp:postmeta>
							</item>
					<item>
		<title><![CDATA[blog-1]]></title>
		<link>https://layouts.diviflash.xyz/digital_agency_multi_page/blog-1/</link>
		<pubDate>Sun, 30 Jun 2024 07:42:36 +0000</pubDate>
		<dc:creator><![CDATA[shohag]]></dc:creator>
		<guid isPermaLink="false">https://layouts.diviflash.xyz/digital-agency-multi-page/wp-content/uploads/sites/40/2024/06/blog-1.webp</guid>
		<description></description>
		<content:encoded><![CDATA[]]></content:encoded>
		<excerpt:encoded><![CDATA[]]></excerpt:encoded>
		<wp:post_id>78</wp:post_id>
		<wp:post_date><![CDATA[2024-06-30 07:42:36]]></wp:post_date>
		<wp:post_date_gmt><![CDATA[2024-06-30 07:42:36]]></wp:post_date_gmt>
		<wp:post_modified><![CDATA[2024-06-30 07:42:36]]></wp:post_modified>
		<wp:post_modified_gmt><![CDATA[2024-06-30 07:42:36]]></wp:post_modified_gmt>
		<wp:comment_status><![CDATA[open]]></wp:comment_status>
		<wp:ping_status><![CDATA[closed]]></wp:ping_status>
		<wp:post_name><![CDATA[blog-1]]></wp:post_name>
		<wp:status><![CDATA[inherit]]></wp:status>
		<wp:post_parent>0</wp:post_parent>
		<wp:menu_order>0</wp:menu_order>
		<wp:post_type><![CDATA[attachment]]></wp:post_type>
		<wp:post_password><![CDATA[]]></wp:post_password>
		<wp:is_sticky>0</wp:is_sticky>
						<wp:attachment_url><![CDATA[https://layouts.diviflash.xyz/digital_agency_multi_page/wp-content/uploads/sites/40/2024/06/blog-1.webp]]></wp:attachment_url>
											<wp:postmeta>
		<wp:meta_key><![CDATA[_wp_attached_file]]></wp:meta_key>
		<wp:meta_value><![CDATA[2024/06/blog-1.webp]]></wp:meta_value>
		</wp:postmeta>
							<wp:postmeta>
		<wp:meta_key><![CDATA[_wp_attachment_metadata]]></wp:meta_key>
		<wp:meta_value><![CDATA[a:6:{s:5:"width";i:608;s:6:"height";i:608;s:4:"file";s:19:"2024/06/blog-1.webp";s:8:"filesize";i:36676;s:5:"sizes";a:7:{s:6:"medium";a:5:{s:4:"file";s:19:"blog-1-300x300.webp";s:5:"width";i:300;s:6:"height";i:300;s:9:"mime-type";s:10:"image/webp";s:8:"filesize";i:9644;}s:9:"thumbnail";a:5:{s:4:"file";s:19:"blog-1-150x150.webp";s:5:"width";i:150;s:6:"height";i:150;s:9:"mime-type";s:10:"image/webp";s:8:"filesize";i:4114;}s:21:"et-pb-post-main-image";a:5:{s:4:"file";s:19:"blog-1-400x250.webp";s:5:"width";i:400;s:6:"height";i:250;s:9:"mime-type";s:10:"image/webp";s:8:"filesize";i:9956;}s:21:"et-pb-portfolio-image";a:5:{s:4:"file";s:19:"blog-1-400x284.webp";s:5:"width";i:400;s:6:"height";i:284;s:9:"mime-type";s:10:"image/webp";s:8:"filesize";i:10938;}s:28:"et-pb-portfolio-module-image";a:5:{s:4:"file";s:19:"blog-1-510x382.webp";s:5:"width";i:510;s:6:"height";i:382;s:9:"mime-type";s:10:"image/webp";s:8:"filesize";i:15600;}s:35:"et-pb-gallery-module-image-portrait";a:5:{s:4:"file";s:19:"blog-1-400x516.webp";s:5:"width";i:400;s:6:"height";i:516;s:9:"mime-type";s:10:"image/webp";s:8:"filesize";i:19222;}s:30:"et-pb-image--responsive--phone";a:5:{s:4:"file";s:19:"blog-1-480x480.webp";s:5:"width";i:480;s:6:"height";i:480;s:9:"mime-type";s:10:"image/webp";s:8:"filesize";i:17954;}}s:10:"image_meta";a:12:{s:8:"aperture";s:1:"0";s:6:"credit";s:0:"";s:6:"camera";s:0:"";s:7:"caption";s:0:"";s:17:"created_timestamp";s:1:"0";s:9:"copyright";s:0:"";s:12:"focal_length";s:1:"0";s:3:"iso";s:1:"0";s:13:"shutter_speed";s:1:"0";s:5:"title";s:0:"";s:11:"orientation";s:1:"0";s:8:"keywords";a:0:{}}}]]></wp:meta_value>
		</wp:postmeta>
							<wp:postmeta>
		<wp:meta_key><![CDATA[_wp_old_slug]]></wp:meta_key>
		<wp:meta_value><![CDATA[mask-group-11]]></wp:meta_value>
		</wp:postmeta>
							<wp:postmeta>
		<wp:meta_key><![CDATA[_wp_old_slug]]></wp:meta_key>
		<wp:meta_value><![CDATA[mask-group-11]]></wp:meta_value>
		</wp:postmeta>
							</item>
					<item>
		<title><![CDATA[Elevate-X, Extraordinary Access to Unforgettable Events]]></title>
		<link>https://layouts.diviflash.xyz/digital_agency_multi_page/project/make-lots-e-commerce-online-store-6/</link>
		<pubDate>Sun, 30 Jun 2024 08:00:21 +0000</pubDate>
		<dc:creator><![CDATA[shohag]]></dc:creator>
		<guid isPermaLink="false">https://diviedge.com/digital-agency/?post_type=project&#038;p=87</guid>
		<description></description>
		<content:encoded><![CDATA[<!-- wp:divi/placeholder /-->]]></content:encoded>
		<excerpt:encoded><![CDATA[]]></excerpt:encoded>
		<wp:post_id>87</wp:post_id>
		<wp:post_date><![CDATA[2024-06-30 08:00:21]]></wp:post_date>
		<wp:post_date_gmt><![CDATA[2024-06-30 08:00:21]]></wp:post_date_gmt>
		<wp:post_modified><![CDATA[2024-06-30 08:00:21]]></wp:post_modified>
		<wp:post_modified_gmt><![CDATA[2024-06-30 08:00:21]]></wp:post_modified_gmt>
		<wp:comment_status><![CDATA[open]]></wp:comment_status>
		<wp:ping_status><![CDATA[closed]]></wp:ping_status>
		<wp:post_name><![CDATA[make-lots-e-commerce-online-store-6]]></wp:post_name>
		<wp:status><![CDATA[publish]]></wp:status>
		<wp:post_parent>0</wp:post_parent>
		<wp:menu_order>0</wp:menu_order>
		<wp:post_type><![CDATA[project]]></wp:post_type>
		<wp:post_password><![CDATA[]]></wp:post_password>
		<wp:is_sticky>0</wp:is_sticky>
										<category domain="project_category" nicename="ui-ux-design"><![CDATA[UI/UX Design]]></category>
		<category domain="project_category" nicename="web-development"><![CDATA[Web Development]]></category>
						<wp:postmeta>
		<wp:meta_key><![CDATA[_cdp_origin]]></wp:meta_key>
		<wp:meta_value><![CDATA[84]]></wp:meta_value>
		</wp:postmeta>
							<wp:postmeta>
		<wp:meta_key><![CDATA[_cdp_origin_site]]></wp:meta_key>
		<wp:meta_value><![CDATA[-1]]></wp:meta_value>
		</wp:postmeta>
							<wp:postmeta>
		<wp:meta_key><![CDATA[_cdp_origin_title]]></wp:meta_key>
		<wp:meta_value><![CDATA[ National Painting Group, Helping creators get paid best systems. #[Counter]]]></wp:meta_value>
		</wp:postmeta>
							<wp:postmeta>
		<wp:meta_key><![CDATA[_cdp_counter]]></wp:meta_key>
		<wp:meta_value><![CDATA[2]]></wp:meta_value>
		</wp:postmeta>
							<wp:postmeta>
		<wp:meta_key><![CDATA[_cdp_origin]]></wp:meta_key>
		<wp:meta_value><![CDATA[80]]></wp:meta_value>
		</wp:postmeta>
							<wp:postmeta>
		<wp:meta_key><![CDATA[_cdp_origin]]></wp:meta_key>
		<wp:meta_value><![CDATA[74]]></wp:meta_value>
		</wp:postmeta>
							<wp:postmeta>
		<wp:meta_key><![CDATA[_thumbnail_id]]></wp:meta_key>
		<wp:meta_value><![CDATA[278239]]></wp:meta_value>
		</wp:postmeta>
							<wp:postmeta>
		<wp:meta_key><![CDATA[_wp_old_slug]]></wp:meta_key>
		<wp:meta_value><![CDATA[make-lots-e-commerce-online-store-2]]></wp:meta_value>
		</wp:postmeta>
							<wp:postmeta>
		<wp:meta_key><![CDATA[_et_pb_use_builder]]></wp:meta_key>
		<wp:meta_value><![CDATA[on]]></wp:meta_value>
		</wp:postmeta>
							<wp:postmeta>
		<wp:meta_key><![CDATA[_et_pb_old_content]]></wp:meta_key>
		<wp:meta_value><![CDATA[]]></wp:meta_value>
		</wp:postmeta>
							<wp:postmeta>
		<wp:meta_key><![CDATA[_et_gb_content_width]]></wp:meta_key>
		<wp:meta_value><![CDATA[]]></wp:meta_value>
		</wp:postmeta>
							<wp:postmeta>
		<wp:meta_key><![CDATA[footnotes]]></wp:meta_key>
		<wp:meta_value><![CDATA[]]></wp:meta_value>
		</wp:postmeta>
							<wp:postmeta>
		<wp:meta_key><![CDATA[_edit_last]]></wp:meta_key>
		<wp:meta_value><![CDATA[8]]></wp:meta_value>
		</wp:postmeta>
							<wp:postmeta>
		<wp:meta_key><![CDATA[_et_pb_post_hide_nav]]></wp:meta_key>
		<wp:meta_value><![CDATA[default]]></wp:meta_value>
		</wp:postmeta>
							<wp:postmeta>
		<wp:meta_key><![CDATA[_et_pb_project_nav]]></wp:meta_key>
		<wp:meta_value><![CDATA[off]]></wp:meta_value>
		</wp:postmeta>
							<wp:postmeta>
		<wp:meta_key><![CDATA[_et_pb_page_layout]]></wp:meta_key>
		<wp:meta_value><![CDATA[et_right_sidebar]]></wp:meta_value>
		</wp:postmeta>
							<wp:postmeta>
		<wp:meta_key><![CDATA[_et_pb_side_nav]]></wp:meta_key>
		<wp:meta_value><![CDATA[off]]></wp:meta_value>
		</wp:postmeta>
							<wp:postmeta>
		<wp:meta_key><![CDATA[_wp_old_slug]]></wp:meta_key>
		<wp:meta_value><![CDATA[make-lots-e-commerce-online-store-2-2]]></wp:meta_value>
		</wp:postmeta>
							<wp:postmeta>
		<wp:meta_key><![CDATA[_et_builder_dynamic_assets_loading_attr_threshold]]></wp:meta_key>
		<wp:meta_value><![CDATA[2]]></wp:meta_value>
		</wp:postmeta>
							<wp:postmeta>
		<wp:meta_key><![CDATA[_et_pb_truncate_post]]></wp:meta_key>
		<wp:meta_value><![CDATA[]]></wp:meta_value>
		</wp:postmeta>
							<wp:postmeta>
		<wp:meta_key><![CDATA[_et_pb_truncate_post_date]]></wp:meta_key>
		<wp:meta_value><![CDATA[2024-07-28 23:50:21]]></wp:meta_value>
		</wp:postmeta>
							<wp:postmeta>
		<wp:meta_key><![CDATA[_wp_old_slug]]></wp:meta_key>
		<wp:meta_value><![CDATA[make-lots-e-commerce-online-store-2-2-2]]></wp:meta_value>
		</wp:postmeta>
							</item>
					<item>
		<title><![CDATA[blog-6]]></title>
		<link>https://layouts.diviflash.xyz/digital_agency_multi_page/blog-6/</link>
		<pubDate>Wed, 03 Jul 2024 09:49:53 +0000</pubDate>
		<dc:creator><![CDATA[shohag]]></dc:creator>
		<guid isPermaLink="false">https://layouts.diviflash.xyz/digital-agency-multi-page/wp-content/uploads/sites/40/2024/06/blog-6.webp</guid>
		<description></description>
		<content:encoded><![CDATA[]]></content:encoded>
		<excerpt:encoded><![CDATA[]]></excerpt:encoded>
		<wp:post_id>278238</wp:post_id>
		<wp:post_date><![CDATA[2024-07-03 09:49:53]]></wp:post_date>
		<wp:post_date_gmt><![CDATA[2024-07-03 09:49:53]]></wp:post_date_gmt>
		<wp:post_modified><![CDATA[2024-07-03 09:49:53]]></wp:post_modified>
		<wp:post_modified_gmt><![CDATA[2024-07-03 09:49:53]]></wp:post_modified_gmt>
		<wp:comment_status><![CDATA[open]]></wp:comment_status>
		<wp:ping_status><![CDATA[closed]]></wp:ping_status>
		<wp:post_name><![CDATA[blog-6]]></wp:post_name>
		<wp:status><![CDATA[inherit]]></wp:status>
		<wp:post_parent>0</wp:post_parent>
		<wp:menu_order>0</wp:menu_order>
		<wp:post_type><![CDATA[attachment]]></wp:post_type>
		<wp:post_password><![CDATA[]]></wp:post_password>
		<wp:is_sticky>0</wp:is_sticky>
						<wp:attachment_url><![CDATA[https://layouts.diviflash.xyz/digital_agency_multi_page/wp-content/uploads/sites/40/2024/06/blog-6.webp]]></wp:attachment_url>
											<wp:postmeta>
		<wp:meta_key><![CDATA[_wp_attached_file]]></wp:meta_key>
		<wp:meta_value><![CDATA[2024/06/blog-6.webp]]></wp:meta_value>
		</wp:postmeta>
							<wp:postmeta>
		<wp:meta_key><![CDATA[_wp_attachment_metadata]]></wp:meta_key>
		<wp:meta_value><![CDATA[a:6:{s:5:"width";i:608;s:6:"height";i:608;s:4:"file";s:19:"2024/06/blog-6.webp";s:8:"filesize";i:12960;s:5:"sizes";a:7:{s:6:"medium";a:5:{s:4:"file";s:19:"blog-6-300x300.webp";s:5:"width";i:300;s:6:"height";i:300;s:9:"mime-type";s:10:"image/webp";s:8:"filesize";i:3504;}s:9:"thumbnail";a:5:{s:4:"file";s:19:"blog-6-150x150.webp";s:5:"width";i:150;s:6:"height";i:150;s:9:"mime-type";s:10:"image/webp";s:8:"filesize";i:1434;}s:21:"et-pb-post-main-image";a:5:{s:4:"file";s:19:"blog-6-400x250.webp";s:5:"width";i:400;s:6:"height";i:250;s:9:"mime-type";s:10:"image/webp";s:8:"filesize";i:4926;}s:21:"et-pb-portfolio-image";a:5:{s:4:"file";s:19:"blog-6-400x284.webp";s:5:"width";i:400;s:6:"height";i:284;s:9:"mime-type";s:10:"image/webp";s:8:"filesize";i:5060;}s:28:"et-pb-portfolio-module-image";a:5:{s:4:"file";s:19:"blog-6-510x382.webp";s:5:"width";i:510;s:6:"height";i:382;s:9:"mime-type";s:10:"image/webp";s:8:"filesize";i:7116;}s:35:"et-pb-gallery-module-image-portrait";a:5:{s:4:"file";s:19:"blog-6-400x516.webp";s:5:"width";i:400;s:6:"height";i:516;s:9:"mime-type";s:10:"image/webp";s:8:"filesize";i:7078;}s:30:"et-pb-image--responsive--phone";a:5:{s:4:"file";s:19:"blog-6-480x480.webp";s:5:"width";i:480;s:6:"height";i:480;s:9:"mime-type";s:10:"image/webp";s:8:"filesize";i:6568;}}s:10:"image_meta";a:12:{s:8:"aperture";s:1:"0";s:6:"credit";s:0:"";s:6:"camera";s:0:"";s:7:"caption";s:0:"";s:17:"created_timestamp";s:1:"0";s:9:"copyright";s:0:"";s:12:"focal_length";s:1:"0";s:3:"iso";s:1:"0";s:13:"shutter_speed";s:1:"0";s:5:"title";s:0:"";s:11:"orientation";s:1:"0";s:8:"keywords";a:0:{}}}]]></wp:meta_value>
		</wp:postmeta>
							<wp:postmeta>
		<wp:meta_key><![CDATA[_wp_old_slug]]></wp:meta_key>
		<wp:meta_value><![CDATA[mask-group-29]]></wp:meta_value>
		</wp:postmeta>
							<wp:postmeta>
		<wp:meta_key><![CDATA[_wp_old_slug]]></wp:meta_key>
		<wp:meta_value><![CDATA[mask-group-29]]></wp:meta_value>
		</wp:postmeta>
							</item>
					<item>
		<title><![CDATA[blog-5]]></title>
		<link>https://layouts.diviflash.xyz/digital_agency_multi_page/blog-5-2/</link>
		<pubDate>Wed, 03 Jul 2024 09:49:57 +0000</pubDate>
		<dc:creator><![CDATA[shohag]]></dc:creator>
		<guid isPermaLink="false">https://layouts.diviflash.xyz/digital-agency-multi-page/wp-content/uploads/sites/40/2024/06/blog-5.webp</guid>
		<description></description>
		<content:encoded><![CDATA[]]></content:encoded>
		<excerpt:encoded><![CDATA[]]></excerpt:encoded>
		<wp:post_id>278239</wp:post_id>
		<wp:post_date><![CDATA[2024-07-03 09:49:57]]></wp:post_date>
		<wp:post_date_gmt><![CDATA[2024-07-03 09:49:57]]></wp:post_date_gmt>
		<wp:post_modified><![CDATA[2024-07-03 09:49:57]]></wp:post_modified>
		<wp:post_modified_gmt><![CDATA[2024-07-03 09:49:57]]></wp:post_modified_gmt>
		<wp:comment_status><![CDATA[open]]></wp:comment_status>
		<wp:ping_status><![CDATA[closed]]></wp:ping_status>
		<wp:post_name><![CDATA[blog-5-2]]></wp:post_name>
		<wp:status><![CDATA[inherit]]></wp:status>
		<wp:post_parent>0</wp:post_parent>
		<wp:menu_order>0</wp:menu_order>
		<wp:post_type><![CDATA[attachment]]></wp:post_type>
		<wp:post_password><![CDATA[]]></wp:post_password>
		<wp:is_sticky>0</wp:is_sticky>
						<wp:attachment_url><![CDATA[https://layouts.diviflash.xyz/digital_agency_multi_page/wp-content/uploads/sites/40/2024/06/blog-5.webp]]></wp:attachment_url>
											<wp:postmeta>
		<wp:meta_key><![CDATA[_wp_attached_file]]></wp:meta_key>
		<wp:meta_value><![CDATA[2024/06/blog-5.webp]]></wp:meta_value>
		</wp:postmeta>
							<wp:postmeta>
		<wp:meta_key><![CDATA[_wp_attachment_metadata]]></wp:meta_key>
		<wp:meta_value><![CDATA[a:6:{s:5:"width";i:608;s:6:"height";i:608;s:4:"file";s:19:"2024/06/blog-5.webp";s:8:"filesize";i:22154;s:5:"sizes";a:7:{s:6:"medium";a:5:{s:4:"file";s:19:"blog-5-300x300.webp";s:5:"width";i:300;s:6:"height";i:300;s:9:"mime-type";s:10:"image/webp";s:8:"filesize";i:6640;}s:9:"thumbnail";a:5:{s:4:"file";s:19:"blog-5-150x150.webp";s:5:"width";i:150;s:6:"height";i:150;s:9:"mime-type";s:10:"image/webp";s:8:"filesize";i:3010;}s:21:"et-pb-post-main-image";a:5:{s:4:"file";s:19:"blog-5-400x250.webp";s:5:"width";i:400;s:6:"height";i:250;s:9:"mime-type";s:10:"image/webp";s:8:"filesize";i:9100;}s:21:"et-pb-portfolio-image";a:5:{s:4:"file";s:19:"blog-5-400x284.webp";s:5:"width";i:400;s:6:"height";i:284;s:9:"mime-type";s:10:"image/webp";s:8:"filesize";i:9554;}s:28:"et-pb-portfolio-module-image";a:5:{s:4:"file";s:19:"blog-5-510x382.webp";s:5:"width";i:510;s:6:"height";i:382;s:9:"mime-type";s:10:"image/webp";s:8:"filesize";i:13024;}s:35:"et-pb-gallery-module-image-portrait";a:5:{s:4:"file";s:19:"blog-5-400x516.webp";s:5:"width";i:400;s:6:"height";i:516;s:9:"mime-type";s:10:"image/webp";s:8:"filesize";i:12778;}s:30:"et-pb-image--responsive--phone";a:5:{s:4:"file";s:19:"blog-5-480x480.webp";s:5:"width";i:480;s:6:"height";i:480;s:9:"mime-type";s:10:"image/webp";s:8:"filesize";i:12016;}}s:10:"image_meta";a:12:{s:8:"aperture";s:1:"0";s:6:"credit";s:0:"";s:6:"camera";s:0:"";s:7:"caption";s:0:"";s:17:"created_timestamp";s:1:"0";s:9:"copyright";s:0:"";s:12:"focal_length";s:1:"0";s:3:"iso";s:1:"0";s:13:"shutter_speed";s:1:"0";s:5:"title";s:0:"";s:11:"orientation";s:1:"0";s:8:"keywords";a:0:{}}}]]></wp:meta_value>
		</wp:postmeta>
							<wp:postmeta>
		<wp:meta_key><![CDATA[_wp_old_slug]]></wp:meta_key>
		<wp:meta_value><![CDATA[mask-group-28]]></wp:meta_value>
		</wp:postmeta>
							<wp:postmeta>
		<wp:meta_key><![CDATA[_wp_old_slug]]></wp:meta_key>
		<wp:meta_value><![CDATA[mask-group-28]]></wp:meta_value>
		</wp:postmeta>
							</item>
					<item>
		<title><![CDATA[Elevate-X, Extraordinary Access to Unforgettable Events]]></title>
		<link>https://layouts.diviflash.xyz/digital_agency_multi_page/project/make-lots-e-commerce-online-store-5/</link>
		<pubDate>Wed, 03 Jul 2024 09:55:09 +0000</pubDate>
		<dc:creator><![CDATA[shohag]]></dc:creator>
		<guid isPermaLink="false">https://diviedge.com/digital-agency/?post_type=project&#038;p=278252</guid>
		<description></description>
		<content:encoded><![CDATA[[et_pb_section fb_built="1" theme_builder_area="post_content" _builder_version="4.25.2" _module_preset="default"][/et_pb_section]]]></content:encoded>
		<excerpt:encoded><![CDATA[]]></excerpt:encoded>
		<wp:post_id>278252</wp:post_id>
		<wp:post_date><![CDATA[2024-07-03 09:55:09]]></wp:post_date>
		<wp:post_date_gmt><![CDATA[2024-07-03 09:55:09]]></wp:post_date_gmt>
		<wp:post_modified><![CDATA[2024-07-03 09:55:09]]></wp:post_modified>
		<wp:post_modified_gmt><![CDATA[2024-07-03 09:55:09]]></wp:post_modified_gmt>
		<wp:comment_status><![CDATA[open]]></wp:comment_status>
		<wp:ping_status><![CDATA[closed]]></wp:ping_status>
		<wp:post_name><![CDATA[make-lots-e-commerce-online-store-5]]></wp:post_name>
		<wp:status><![CDATA[publish]]></wp:status>
		<wp:post_parent>0</wp:post_parent>
		<wp:menu_order>0</wp:menu_order>
		<wp:post_type><![CDATA[project]]></wp:post_type>
		<wp:post_password><![CDATA[]]></wp:post_password>
		<wp:is_sticky>0</wp:is_sticky>
										<category domain="project_category" nicename="ui-ux-design"><![CDATA[UI/UX Design]]></category>
		<category domain="project_category" nicename="web-development"><![CDATA[Web Development]]></category>
						<wp:postmeta>
		<wp:meta_key><![CDATA[_cdp_origin]]></wp:meta_key>
		<wp:meta_value><![CDATA[87]]></wp:meta_value>
		</wp:postmeta>
							<wp:postmeta>
		<wp:meta_key><![CDATA[_cdp_origin_site]]></wp:meta_key>
		<wp:meta_value><![CDATA[-1]]></wp:meta_value>
		</wp:postmeta>
							<wp:postmeta>
		<wp:meta_key><![CDATA[_cdp_origin_title]]></wp:meta_key>
		<wp:meta_value><![CDATA[ Elevate-X, Extraordinary Access to Unforgettable Events #[Counter]]]></wp:meta_value>
		</wp:postmeta>
							<wp:postmeta>
		<wp:meta_key><![CDATA[_cdp_counter]]></wp:meta_key>
		<wp:meta_value><![CDATA[2]]></wp:meta_value>
		</wp:postmeta>
							<wp:postmeta>
		<wp:meta_key><![CDATA[_cdp_origin]]></wp:meta_key>
		<wp:meta_value><![CDATA[84]]></wp:meta_value>
		</wp:postmeta>
							<wp:postmeta>
		<wp:meta_key><![CDATA[_cdp_origin]]></wp:meta_key>
		<wp:meta_value><![CDATA[80]]></wp:meta_value>
		</wp:postmeta>
							<wp:postmeta>
		<wp:meta_key><![CDATA[_cdp_origin]]></wp:meta_key>
		<wp:meta_value><![CDATA[74]]></wp:meta_value>
		</wp:postmeta>
							<wp:postmeta>
		<wp:meta_key><![CDATA[_thumbnail_id]]></wp:meta_key>
		<wp:meta_value><![CDATA[278238]]></wp:meta_value>
		</wp:postmeta>
							<wp:postmeta>
		<wp:meta_key><![CDATA[_wp_old_slug]]></wp:meta_key>
		<wp:meta_value><![CDATA[make-lots-e-commerce-online-store-2]]></wp:meta_value>
		</wp:postmeta>
							<wp:postmeta>
		<wp:meta_key><![CDATA[_wp_old_slug]]></wp:meta_key>
		<wp:meta_value><![CDATA[make-lots-e-commerce-online-store-2-2]]></wp:meta_value>
		</wp:postmeta>
							<wp:postmeta>
		<wp:meta_key><![CDATA[_et_pb_use_builder]]></wp:meta_key>
		<wp:meta_value><![CDATA[on]]></wp:meta_value>
		</wp:postmeta>
							<wp:postmeta>
		<wp:meta_key><![CDATA[_et_pb_old_content]]></wp:meta_key>
		<wp:meta_value><![CDATA[]]></wp:meta_value>
		</wp:postmeta>
							<wp:postmeta>
		<wp:meta_key><![CDATA[_et_gb_content_width]]></wp:meta_key>
		<wp:meta_value><![CDATA[]]></wp:meta_value>
		</wp:postmeta>
							<wp:postmeta>
		<wp:meta_key><![CDATA[footnotes]]></wp:meta_key>
		<wp:meta_value><![CDATA[]]></wp:meta_value>
		</wp:postmeta>
							<wp:postmeta>
		<wp:meta_key><![CDATA[_edit_last]]></wp:meta_key>
		<wp:meta_value><![CDATA[8]]></wp:meta_value>
		</wp:postmeta>
							<wp:postmeta>
		<wp:meta_key><![CDATA[_et_pb_post_hide_nav]]></wp:meta_key>
		<wp:meta_value><![CDATA[default]]></wp:meta_value>
		</wp:postmeta>
							<wp:postmeta>
		<wp:meta_key><![CDATA[_et_pb_project_nav]]></wp:meta_key>
		<wp:meta_value><![CDATA[off]]></wp:meta_value>
		</wp:postmeta>
							<wp:postmeta>
		<wp:meta_key><![CDATA[_et_pb_page_layout]]></wp:meta_key>
		<wp:meta_value><![CDATA[et_right_sidebar]]></wp:meta_value>
		</wp:postmeta>
							<wp:postmeta>
		<wp:meta_key><![CDATA[_et_pb_side_nav]]></wp:meta_key>
		<wp:meta_value><![CDATA[off]]></wp:meta_value>
		</wp:postmeta>
							<wp:postmeta>
		<wp:meta_key><![CDATA[_wp_old_slug]]></wp:meta_key>
		<wp:meta_value><![CDATA[make-lots-e-commerce-online-store-2-2-2]]></wp:meta_value>
		</wp:postmeta>
							<wp:postmeta>
		<wp:meta_key><![CDATA[_et_builder_dynamic_assets_loading_attr_threshold]]></wp:meta_key>
		<wp:meta_value><![CDATA[2]]></wp:meta_value>
		</wp:postmeta>
							<wp:postmeta>
		<wp:meta_key><![CDATA[_et_pb_built_for_post_type]]></wp:meta_key>
		<wp:meta_value><![CDATA[page]]></wp:meta_value>
		</wp:postmeta>
							<wp:postmeta>
		<wp:meta_key><![CDATA[_et_pb_ab_subjects]]></wp:meta_key>
		<wp:meta_value><![CDATA[]]></wp:meta_value>
		</wp:postmeta>
							<wp:postmeta>
		<wp:meta_key><![CDATA[_et_pb_enable_shortcode_tracking]]></wp:meta_key>
		<wp:meta_value><![CDATA[]]></wp:meta_value>
		</wp:postmeta>
							<wp:postmeta>
		<wp:meta_key><![CDATA[_et_pb_ab_current_shortcode]]></wp:meta_key>
		<wp:meta_value><![CDATA[[et_pb_split_track id="278252" /]]]></wp:meta_value>
		</wp:postmeta>
							<wp:postmeta>
		<wp:meta_key><![CDATA[_et_pb_custom_css]]></wp:meta_key>
		<wp:meta_value><![CDATA[]]></wp:meta_value>
		</wp:postmeta>
							<wp:postmeta>
		<wp:meta_key><![CDATA[_et_pb_gutter_width]]></wp:meta_key>
		<wp:meta_value><![CDATA[3]]></wp:meta_value>
		</wp:postmeta>
							<wp:postmeta>
		<wp:meta_key><![CDATA[_global_colors_info]]></wp:meta_key>
		<wp:meta_value><![CDATA[{}]]></wp:meta_value>
		</wp:postmeta>
							<wp:postmeta>
		<wp:meta_key><![CDATA[_et_pb_first_image]]></wp:meta_key>
		<wp:meta_value><![CDATA[]]></wp:meta_value>
		</wp:postmeta>
							<wp:postmeta>
		<wp:meta_key><![CDATA[_et_pb_truncate_post]]></wp:meta_key>
		<wp:meta_value><![CDATA[<div class="et_pb_section et_pb_section_4 et_section_regular" >
				
				
				
				
				
				
				
				
				
			</div>
]]></wp:meta_value>
		</wp:postmeta>
							<wp:postmeta>
		<wp:meta_key><![CDATA[_et_pb_truncate_post_date]]></wp:meta_key>
		<wp:meta_value><![CDATA[2024-07-06 04:49:34]]></wp:meta_value>
		</wp:postmeta>
							<wp:postmeta>
		<wp:meta_key><![CDATA[_et_builder_version]]></wp:meta_key>
		<wp:meta_value><![CDATA[VB|Divi|4.25.2]]></wp:meta_value>
		</wp:postmeta>
							<wp:postmeta>
		<wp:meta_key><![CDATA[_wp_old_slug]]></wp:meta_key>
		<wp:meta_value><![CDATA[make-lots-e-commerce-online-store-2-2-2-2]]></wp:meta_value>
		</wp:postmeta>
							</item>
					<item>
		<title><![CDATA[Spaces, Website Dashboard Management]]></title>
		<link>https://layouts.diviflash.xyz/digital_agency_multi_page/project/make-lots-e-commerce-online-store-4/</link>
		<pubDate>Wed, 03 Jul 2024 10:47:33 +0000</pubDate>
		<dc:creator><![CDATA[shohag]]></dc:creator>
		<guid isPermaLink="false">https://diviedge.com/digital-agency/?post_type=project&#038;p=278259</guid>
		<description></description>
		<content:encoded><![CDATA[[et_pb_section fb_built="1" theme_builder_area="post_content" _builder_version="4.25.2" _module_preset="default"][/et_pb_section]]]></content:encoded>
		<excerpt:encoded><![CDATA[]]></excerpt:encoded>
		<wp:post_id>278259</wp:post_id>
		<wp:post_date><![CDATA[2024-07-03 10:47:33]]></wp:post_date>
		<wp:post_date_gmt><![CDATA[2024-07-03 10:47:33]]></wp:post_date_gmt>
		<wp:post_modified><![CDATA[2024-07-03 10:47:33]]></wp:post_modified>
		<wp:post_modified_gmt><![CDATA[2024-07-03 10:47:33]]></wp:post_modified_gmt>
		<wp:comment_status><![CDATA[open]]></wp:comment_status>
		<wp:ping_status><![CDATA[closed]]></wp:ping_status>
		<wp:post_name><![CDATA[make-lots-e-commerce-online-store-4]]></wp:post_name>
		<wp:status><![CDATA[publish]]></wp:status>
		<wp:post_parent>0</wp:post_parent>
		<wp:menu_order>0</wp:menu_order>
		<wp:post_type><![CDATA[project]]></wp:post_type>
		<wp:post_password><![CDATA[]]></wp:post_password>
		<wp:is_sticky>0</wp:is_sticky>
										<category domain="project_category" nicename="ui-ux-design"><![CDATA[UI/UX Design]]></category>
		<category domain="project_category" nicename="web-development"><![CDATA[Web Development]]></category>
						<wp:postmeta>
		<wp:meta_key><![CDATA[_cdp_origin]]></wp:meta_key>
		<wp:meta_value><![CDATA[278252]]></wp:meta_value>
		</wp:postmeta>
							<wp:postmeta>
		<wp:meta_key><![CDATA[_cdp_origin_site]]></wp:meta_key>
		<wp:meta_value><![CDATA[-1]]></wp:meta_value>
		</wp:postmeta>
							<wp:postmeta>
		<wp:meta_key><![CDATA[_cdp_origin_title]]></wp:meta_key>
		<wp:meta_value><![CDATA[ Elevate-X, Extraordinary Access to Unforgettable Events #[Counter]]]></wp:meta_value>
		</wp:postmeta>
							<wp:postmeta>
		<wp:meta_key><![CDATA[_cdp_counter]]></wp:meta_key>
		<wp:meta_value><![CDATA[2]]></wp:meta_value>
		</wp:postmeta>
							<wp:postmeta>
		<wp:meta_key><![CDATA[_cdp_origin]]></wp:meta_key>
		<wp:meta_value><![CDATA[87]]></wp:meta_value>
		</wp:postmeta>
							<wp:postmeta>
		<wp:meta_key><![CDATA[_cdp_origin]]></wp:meta_key>
		<wp:meta_value><![CDATA[84]]></wp:meta_value>
		</wp:postmeta>
							<wp:postmeta>
		<wp:meta_key><![CDATA[_cdp_origin]]></wp:meta_key>
		<wp:meta_value><![CDATA[80]]></wp:meta_value>
		</wp:postmeta>
							<wp:postmeta>
		<wp:meta_key><![CDATA[_cdp_origin]]></wp:meta_key>
		<wp:meta_value><![CDATA[74]]></wp:meta_value>
		</wp:postmeta>
							<wp:postmeta>
		<wp:meta_key><![CDATA[_thumbnail_id]]></wp:meta_key>
		<wp:meta_value><![CDATA[278239]]></wp:meta_value>
		</wp:postmeta>
							<wp:postmeta>
		<wp:meta_key><![CDATA[_wp_old_slug]]></wp:meta_key>
		<wp:meta_value><![CDATA[make-lots-e-commerce-online-store-2]]></wp:meta_value>
		</wp:postmeta>
							<wp:postmeta>
		<wp:meta_key><![CDATA[_wp_old_slug]]></wp:meta_key>
		<wp:meta_value><![CDATA[make-lots-e-commerce-online-store-2-2]]></wp:meta_value>
		</wp:postmeta>
							<wp:postmeta>
		<wp:meta_key><![CDATA[_wp_old_slug]]></wp:meta_key>
		<wp:meta_value><![CDATA[make-lots-e-commerce-online-store-2-2-2]]></wp:meta_value>
		</wp:postmeta>
							<wp:postmeta>
		<wp:meta_key><![CDATA[_wp_old_slug]]></wp:meta_key>
		<wp:meta_value><![CDATA[make-lots-e-commerce-online-store-2-2-2-2]]></wp:meta_value>
		</wp:postmeta>
							<wp:postmeta>
		<wp:meta_key><![CDATA[_edit_last]]></wp:meta_key>
		<wp:meta_value><![CDATA[8]]></wp:meta_value>
		</wp:postmeta>
							<wp:postmeta>
		<wp:meta_key><![CDATA[_et_pb_post_hide_nav]]></wp:meta_key>
		<wp:meta_value><![CDATA[default]]></wp:meta_value>
		</wp:postmeta>
							<wp:postmeta>
		<wp:meta_key><![CDATA[_et_pb_project_nav]]></wp:meta_key>
		<wp:meta_value><![CDATA[off]]></wp:meta_value>
		</wp:postmeta>
							<wp:postmeta>
		<wp:meta_key><![CDATA[_et_pb_page_layout]]></wp:meta_key>
		<wp:meta_value><![CDATA[et_right_sidebar]]></wp:meta_value>
		</wp:postmeta>
							<wp:postmeta>
		<wp:meta_key><![CDATA[_et_pb_side_nav]]></wp:meta_key>
		<wp:meta_value><![CDATA[off]]></wp:meta_value>
		</wp:postmeta>
							<wp:postmeta>
		<wp:meta_key><![CDATA[_et_builder_dynamic_assets_loading_attr_threshold]]></wp:meta_key>
		<wp:meta_value><![CDATA[2]]></wp:meta_value>
		</wp:postmeta>
							<wp:postmeta>
		<wp:meta_key><![CDATA[_et_pb_use_builder]]></wp:meta_key>
		<wp:meta_value><![CDATA[on]]></wp:meta_value>
		</wp:postmeta>
							<wp:postmeta>
		<wp:meta_key><![CDATA[_et_pb_old_content]]></wp:meta_key>
		<wp:meta_value><![CDATA[[et_pb_section fb_built="1" theme_builder_area="post_content" _builder_version="4.25.2" _module_preset="default" hover_enabled="0" sticky_enabled="0" custom_padding="5px|||||"][et_pb_row _builder_version="4.25.2" _module_preset="default" theme_builder_area="post_content" max_width="100%" hover_enabled="0" sticky_enabled="0" width="100%" custom_padding="4px|||||"][et_pb_column _builder_version="4.25.2" _module_preset="default" type="4_4" theme_builder_area="post_content"][et_pb_code _builder_version="4.25.2" _module_preset="default" theme_builder_area="post_content" hover_enabled="0" sticky_enabled="0"][df_layout_shortcode id="278255"][/et_pb_code][/et_pb_column][/et_pb_row][/et_pb_section]]]></wp:meta_value>
		</wp:postmeta>
							<wp:postmeta>
		<wp:meta_key><![CDATA[_et_gb_content_width]]></wp:meta_key>
		<wp:meta_value><![CDATA[]]></wp:meta_value>
		</wp:postmeta>
							<wp:postmeta>
		<wp:meta_key><![CDATA[footnotes]]></wp:meta_key>
		<wp:meta_value><![CDATA[]]></wp:meta_value>
		</wp:postmeta>
							<wp:postmeta>
		<wp:meta_key><![CDATA[_et_pb_built_for_post_type]]></wp:meta_key>
		<wp:meta_value><![CDATA[page]]></wp:meta_value>
		</wp:postmeta>
							<wp:postmeta>
		<wp:meta_key><![CDATA[_et_pb_ab_subjects]]></wp:meta_key>
		<wp:meta_value><![CDATA[]]></wp:meta_value>
		</wp:postmeta>
							<wp:postmeta>
		<wp:meta_key><![CDATA[_et_pb_enable_shortcode_tracking]]></wp:meta_key>
		<wp:meta_value><![CDATA[]]></wp:meta_value>
		</wp:postmeta>
							<wp:postmeta>
		<wp:meta_key><![CDATA[_et_pb_ab_current_shortcode]]></wp:meta_key>
		<wp:meta_value><![CDATA[[et_pb_split_track id="278259" /]]]></wp:meta_value>
		</wp:postmeta>
							<wp:postmeta>
		<wp:meta_key><![CDATA[_et_pb_custom_css]]></wp:meta_key>
		<wp:meta_value><![CDATA[]]></wp:meta_value>
		</wp:postmeta>
							<wp:postmeta>
		<wp:meta_key><![CDATA[_et_pb_gutter_width]]></wp:meta_key>
		<wp:meta_value><![CDATA[3]]></wp:meta_value>
		</wp:postmeta>
							<wp:postmeta>
		<wp:meta_key><![CDATA[_global_colors_info]]></wp:meta_key>
		<wp:meta_value><![CDATA[{}]]></wp:meta_value>
		</wp:postmeta>
							<wp:postmeta>
		<wp:meta_key><![CDATA[_et_pb_first_image]]></wp:meta_key>
		<wp:meta_value><![CDATA[]]></wp:meta_value>
		</wp:postmeta>
							<wp:postmeta>
		<wp:meta_key><![CDATA[_et_pb_truncate_post]]></wp:meta_key>
		<wp:meta_value><![CDATA[<div class="et_pb_section et_pb_section_3 et_section_regular" >
				
				
				
				
				
				
				
				
				
			</div>
]]></wp:meta_value>
		</wp:postmeta>
							<wp:postmeta>
		<wp:meta_key><![CDATA[_et_pb_truncate_post_date]]></wp:meta_key>
		<wp:meta_value><![CDATA[2024-07-06 04:49:34]]></wp:meta_value>
		</wp:postmeta>
							<wp:postmeta>
		<wp:meta_key><![CDATA[_et_builder_version]]></wp:meta_key>
		<wp:meta_value><![CDATA[VB|Divi|4.25.2]]></wp:meta_value>
		</wp:postmeta>
							<wp:postmeta>
		<wp:meta_key><![CDATA[_wp_old_slug]]></wp:meta_key>
		<wp:meta_value><![CDATA[make-lots-e-commerce-online-store-2-2-2-2-2]]></wp:meta_value>
		</wp:postmeta>
							</item>
					<item>
		<title><![CDATA[Spaces, Website Dashboard Management]]></title>
		<link>https://layouts.diviflash.xyz/digital_agency_multi_page/project/make-lots-e-commerce-online-store-3/</link>
		<pubDate>Wed, 03 Jul 2024 10:50:01 +0000</pubDate>
		<dc:creator><![CDATA[shohag]]></dc:creator>
		<guid isPermaLink="false">https://diviedge.com/digital-agency/?post_type=project&#038;p=278264</guid>
		<description></description>
		<content:encoded><![CDATA[[et_pb_section fb_built="1" theme_builder_area="post_content" _builder_version="4.25.2" _module_preset="default"][/et_pb_section]]]></content:encoded>
		<excerpt:encoded><![CDATA[]]></excerpt:encoded>
		<wp:post_id>278264</wp:post_id>
		<wp:post_date><![CDATA[2024-07-03 10:50:01]]></wp:post_date>
		<wp:post_date_gmt><![CDATA[2024-07-03 10:50:01]]></wp:post_date_gmt>
		<wp:post_modified><![CDATA[2024-07-03 10:50:01]]></wp:post_modified>
		<wp:post_modified_gmt><![CDATA[2024-07-03 10:50:01]]></wp:post_modified_gmt>
		<wp:comment_status><![CDATA[open]]></wp:comment_status>
		<wp:ping_status><![CDATA[closed]]></wp:ping_status>
		<wp:post_name><![CDATA[make-lots-e-commerce-online-store-3]]></wp:post_name>
		<wp:status><![CDATA[publish]]></wp:status>
		<wp:post_parent>0</wp:post_parent>
		<wp:menu_order>0</wp:menu_order>
		<wp:post_type><![CDATA[project]]></wp:post_type>
		<wp:post_password><![CDATA[]]></wp:post_password>
		<wp:is_sticky>0</wp:is_sticky>
										<category domain="project_category" nicename="ui-ux-design"><![CDATA[UI/UX Design]]></category>
		<category domain="project_category" nicename="web-development"><![CDATA[Web Development]]></category>
						<wp:postmeta>
		<wp:meta_key><![CDATA[_cdp_origin]]></wp:meta_key>
		<wp:meta_value><![CDATA[278259]]></wp:meta_value>
		</wp:postmeta>
							<wp:postmeta>
		<wp:meta_key><![CDATA[_cdp_origin_site]]></wp:meta_key>
		<wp:meta_value><![CDATA[-1]]></wp:meta_value>
		</wp:postmeta>
							<wp:postmeta>
		<wp:meta_key><![CDATA[_cdp_origin_title]]></wp:meta_key>
		<wp:meta_value><![CDATA[ Spaces, Website Dashboard Management #[Counter]]]></wp:meta_value>
		</wp:postmeta>
							<wp:postmeta>
		<wp:meta_key><![CDATA[_cdp_counter]]></wp:meta_key>
		<wp:meta_value><![CDATA[2]]></wp:meta_value>
		</wp:postmeta>
							<wp:postmeta>
		<wp:meta_key><![CDATA[_cdp_origin]]></wp:meta_key>
		<wp:meta_value><![CDATA[278252]]></wp:meta_value>
		</wp:postmeta>
							<wp:postmeta>
		<wp:meta_key><![CDATA[_cdp_origin]]></wp:meta_key>
		<wp:meta_value><![CDATA[87]]></wp:meta_value>
		</wp:postmeta>
							<wp:postmeta>
		<wp:meta_key><![CDATA[_cdp_origin]]></wp:meta_key>
		<wp:meta_value><![CDATA[84]]></wp:meta_value>
		</wp:postmeta>
							<wp:postmeta>
		<wp:meta_key><![CDATA[_cdp_origin]]></wp:meta_key>
		<wp:meta_value><![CDATA[80]]></wp:meta_value>
		</wp:postmeta>
							<wp:postmeta>
		<wp:meta_key><![CDATA[_cdp_origin]]></wp:meta_key>
		<wp:meta_value><![CDATA[74]]></wp:meta_value>
		</wp:postmeta>
							<wp:postmeta>
		<wp:meta_key><![CDATA[_thumbnail_id]]></wp:meta_key>
		<wp:meta_value><![CDATA[76]]></wp:meta_value>
		</wp:postmeta>
							<wp:postmeta>
		<wp:meta_key><![CDATA[_wp_old_slug]]></wp:meta_key>
		<wp:meta_value><![CDATA[make-lots-e-commerce-online-store-2]]></wp:meta_value>
		</wp:postmeta>
							<wp:postmeta>
		<wp:meta_key><![CDATA[_wp_old_slug]]></wp:meta_key>
		<wp:meta_value><![CDATA[make-lots-e-commerce-online-store-2-2]]></wp:meta_value>
		</wp:postmeta>
							<wp:postmeta>
		<wp:meta_key><![CDATA[_wp_old_slug]]></wp:meta_key>
		<wp:meta_value><![CDATA[make-lots-e-commerce-online-store-2-2-2]]></wp:meta_value>
		</wp:postmeta>
							<wp:postmeta>
		<wp:meta_key><![CDATA[_wp_old_slug]]></wp:meta_key>
		<wp:meta_value><![CDATA[make-lots-e-commerce-online-store-2-2-2-2]]></wp:meta_value>
		</wp:postmeta>
							<wp:postmeta>
		<wp:meta_key><![CDATA[_et_pb_use_builder]]></wp:meta_key>
		<wp:meta_value><![CDATA[on]]></wp:meta_value>
		</wp:postmeta>
							<wp:postmeta>
		<wp:meta_key><![CDATA[_et_pb_old_content]]></wp:meta_key>
		<wp:meta_value><![CDATA[]]></wp:meta_value>
		</wp:postmeta>
							<wp:postmeta>
		<wp:meta_key><![CDATA[_et_gb_content_width]]></wp:meta_key>
		<wp:meta_value><![CDATA[]]></wp:meta_value>
		</wp:postmeta>
							<wp:postmeta>
		<wp:meta_key><![CDATA[footnotes]]></wp:meta_key>
		<wp:meta_value><![CDATA[]]></wp:meta_value>
		</wp:postmeta>
							<wp:postmeta>
		<wp:meta_key><![CDATA[_edit_last]]></wp:meta_key>
		<wp:meta_value><![CDATA[8]]></wp:meta_value>
		</wp:postmeta>
							<wp:postmeta>
		<wp:meta_key><![CDATA[_et_pb_post_hide_nav]]></wp:meta_key>
		<wp:meta_value><![CDATA[default]]></wp:meta_value>
		</wp:postmeta>
							<wp:postmeta>
		<wp:meta_key><![CDATA[_et_pb_project_nav]]></wp:meta_key>
		<wp:meta_value><![CDATA[off]]></wp:meta_value>
		</wp:postmeta>
							<wp:postmeta>
		<wp:meta_key><![CDATA[_et_pb_page_layout]]></wp:meta_key>
		<wp:meta_value><![CDATA[et_right_sidebar]]></wp:meta_value>
		</wp:postmeta>
							<wp:postmeta>
		<wp:meta_key><![CDATA[_et_pb_side_nav]]></wp:meta_key>
		<wp:meta_value><![CDATA[off]]></wp:meta_value>
		</wp:postmeta>
							<wp:postmeta>
		<wp:meta_key><![CDATA[_wp_old_slug]]></wp:meta_key>
		<wp:meta_value><![CDATA[make-lots-e-commerce-online-store-2-2-2-2-2]]></wp:meta_value>
		</wp:postmeta>
							<wp:postmeta>
		<wp:meta_key><![CDATA[_et_builder_dynamic_assets_loading_attr_threshold]]></wp:meta_key>
		<wp:meta_value><![CDATA[2]]></wp:meta_value>
		</wp:postmeta>
							<wp:postmeta>
		<wp:meta_key><![CDATA[_et_pb_built_for_post_type]]></wp:meta_key>
		<wp:meta_value><![CDATA[page]]></wp:meta_value>
		</wp:postmeta>
							<wp:postmeta>
		<wp:meta_key><![CDATA[_et_pb_ab_subjects]]></wp:meta_key>
		<wp:meta_value><![CDATA[]]></wp:meta_value>
		</wp:postmeta>
							<wp:postmeta>
		<wp:meta_key><![CDATA[_et_pb_enable_shortcode_tracking]]></wp:meta_key>
		<wp:meta_value><![CDATA[]]></wp:meta_value>
		</wp:postmeta>
							<wp:postmeta>
		<wp:meta_key><![CDATA[_et_pb_ab_current_shortcode]]></wp:meta_key>
		<wp:meta_value><![CDATA[[et_pb_split_track id="278264" /]]]></wp:meta_value>
		</wp:postmeta>
							<wp:postmeta>
		<wp:meta_key><![CDATA[_et_pb_custom_css]]></wp:meta_key>
		<wp:meta_value><![CDATA[]]></wp:meta_value>
		</wp:postmeta>
							<wp:postmeta>
		<wp:meta_key><![CDATA[_et_pb_gutter_width]]></wp:meta_key>
		<wp:meta_value><![CDATA[3]]></wp:meta_value>
		</wp:postmeta>
							<wp:postmeta>
		<wp:meta_key><![CDATA[_global_colors_info]]></wp:meta_key>
		<wp:meta_value><![CDATA[{}]]></wp:meta_value>
		</wp:postmeta>
							<wp:postmeta>
		<wp:meta_key><![CDATA[_et_pb_first_image]]></wp:meta_key>
		<wp:meta_value><![CDATA[]]></wp:meta_value>
		</wp:postmeta>
							<wp:postmeta>
		<wp:meta_key><![CDATA[_et_pb_truncate_post]]></wp:meta_key>
		<wp:meta_value><![CDATA[<div class="et_pb_section et_pb_section_2 et_section_regular" >
				
				
				
				
				
				
				
				
				
			</div>
]]></wp:meta_value>
		</wp:postmeta>
							<wp:postmeta>
		<wp:meta_key><![CDATA[_et_pb_truncate_post_date]]></wp:meta_key>
		<wp:meta_value><![CDATA[2024-07-06 04:49:34]]></wp:meta_value>
		</wp:postmeta>
							<wp:postmeta>
		<wp:meta_key><![CDATA[_et_builder_version]]></wp:meta_key>
		<wp:meta_value><![CDATA[VB|Divi|4.25.2]]></wp:meta_value>
		</wp:postmeta>
							<wp:postmeta>
		<wp:meta_key><![CDATA[_wp_old_slug]]></wp:meta_key>
		<wp:meta_value><![CDATA[make-lots-e-commerce-online-store-2-2-2-2-2-2]]></wp:meta_value>
		</wp:postmeta>
							</item>
					<item>
		<title><![CDATA[National Painting Group, Helping creators get paid best systems.]]></title>
		<link>https://layouts.diviflash.xyz/digital_agency_multi_page/project/make-lots-e-commerce-online-store-2/</link>
		<pubDate>Wed, 03 Jul 2024 10:50:54 +0000</pubDate>
		<dc:creator><![CDATA[shohag]]></dc:creator>
		<guid isPermaLink="false">https://diviedge.com/digital-agency/?post_type=project&#038;p=278267</guid>
		<description></description>
		<content:encoded><![CDATA[[et_pb_section fb_built="1" theme_builder_area="post_content" _builder_version="4.25.2" _module_preset="default"][/et_pb_section]]]></content:encoded>
		<excerpt:encoded><![CDATA[]]></excerpt:encoded>
		<wp:post_id>278267</wp:post_id>
		<wp:post_date><![CDATA[2024-07-03 10:50:54]]></wp:post_date>
		<wp:post_date_gmt><![CDATA[2024-07-03 10:50:54]]></wp:post_date_gmt>
		<wp:post_modified><![CDATA[2024-07-03 10:50:54]]></wp:post_modified>
		<wp:post_modified_gmt><![CDATA[2024-07-03 10:50:54]]></wp:post_modified_gmt>
		<wp:comment_status><![CDATA[open]]></wp:comment_status>
		<wp:ping_status><![CDATA[closed]]></wp:ping_status>
		<wp:post_name><![CDATA[make-lots-e-commerce-online-store-2]]></wp:post_name>
		<wp:status><![CDATA[publish]]></wp:status>
		<wp:post_parent>0</wp:post_parent>
		<wp:menu_order>0</wp:menu_order>
		<wp:post_type><![CDATA[project]]></wp:post_type>
		<wp:post_password><![CDATA[]]></wp:post_password>
		<wp:is_sticky>0</wp:is_sticky>
										<category domain="project_category" nicename="ui-ux-design"><![CDATA[UI/UX Design]]></category>
		<category domain="project_category" nicename="web-development"><![CDATA[Web Development]]></category>
						<wp:postmeta>
		<wp:meta_key><![CDATA[_cdp_origin]]></wp:meta_key>
		<wp:meta_value><![CDATA[278264]]></wp:meta_value>
		</wp:postmeta>
							<wp:postmeta>
		<wp:meta_key><![CDATA[_cdp_origin_site]]></wp:meta_key>
		<wp:meta_value><![CDATA[-1]]></wp:meta_value>
		</wp:postmeta>
							<wp:postmeta>
		<wp:meta_key><![CDATA[_cdp_origin_title]]></wp:meta_key>
		<wp:meta_value><![CDATA[ Spaces, Website Dashboard Management #[Counter]]]></wp:meta_value>
		</wp:postmeta>
							<wp:postmeta>
		<wp:meta_key><![CDATA[_cdp_counter]]></wp:meta_key>
		<wp:meta_value><![CDATA[2]]></wp:meta_value>
		</wp:postmeta>
							<wp:postmeta>
		<wp:meta_key><![CDATA[_cdp_origin]]></wp:meta_key>
		<wp:meta_value><![CDATA[278259]]></wp:meta_value>
		</wp:postmeta>
							<wp:postmeta>
		<wp:meta_key><![CDATA[_cdp_origin]]></wp:meta_key>
		<wp:meta_value><![CDATA[278252]]></wp:meta_value>
		</wp:postmeta>
							<wp:postmeta>
		<wp:meta_key><![CDATA[_cdp_origin]]></wp:meta_key>
		<wp:meta_value><![CDATA[87]]></wp:meta_value>
		</wp:postmeta>
							<wp:postmeta>
		<wp:meta_key><![CDATA[_cdp_origin]]></wp:meta_key>
		<wp:meta_value><![CDATA[84]]></wp:meta_value>
		</wp:postmeta>
							<wp:postmeta>
		<wp:meta_key><![CDATA[_cdp_origin]]></wp:meta_key>
		<wp:meta_value><![CDATA[80]]></wp:meta_value>
		</wp:postmeta>
							<wp:postmeta>
		<wp:meta_key><![CDATA[_cdp_origin]]></wp:meta_key>
		<wp:meta_value><![CDATA[74]]></wp:meta_value>
		</wp:postmeta>
							<wp:postmeta>
		<wp:meta_key><![CDATA[_thumbnail_id]]></wp:meta_key>
		<wp:meta_value><![CDATA[77]]></wp:meta_value>
		</wp:postmeta>
							<wp:postmeta>
		<wp:meta_key><![CDATA[_wp_old_slug]]></wp:meta_key>
		<wp:meta_value><![CDATA[make-lots-e-commerce-online-store-2-2]]></wp:meta_value>
		</wp:postmeta>
							<wp:postmeta>
		<wp:meta_key><![CDATA[_wp_old_slug]]></wp:meta_key>
		<wp:meta_value><![CDATA[make-lots-e-commerce-online-store-2-2-2]]></wp:meta_value>
		</wp:postmeta>
							<wp:postmeta>
		<wp:meta_key><![CDATA[_wp_old_slug]]></wp:meta_key>
		<wp:meta_value><![CDATA[make-lots-e-commerce-online-store-2-2-2-2]]></wp:meta_value>
		</wp:postmeta>
							<wp:postmeta>
		<wp:meta_key><![CDATA[_wp_old_slug]]></wp:meta_key>
		<wp:meta_value><![CDATA[make-lots-e-commerce-online-store-2-2-2-2-2]]></wp:meta_value>
		</wp:postmeta>
							<wp:postmeta>
		<wp:meta_key><![CDATA[_et_pb_use_builder]]></wp:meta_key>
		<wp:meta_value><![CDATA[on]]></wp:meta_value>
		</wp:postmeta>
							<wp:postmeta>
		<wp:meta_key><![CDATA[_et_pb_old_content]]></wp:meta_key>
		<wp:meta_value><![CDATA[]]></wp:meta_value>
		</wp:postmeta>
							<wp:postmeta>
		<wp:meta_key><![CDATA[_et_gb_content_width]]></wp:meta_key>
		<wp:meta_value><![CDATA[]]></wp:meta_value>
		</wp:postmeta>
							<wp:postmeta>
		<wp:meta_key><![CDATA[footnotes]]></wp:meta_key>
		<wp:meta_value><![CDATA[]]></wp:meta_value>
		</wp:postmeta>
							<wp:postmeta>
		<wp:meta_key><![CDATA[_edit_last]]></wp:meta_key>
		<wp:meta_value><![CDATA[8]]></wp:meta_value>
		</wp:postmeta>
							<wp:postmeta>
		<wp:meta_key><![CDATA[_et_pb_post_hide_nav]]></wp:meta_key>
		<wp:meta_value><![CDATA[default]]></wp:meta_value>
		</wp:postmeta>
							<wp:postmeta>
		<wp:meta_key><![CDATA[_et_pb_project_nav]]></wp:meta_key>
		<wp:meta_value><![CDATA[off]]></wp:meta_value>
		</wp:postmeta>
							<wp:postmeta>
		<wp:meta_key><![CDATA[_et_pb_page_layout]]></wp:meta_key>
		<wp:meta_value><![CDATA[et_right_sidebar]]></wp:meta_value>
		</wp:postmeta>
							<wp:postmeta>
		<wp:meta_key><![CDATA[_et_pb_side_nav]]></wp:meta_key>
		<wp:meta_value><![CDATA[off]]></wp:meta_value>
		</wp:postmeta>
							<wp:postmeta>
		<wp:meta_key><![CDATA[_wp_old_slug]]></wp:meta_key>
		<wp:meta_value><![CDATA[make-lots-e-commerce-online-store-2-2-2-2-2-2]]></wp:meta_value>
		</wp:postmeta>
							<wp:postmeta>
		<wp:meta_key><![CDATA[_et_builder_dynamic_assets_loading_attr_threshold]]></wp:meta_key>
		<wp:meta_value><![CDATA[2]]></wp:meta_value>
		</wp:postmeta>
							<wp:postmeta>
		<wp:meta_key><![CDATA[_et_pb_built_for_post_type]]></wp:meta_key>
		<wp:meta_value><![CDATA[page]]></wp:meta_value>
		</wp:postmeta>
							<wp:postmeta>
		<wp:meta_key><![CDATA[_et_pb_ab_subjects]]></wp:meta_key>
		<wp:meta_value><![CDATA[]]></wp:meta_value>
		</wp:postmeta>
							<wp:postmeta>
		<wp:meta_key><![CDATA[_et_pb_enable_shortcode_tracking]]></wp:meta_key>
		<wp:meta_value><![CDATA[]]></wp:meta_value>
		</wp:postmeta>
							<wp:postmeta>
		<wp:meta_key><![CDATA[_et_pb_ab_current_shortcode]]></wp:meta_key>
		<wp:meta_value><![CDATA[[et_pb_split_track id="278267" /]]]></wp:meta_value>
		</wp:postmeta>
							<wp:postmeta>
		<wp:meta_key><![CDATA[_et_pb_custom_css]]></wp:meta_key>
		<wp:meta_value><![CDATA[]]></wp:meta_value>
		</wp:postmeta>
							<wp:postmeta>
		<wp:meta_key><![CDATA[_et_pb_gutter_width]]></wp:meta_key>
		<wp:meta_value><![CDATA[3]]></wp:meta_value>
		</wp:postmeta>
							<wp:postmeta>
		<wp:meta_key><![CDATA[_global_colors_info]]></wp:meta_key>
		<wp:meta_value><![CDATA[{}]]></wp:meta_value>
		</wp:postmeta>
							<wp:postmeta>
		<wp:meta_key><![CDATA[_et_pb_first_image]]></wp:meta_key>
		<wp:meta_value><![CDATA[]]></wp:meta_value>
		</wp:postmeta>
							<wp:postmeta>
		<wp:meta_key><![CDATA[_et_pb_truncate_post]]></wp:meta_key>
		<wp:meta_value><![CDATA[<div class="et_pb_section et_pb_section_1 et_section_regular" >
				
				
				
				
				
				
				
				
				
			</div>
]]></wp:meta_value>
		</wp:postmeta>
							<wp:postmeta>
		<wp:meta_key><![CDATA[_et_pb_truncate_post_date]]></wp:meta_key>
		<wp:meta_value><![CDATA[2024-07-06 04:49:34]]></wp:meta_value>
		</wp:postmeta>
							<wp:postmeta>
		<wp:meta_key><![CDATA[_et_builder_version]]></wp:meta_key>
		<wp:meta_value><![CDATA[VB|Divi|4.25.2]]></wp:meta_value>
		</wp:postmeta>
							<wp:postmeta>
		<wp:meta_key><![CDATA[_wp_old_slug]]></wp:meta_key>
		<wp:meta_value><![CDATA[make-lots-e-commerce-online-store-2-2-2-2-2-2-2]]></wp:meta_value>
		</wp:postmeta>
							</item>
					<item>
		<title><![CDATA[Make lots, E-Commerce online store]]></title>
		<link>https://layouts.diviflash.xyz/digital_agency_multi_page/project/make-lots-e-commerce-online-store/</link>
		<pubDate>Wed, 03 Jul 2024 10:51:36 +0000</pubDate>
		<dc:creator><![CDATA[shohag]]></dc:creator>
		<guid isPermaLink="false">https://diviedge.com/digital-agency/?post_type=project&#038;p=278270</guid>
		<description></description>
		<content:encoded><![CDATA[[et_pb_section fb_built="1" theme_builder_area="post_content" _builder_version="4.25.2" _module_preset="default"][/et_pb_section]]]></content:encoded>
		<excerpt:encoded><![CDATA[]]></excerpt:encoded>
		<wp:post_id>278270</wp:post_id>
		<wp:post_date><![CDATA[2024-07-03 10:51:36]]></wp:post_date>
		<wp:post_date_gmt><![CDATA[2024-07-03 10:51:36]]></wp:post_date_gmt>
		<wp:post_modified><![CDATA[2024-07-03 10:51:36]]></wp:post_modified>
		<wp:post_modified_gmt><![CDATA[2024-07-03 10:51:36]]></wp:post_modified_gmt>
		<wp:comment_status><![CDATA[open]]></wp:comment_status>
		<wp:ping_status><![CDATA[closed]]></wp:ping_status>
		<wp:post_name><![CDATA[make-lots-e-commerce-online-store]]></wp:post_name>
		<wp:status><![CDATA[publish]]></wp:status>
		<wp:post_parent>0</wp:post_parent>
		<wp:menu_order>0</wp:menu_order>
		<wp:post_type><![CDATA[project]]></wp:post_type>
		<wp:post_password><![CDATA[]]></wp:post_password>
		<wp:is_sticky>0</wp:is_sticky>
										<category domain="project_category" nicename="ui-ux-design"><![CDATA[UI/UX Design]]></category>
		<category domain="project_category" nicename="web-development"><![CDATA[Web Development]]></category>
						<wp:postmeta>
		<wp:meta_key><![CDATA[_cdp_origin]]></wp:meta_key>
		<wp:meta_value><![CDATA[278267]]></wp:meta_value>
		</wp:postmeta>
							<wp:postmeta>
		<wp:meta_key><![CDATA[_cdp_origin_site]]></wp:meta_key>
		<wp:meta_value><![CDATA[-1]]></wp:meta_value>
		</wp:postmeta>
							<wp:postmeta>
		<wp:meta_key><![CDATA[_cdp_origin_title]]></wp:meta_key>
		<wp:meta_value><![CDATA[ National Painting Group, Helping creators get paid best systems. #[Counter]]]></wp:meta_value>
		</wp:postmeta>
							<wp:postmeta>
		<wp:meta_key><![CDATA[_cdp_counter]]></wp:meta_key>
		<wp:meta_value><![CDATA[2]]></wp:meta_value>
		</wp:postmeta>
							<wp:postmeta>
		<wp:meta_key><![CDATA[_cdp_origin]]></wp:meta_key>
		<wp:meta_value><![CDATA[278264]]></wp:meta_value>
		</wp:postmeta>
							<wp:postmeta>
		<wp:meta_key><![CDATA[_cdp_origin]]></wp:meta_key>
		<wp:meta_value><![CDATA[278259]]></wp:meta_value>
		</wp:postmeta>
							<wp:postmeta>
		<wp:meta_key><![CDATA[_cdp_origin]]></wp:meta_key>
		<wp:meta_value><![CDATA[278252]]></wp:meta_value>
		</wp:postmeta>
							<wp:postmeta>
		<wp:meta_key><![CDATA[_cdp_origin]]></wp:meta_key>
		<wp:meta_value><![CDATA[87]]></wp:meta_value>
		</wp:postmeta>
							<wp:postmeta>
		<wp:meta_key><![CDATA[_cdp_origin]]></wp:meta_key>
		<wp:meta_value><![CDATA[84]]></wp:meta_value>
		</wp:postmeta>
							<wp:postmeta>
		<wp:meta_key><![CDATA[_cdp_origin]]></wp:meta_key>
		<wp:meta_value><![CDATA[80]]></wp:meta_value>
		</wp:postmeta>
							<wp:postmeta>
		<wp:meta_key><![CDATA[_cdp_origin]]></wp:meta_key>
		<wp:meta_value><![CDATA[74]]></wp:meta_value>
		</wp:postmeta>
							<wp:postmeta>
		<wp:meta_key><![CDATA[_thumbnail_id]]></wp:meta_key>
		<wp:meta_value><![CDATA[78]]></wp:meta_value>
		</wp:postmeta>
							<wp:postmeta>
		<wp:meta_key><![CDATA[_wp_old_slug]]></wp:meta_key>
		<wp:meta_value><![CDATA[make-lots-e-commerce-online-store-2]]></wp:meta_value>
		</wp:postmeta>
							<wp:postmeta>
		<wp:meta_key><![CDATA[_wp_old_slug]]></wp:meta_key>
		<wp:meta_value><![CDATA[make-lots-e-commerce-online-store-2-2]]></wp:meta_value>
		</wp:postmeta>
							<wp:postmeta>
		<wp:meta_key><![CDATA[_wp_old_slug]]></wp:meta_key>
		<wp:meta_value><![CDATA[make-lots-e-commerce-online-store-2-2-2]]></wp:meta_value>
		</wp:postmeta>
							<wp:postmeta>
		<wp:meta_key><![CDATA[_wp_old_slug]]></wp:meta_key>
		<wp:meta_value><![CDATA[make-lots-e-commerce-online-store-2-2-2-2]]></wp:meta_value>
		</wp:postmeta>
							<wp:postmeta>
		<wp:meta_key><![CDATA[_wp_old_slug]]></wp:meta_key>
		<wp:meta_value><![CDATA[make-lots-e-commerce-online-store-2-2-2-2-2]]></wp:meta_value>
		</wp:postmeta>
							<wp:postmeta>
		<wp:meta_key><![CDATA[_wp_old_slug]]></wp:meta_key>
		<wp:meta_value><![CDATA[make-lots-e-commerce-online-store-2-2-2-2-2-2]]></wp:meta_value>
		</wp:postmeta>
							<wp:postmeta>
		<wp:meta_key><![CDATA[_et_pb_use_builder]]></wp:meta_key>
		<wp:meta_value><![CDATA[on]]></wp:meta_value>
		</wp:postmeta>
							<wp:postmeta>
		<wp:meta_key><![CDATA[_et_pb_old_content]]></wp:meta_key>
		<wp:meta_value><![CDATA[]]></wp:meta_value>
		</wp:postmeta>
							<wp:postmeta>
		<wp:meta_key><![CDATA[_et_gb_content_width]]></wp:meta_key>
		<wp:meta_value><![CDATA[]]></wp:meta_value>
		</wp:postmeta>
							<wp:postmeta>
		<wp:meta_key><![CDATA[footnotes]]></wp:meta_key>
		<wp:meta_value><![CDATA[]]></wp:meta_value>
		</wp:postmeta>
							<wp:postmeta>
		<wp:meta_key><![CDATA[_edit_last]]></wp:meta_key>
		<wp:meta_value><![CDATA[8]]></wp:meta_value>
		</wp:postmeta>
							<wp:postmeta>
		<wp:meta_key><![CDATA[_et_pb_post_hide_nav]]></wp:meta_key>
		<wp:meta_value><![CDATA[default]]></wp:meta_value>
		</wp:postmeta>
							<wp:postmeta>
		<wp:meta_key><![CDATA[_et_pb_project_nav]]></wp:meta_key>
		<wp:meta_value><![CDATA[off]]></wp:meta_value>
		</wp:postmeta>
							<wp:postmeta>
		<wp:meta_key><![CDATA[_et_pb_page_layout]]></wp:meta_key>
		<wp:meta_value><![CDATA[et_right_sidebar]]></wp:meta_value>
		</wp:postmeta>
							<wp:postmeta>
		<wp:meta_key><![CDATA[_et_pb_side_nav]]></wp:meta_key>
		<wp:meta_value><![CDATA[off]]></wp:meta_value>
		</wp:postmeta>
							<wp:postmeta>
		<wp:meta_key><![CDATA[_wp_old_slug]]></wp:meta_key>
		<wp:meta_value><![CDATA[make-lots-e-commerce-online-store-2-2-2-2-2-2-2]]></wp:meta_value>
		</wp:postmeta>
							<wp:postmeta>
		<wp:meta_key><![CDATA[_et_builder_dynamic_assets_loading_attr_threshold]]></wp:meta_key>
		<wp:meta_value><![CDATA[2]]></wp:meta_value>
		</wp:postmeta>
							<wp:postmeta>
		<wp:meta_key><![CDATA[_et_pb_built_for_post_type]]></wp:meta_key>
		<wp:meta_value><![CDATA[page]]></wp:meta_value>
		</wp:postmeta>
							<wp:postmeta>
		<wp:meta_key><![CDATA[_et_pb_ab_subjects]]></wp:meta_key>
		<wp:meta_value><![CDATA[]]></wp:meta_value>
		</wp:postmeta>
							<wp:postmeta>
		<wp:meta_key><![CDATA[_et_pb_enable_shortcode_tracking]]></wp:meta_key>
		<wp:meta_value><![CDATA[]]></wp:meta_value>
		</wp:postmeta>
							<wp:postmeta>
		<wp:meta_key><![CDATA[_et_pb_ab_current_shortcode]]></wp:meta_key>
		<wp:meta_value><![CDATA[[et_pb_split_track id="278270" /]]]></wp:meta_value>
		</wp:postmeta>
							<wp:postmeta>
		<wp:meta_key><![CDATA[_et_pb_custom_css]]></wp:meta_key>
		<wp:meta_value><![CDATA[]]></wp:meta_value>
		</wp:postmeta>
							<wp:postmeta>
		<wp:meta_key><![CDATA[_et_pb_gutter_width]]></wp:meta_key>
		<wp:meta_value><![CDATA[3]]></wp:meta_value>
		</wp:postmeta>
							<wp:postmeta>
		<wp:meta_key><![CDATA[_global_colors_info]]></wp:meta_key>
		<wp:meta_value><![CDATA[{}]]></wp:meta_value>
		</wp:postmeta>
							<wp:postmeta>
		<wp:meta_key><![CDATA[_et_pb_first_image]]></wp:meta_key>
		<wp:meta_value><![CDATA[]]></wp:meta_value>
		</wp:postmeta>
							<wp:postmeta>
		<wp:meta_key><![CDATA[_et_pb_truncate_post]]></wp:meta_key>
		<wp:meta_value><![CDATA[<div class="et_pb_section et_pb_section_0 et_section_regular" >
				
				
				
				
				
				
				
				
				
			</div>
]]></wp:meta_value>
		</wp:postmeta>
							<wp:postmeta>
		<wp:meta_key><![CDATA[_et_pb_truncate_post_date]]></wp:meta_key>
		<wp:meta_value><![CDATA[2024-07-06 04:49:34]]></wp:meta_value>
		</wp:postmeta>
							<wp:postmeta>
		<wp:meta_key><![CDATA[_et_builder_version]]></wp:meta_key>
		<wp:meta_value><![CDATA[VB|Divi|4.25.2]]></wp:meta_value>
		</wp:postmeta>
							<wp:postmeta>
		<wp:meta_key><![CDATA[_wp_old_slug]]></wp:meta_key>
		<wp:meta_value><![CDATA[make-lots-e-commerce-online-store-2-2-2-2-2-2-2-2]]></wp:meta_value>
		</wp:postmeta>
							</item>
				</channel>
</rss>
	