{"context":"df_settings","df_general_svg_support":"1","df_general_json_support":"1","df_general_library_shortcode":"1","df_general_acf_field_support":false,"df_general_popup_enable":false,"df_menu_bottom_line":false,"df_menu_bottom_line_color":false,"df_menu_bottom_line_height":false,"df_menu_bottom_line_distance":false,"df_menu_bottom_line_distance_fixed":false,"df_menu_line_width":false,"df_menu_line_animation":false,"df_menu_hide_bottom_border":false,"df_menu_item_distance":false,"df_active_modules":["AdvancedBlurb","AdvancedDataTable","AdvancedPerson","AdvancedTab","ImageGallery","Heading","TextHighlighter","Heading_Anim","BlogCarousel","PostGrid","PostList","BusinessHours","CompareImage","CFSeven","ContentCarousel","DataTable","DualButton","FlipBox","FloatImage","HoverBox","ImageAccordion","ImageCarousel","ImageHover","ImageMask","ImageReveal","MarqueeText","InstagramCarousel","InstagramGallery","JustifiedGallery","LogoCarousel","PackeryGallery","TestimonialCarousel","TiltCard","TypewriterText","WPForms","GravityForm","CptGrid","ProductGrid","ProductCarousel","ImageHotspot","CptFilter","LottieImage","CptCarousel","ContentSwitcher","ScrollImage","Divider","IconList","Breadcrumbs","RatingBox","Faq","AdvancedMenu","Timeline"]}