<?xml version="1.0" encoding="UTF-8" ?>
<!-- This is a WordPress eXtended RSS file generated by WordPress as an export of your site. -->
<!-- It contains information about your site's posts, pages, comments, categories, and other content. -->
<!-- You may use this file to transfer that content from one site to another. -->
<!-- This file is not intended to serve as a complete backup of your site. -->

<!-- To import this information into a WordPress site follow these steps: -->
<!-- 1. Log in to that site as an administrator. -->
<!-- 2. Go to Tools: Import in the WordPress admin panel. -->
<!-- 3. Install the "WordPress" importer from the list. -->
<!-- 4. Activate & Run Importer. -->
<!-- 5. Upload this file using the form provided on that page. -->
<!-- 6. You will first be asked to map the authors in this export file to users -->
<!--    on the site. For each author, you may choose to map to an -->
<!--    existing user on the site or to create a new user. -->
<!-- 7. WordPress will then import each of the posts, pages, comments, categories, etc. -->
<!--    contained in this file into your site. -->

	<!-- generator="WordPress/6.5.5" created="2024-07-08 09:06" -->
<rss version="2.0"
	xmlns:excerpt="http://wordpress.org/export/1.2/excerpt/"
	xmlns:content="http://purl.org/rss/1.0/modules/content/"
	xmlns:wfw="http://wellformedweb.org/CommentAPI/"
	xmlns:dc="http://purl.org/dc/elements/1.1/"
	xmlns:wp="http://wordpress.org/export/1.2/"
>

<channel>
	<title>Yoga Layout Packs by DiviFlash</title>
	<link>https://layouts.diviflash.xyz/yoga</link>
	<description></description>
	<pubDate>Mon, 08 Jul 2024 09:06:32 +0000</pubDate>
	<language>en-US</language>
	<wp:wxr_version>1.2</wp:wxr_version>
	<wp:base_site_url>https://layouts.diviflash.xyz/</wp:base_site_url>
	<wp:base_blog_url>https://layouts.diviflash.xyz/yoga</wp:base_blog_url>

		<wp:author><wp:author_id>9</wp:author_id><wp:author_login><![CDATA[yoga]]></wp:author_login><wp:author_email><![CDATA[test@gmail.com]]></wp:author_email><wp:author_display_name><![CDATA[yoga]]></wp:author_display_name><wp:author_first_name><![CDATA[]]></wp:author_first_name><wp:author_last_name><![CDATA[]]></wp:author_last_name></wp:author>

				
	<generator>https://wordpress.org/?v=6.5.5</generator>

<image>
	<url>https://layouts.diviflash.xyz/yoga/wp-content/uploads/sites/39/2024/06/cropped-Frame-427319673-1-32x32.webp</url>
	<title>Yoga Layout Packs by DiviFlash</title>
	<link>https://layouts.diviflash.xyz/yoga</link>
	<width>32</width>
	<height>32</height>
</image> 

		<item>
		<title><![CDATA[Vinyasa Yoga class]]></title>
		<link>https://layouts.diviflash.xyz/yoga/project/vinyasa-yoga-class/</link>
		<pubDate>Sun, 23 Jun 2024 06:22:01 +0000</pubDate>
		<dc:creator><![CDATA[yoga]]></dc:creator>
		<guid isPermaLink="false">https://diviedge.com/flash-yoga/?post_type=project&#038;p=282663</guid>
		<description></description>
		<content:encoded><![CDATA[[et_pb_section admin_label="section"]
			[et_pb_row admin_label="row"]
				[et_pb_column type="4_4"][et_pb_text admin_label="Text"]<!-- wp:paragraph -->
<p>my time in Bali specifically at Cassava one porttitor ipsum dolor sit amet Canggu!</p>
<!-- /wp:paragraph -->[/et_pb_text][/et_pb_column]
			[/et_pb_row]
		[/et_pb_section]]]></content:encoded>
		<excerpt:encoded><![CDATA[]]></excerpt:encoded>
		<wp:post_id>282663</wp:post_id>
		<wp:post_date><![CDATA[2024-06-23 06:22:01]]></wp:post_date>
		<wp:post_date_gmt><![CDATA[2024-06-23 06:22:01]]></wp:post_date_gmt>
		<wp:post_modified><![CDATA[2024-07-08 06:59:57]]></wp:post_modified>
		<wp:post_modified_gmt><![CDATA[2024-07-08 06:59:57]]></wp:post_modified_gmt>
		<wp:comment_status><![CDATA[open]]></wp:comment_status>
		<wp:ping_status><![CDATA[closed]]></wp:ping_status>
		<wp:post_name><![CDATA[vinyasa-yoga-class]]></wp:post_name>
		<wp:status><![CDATA[publish]]></wp:status>
		<wp:post_parent>0</wp:post_parent>
		<wp:menu_order>0</wp:menu_order>
		<wp:post_type><![CDATA[project]]></wp:post_type>
		<wp:post_password><![CDATA[]]></wp:post_password>
		<wp:is_sticky>0</wp:is_sticky>
										<category domain="project_category" nicename="yoga"><![CDATA[Yoga]]></category>
						<wp:postmeta>
		<wp:meta_key><![CDATA[_thumbnail_id]]></wp:meta_key>
		<wp:meta_value><![CDATA[283083]]></wp:meta_value>
		</wp:postmeta>
							<wp:postmeta>
		<wp:meta_key><![CDATA[_et_pb_use_builder]]></wp:meta_key>
		<wp:meta_value><![CDATA[on]]></wp:meta_value>
		</wp:postmeta>
							<wp:postmeta>
		<wp:meta_key><![CDATA[_et_pb_old_content]]></wp:meta_key>
		<wp:meta_value><![CDATA[<!-- wp:paragraph -->
<p>my time in Bali specifically at Cassava one porttitor ipsum dolor sit amet Canggu!</p>
<!-- /wp:paragraph -->]]></wp:meta_value>
		</wp:postmeta>
							<wp:postmeta>
		<wp:meta_key><![CDATA[_et_gb_content_width]]></wp:meta_key>
		<wp:meta_value><![CDATA[]]></wp:meta_value>
		</wp:postmeta>
							<wp:postmeta>
		<wp:meta_key><![CDATA[footnotes]]></wp:meta_key>
		<wp:meta_value><![CDATA[]]></wp:meta_value>
		</wp:postmeta>
							<wp:postmeta>
		<wp:meta_key><![CDATA[_edit_last]]></wp:meta_key>
		<wp:meta_value><![CDATA[9]]></wp:meta_value>
		</wp:postmeta>
							<wp:postmeta>
		<wp:meta_key><![CDATA[_et_pb_post_hide_nav]]></wp:meta_key>
		<wp:meta_value><![CDATA[default]]></wp:meta_value>
		</wp:postmeta>
							<wp:postmeta>
		<wp:meta_key><![CDATA[_et_pb_project_nav]]></wp:meta_key>
		<wp:meta_value><![CDATA[off]]></wp:meta_value>
		</wp:postmeta>
							<wp:postmeta>
		<wp:meta_key><![CDATA[_et_pb_page_layout]]></wp:meta_key>
		<wp:meta_value><![CDATA[et_right_sidebar]]></wp:meta_value>
		</wp:postmeta>
							<wp:postmeta>
		<wp:meta_key><![CDATA[_et_pb_side_nav]]></wp:meta_key>
		<wp:meta_value><![CDATA[off]]></wp:meta_value>
		</wp:postmeta>
							<wp:postmeta>
		<wp:meta_key><![CDATA[_et_pb_show_page_creation]]></wp:meta_key>
		<wp:meta_value><![CDATA[on]]></wp:meta_value>
		</wp:postmeta>
							</item>
					<item>
		<title><![CDATA[Anusara Yoga class]]></title>
		<link>https://layouts.diviflash.xyz/yoga/project/anusara-yoga-class/</link>
		<pubDate>Sun, 23 Jun 2024 06:22:43 +0000</pubDate>
		<dc:creator><![CDATA[yoga]]></dc:creator>
		<guid isPermaLink="false">https://diviedge.com/flash-yoga/?post_type=project&#038;p=282666</guid>
		<description></description>
		<content:encoded><![CDATA[<!-- wp:divi/placeholder -->
[et_pb_section][et_pb_row][et_pb_column type="4_4"][et_pb_text]<!-- divi:paragraph -->
<p>my time in Bali specifically at Cassava one porttitor ipsum dolor sit amet Canggu!</p>
<!-- /divi:paragraph -->[/et_pb_text][/et_pb_column][/et_pb_row][/et_pb_section]
<!-- /wp:divi/placeholder -->]]></content:encoded>
		<excerpt:encoded><![CDATA[]]></excerpt:encoded>
		<wp:post_id>282666</wp:post_id>
		<wp:post_date><![CDATA[2024-06-23 06:22:43]]></wp:post_date>
		<wp:post_date_gmt><![CDATA[2024-06-23 06:22:43]]></wp:post_date_gmt>
		<wp:post_modified><![CDATA[2024-06-23 06:22:43]]></wp:post_modified>
		<wp:post_modified_gmt><![CDATA[2024-06-23 06:22:43]]></wp:post_modified_gmt>
		<wp:comment_status><![CDATA[open]]></wp:comment_status>
		<wp:ping_status><![CDATA[closed]]></wp:ping_status>
		<wp:post_name><![CDATA[anusara-yoga-class]]></wp:post_name>
		<wp:status><![CDATA[publish]]></wp:status>
		<wp:post_parent>0</wp:post_parent>
		<wp:menu_order>0</wp:menu_order>
		<wp:post_type><![CDATA[project]]></wp:post_type>
		<wp:post_password><![CDATA[]]></wp:post_password>
		<wp:is_sticky>0</wp:is_sticky>
														<wp:postmeta>
		<wp:meta_key><![CDATA[_et_pb_use_builder]]></wp:meta_key>
		<wp:meta_value><![CDATA[on]]></wp:meta_value>
		</wp:postmeta>
							<wp:postmeta>
		<wp:meta_key><![CDATA[_et_pb_old_content]]></wp:meta_key>
		<wp:meta_value><![CDATA[<!-- wp:paragraph -->
<p>my time in Bali specifically at Cassava one porttitor ipsum dolor sit amet Canggu!</p>
<!-- /wp:paragraph -->]]></wp:meta_value>
		</wp:postmeta>
							<wp:postmeta>
		<wp:meta_key><![CDATA[_et_gb_content_width]]></wp:meta_key>
		<wp:meta_value><![CDATA[]]></wp:meta_value>
		</wp:postmeta>
							<wp:postmeta>
		<wp:meta_key><![CDATA[footnotes]]></wp:meta_key>
		<wp:meta_value><![CDATA[]]></wp:meta_value>
		</wp:postmeta>
							<wp:postmeta>
		<wp:meta_key><![CDATA[_edit_last]]></wp:meta_key>
		<wp:meta_value><![CDATA[9]]></wp:meta_value>
		</wp:postmeta>
							<wp:postmeta>
		<wp:meta_key><![CDATA[_et_pb_post_hide_nav]]></wp:meta_key>
		<wp:meta_value><![CDATA[default]]></wp:meta_value>
		</wp:postmeta>
							<wp:postmeta>
		<wp:meta_key><![CDATA[_et_pb_project_nav]]></wp:meta_key>
		<wp:meta_value><![CDATA[off]]></wp:meta_value>
		</wp:postmeta>
							<wp:postmeta>
		<wp:meta_key><![CDATA[_et_pb_page_layout]]></wp:meta_key>
		<wp:meta_value><![CDATA[et_right_sidebar]]></wp:meta_value>
		</wp:postmeta>
							<wp:postmeta>
		<wp:meta_key><![CDATA[_et_pb_side_nav]]></wp:meta_key>
		<wp:meta_value><![CDATA[off]]></wp:meta_value>
		</wp:postmeta>
							<wp:postmeta>
		<wp:meta_key><![CDATA[_thumbnail_id]]></wp:meta_key>
		<wp:meta_value><![CDATA[283080]]></wp:meta_value>
		</wp:postmeta>
							</item>
					<item>
		<title><![CDATA[Hatha Yoga class]]></title>
		<link>https://layouts.diviflash.xyz/yoga/project/vinyasa-yoga-class-2/</link>
		<pubDate>Sun, 23 Jun 2024 06:23:16 +0000</pubDate>
		<dc:creator><![CDATA[yoga]]></dc:creator>
		<guid isPermaLink="false">https://diviedge.com/flash-yoga/?post_type=project&#038;p=282668</guid>
		<description></description>
		<content:encoded><![CDATA[<!-- wp:divi/placeholder -->
[et_pb_section admin_label="section"]
			[et_pb_row admin_label="row"]
				[et_pb_column type="4_4"][et_pb_text admin_label="Text"]<!-- divi:paragraph -->
<p>my time in Bali specifically at Cassava one porttitor ipsum dolor sit amet Canggu!</p>
<!-- /divi:paragraph -->[/et_pb_text][/et_pb_column]
			[/et_pb_row]
		[/et_pb_section]
<!-- /wp:divi/placeholder -->]]></content:encoded>
		<excerpt:encoded><![CDATA[]]></excerpt:encoded>
		<wp:post_id>282668</wp:post_id>
		<wp:post_date><![CDATA[2024-06-23 06:23:16]]></wp:post_date>
		<wp:post_date_gmt><![CDATA[2024-06-23 06:23:16]]></wp:post_date_gmt>
		<wp:post_modified><![CDATA[2024-06-23 06:23:16]]></wp:post_modified>
		<wp:post_modified_gmt><![CDATA[2024-06-23 06:23:16]]></wp:post_modified_gmt>
		<wp:comment_status><![CDATA[open]]></wp:comment_status>
		<wp:ping_status><![CDATA[closed]]></wp:ping_status>
		<wp:post_name><![CDATA[vinyasa-yoga-class-2]]></wp:post_name>
		<wp:status><![CDATA[publish]]></wp:status>
		<wp:post_parent>0</wp:post_parent>
		<wp:menu_order>0</wp:menu_order>
		<wp:post_type><![CDATA[project]]></wp:post_type>
		<wp:post_password><![CDATA[]]></wp:post_password>
		<wp:is_sticky>0</wp:is_sticky>
										<category domain="project_category" nicename="yoga"><![CDATA[Yoga]]></category>
						<wp:postmeta>
		<wp:meta_key><![CDATA[_cdp_origin]]></wp:meta_key>
		<wp:meta_value><![CDATA[282663]]></wp:meta_value>
		</wp:postmeta>
							<wp:postmeta>
		<wp:meta_key><![CDATA[_cdp_origin_site]]></wp:meta_key>
		<wp:meta_value><![CDATA[-1]]></wp:meta_value>
		</wp:postmeta>
							<wp:postmeta>
		<wp:meta_key><![CDATA[_cdp_origin_title]]></wp:meta_key>
		<wp:meta_value><![CDATA[ Vinyasa Yoga class #[Counter]]]></wp:meta_value>
		</wp:postmeta>
							<wp:postmeta>
		<wp:meta_key><![CDATA[_cdp_counter]]></wp:meta_key>
		<wp:meta_value><![CDATA[2]]></wp:meta_value>
		</wp:postmeta>
							<wp:postmeta>
		<wp:meta_key><![CDATA[_wp_old_slug]]></wp:meta_key>
		<wp:meta_value><![CDATA[vinyasa-yoga-class]]></wp:meta_value>
		</wp:postmeta>
							<wp:postmeta>
		<wp:meta_key><![CDATA[_edit_last]]></wp:meta_key>
		<wp:meta_value><![CDATA[9]]></wp:meta_value>
		</wp:postmeta>
							<wp:postmeta>
		<wp:meta_key><![CDATA[_et_pb_post_hide_nav]]></wp:meta_key>
		<wp:meta_value><![CDATA[default]]></wp:meta_value>
		</wp:postmeta>
							<wp:postmeta>
		<wp:meta_key><![CDATA[_et_pb_project_nav]]></wp:meta_key>
		<wp:meta_value><![CDATA[off]]></wp:meta_value>
		</wp:postmeta>
							<wp:postmeta>
		<wp:meta_key><![CDATA[_et_pb_page_layout]]></wp:meta_key>
		<wp:meta_value><![CDATA[et_right_sidebar]]></wp:meta_value>
		</wp:postmeta>
							<wp:postmeta>
		<wp:meta_key><![CDATA[_et_pb_side_nav]]></wp:meta_key>
		<wp:meta_value><![CDATA[off]]></wp:meta_value>
		</wp:postmeta>
							<wp:postmeta>
		<wp:meta_key><![CDATA[_et_pb_use_builder]]></wp:meta_key>
		<wp:meta_value><![CDATA[on]]></wp:meta_value>
		</wp:postmeta>
							<wp:postmeta>
		<wp:meta_key><![CDATA[_et_pb_show_page_creation]]></wp:meta_key>
		<wp:meta_value><![CDATA[on]]></wp:meta_value>
		</wp:postmeta>
							<wp:postmeta>
		<wp:meta_key><![CDATA[_et_pb_old_content]]></wp:meta_key>
		<wp:meta_value><![CDATA[<!-- wp:paragraph -->
<p>my time in Bali specifically at Cassava one porttitor ipsum dolor sit amet Canggu!</p>
<!-- /wp:paragraph -->]]></wp:meta_value>
		</wp:postmeta>
							<wp:postmeta>
		<wp:meta_key><![CDATA[_thumbnail_id]]></wp:meta_key>
		<wp:meta_value><![CDATA[283081]]></wp:meta_value>
		</wp:postmeta>
							</item>
					<item>
		<title><![CDATA[Mask-group-9-2]]></title>
		<link>https://layouts.diviflash.xyz/yoga/mask-group-9-2-2/</link>
		<pubDate>Thu, 27 Jun 2024 06:10:42 +0000</pubDate>
		<dc:creator><![CDATA[yoga]]></dc:creator>
		<guid isPermaLink="false">https://layouts.diviflash.xyz/yoga/wp-content/uploads/sites/39/2024/06/Mask-group-9-2.webp</guid>
		<description></description>
		<content:encoded><![CDATA[]]></content:encoded>
		<excerpt:encoded><![CDATA[+]]></excerpt:encoded>
		<wp:post_id>283080</wp:post_id>
		<wp:post_date><![CDATA[2024-06-27 06:10:42]]></wp:post_date>
		<wp:post_date_gmt><![CDATA[2024-06-27 06:10:42]]></wp:post_date_gmt>
		<wp:post_modified><![CDATA[2024-06-27 06:10:42]]></wp:post_modified>
		<wp:post_modified_gmt><![CDATA[2024-06-27 06:10:42]]></wp:post_modified_gmt>
		<wp:comment_status><![CDATA[open]]></wp:comment_status>
		<wp:ping_status><![CDATA[closed]]></wp:ping_status>
		<wp:post_name><![CDATA[mask-group-9-2-2]]></wp:post_name>
		<wp:status><![CDATA[inherit]]></wp:status>
		<wp:post_parent>0</wp:post_parent>
		<wp:menu_order>0</wp:menu_order>
		<wp:post_type><![CDATA[attachment]]></wp:post_type>
		<wp:post_password><![CDATA[]]></wp:post_password>
		<wp:is_sticky>0</wp:is_sticky>
						<wp:attachment_url><![CDATA[https://layouts.diviflash.xyz/yoga/wp-content/uploads/sites/39/2024/06/Mask-group-9-2.webp]]></wp:attachment_url>
											<wp:postmeta>
		<wp:meta_key><![CDATA[_wp_attached_file]]></wp:meta_key>
		<wp:meta_value><![CDATA[2024/06/Mask-group-9-2.webp]]></wp:meta_value>
		</wp:postmeta>
							<wp:postmeta>
		<wp:meta_key><![CDATA[_wp_attachment_metadata]]></wp:meta_key>
		<wp:meta_value><![CDATA[a:6:{s:5:"width";i:954;s:6:"height";i:954;s:4:"file";s:27:"2024/06/Mask-group-9-2.webp";s:8:"filesize";i:40318;s:5:"sizes";a:9:{s:6:"medium";a:5:{s:4:"file";s:27:"Mask-group-9-2-300x300.webp";s:5:"width";i:300;s:6:"height";i:300;s:9:"mime-type";s:10:"image/webp";s:8:"filesize";i:12390;}s:9:"thumbnail";a:5:{s:4:"file";s:27:"Mask-group-9-2-150x150.webp";s:5:"width";i:150;s:6:"height";i:150;s:9:"mime-type";s:10:"image/webp";s:8:"filesize";i:4954;}s:12:"medium_large";a:5:{s:4:"file";s:27:"Mask-group-9-2-768x768.webp";s:5:"width";i:768;s:6:"height";i:768;s:9:"mime-type";s:10:"image/webp";s:8:"filesize";i:41326;}s:21:"et-pb-post-main-image";a:5:{s:4:"file";s:27:"Mask-group-9-2-400x250.webp";s:5:"width";i:400;s:6:"height";i:250;s:9:"mime-type";s:10:"image/webp";s:8:"filesize";i:15110;}s:31:"et-pb-post-main-image-fullwidth";a:5:{s:4:"file";s:27:"Mask-group-9-2-954x675.webp";s:5:"width";i:954;s:6:"height";i:675;s:9:"mime-type";s:10:"image/webp";s:8:"filesize";i:51060;}s:21:"et-pb-portfolio-image";a:5:{s:4:"file";s:27:"Mask-group-9-2-400x284.webp";s:5:"width";i:400;s:6:"height";i:284;s:9:"mime-type";s:10:"image/webp";s:8:"filesize";i:15908;}s:28:"et-pb-portfolio-module-image";a:5:{s:4:"file";s:27:"Mask-group-9-2-510x382.webp";s:5:"width";i:510;s:6:"height";i:382;s:9:"mime-type";s:10:"image/webp";s:8:"filesize";i:21868;}s:35:"et-pb-gallery-module-image-portrait";a:5:{s:4:"file";s:27:"Mask-group-9-2-400x516.webp";s:5:"width";i:400;s:6:"height";i:516;s:9:"mime-type";s:10:"image/webp";s:8:"filesize";i:18806;}s:30:"et-pb-image--responsive--phone";a:5:{s:4:"file";s:27:"Mask-group-9-2-480x480.webp";s:5:"width";i:480;s:6:"height";i:480;s:9:"mime-type";s:10:"image/webp";s:8:"filesize";i:22828;}}s:10:"image_meta";a:12:{s:8:"aperture";s:1:"0";s:6:"credit";s:0:"";s:6:"camera";s:0:"";s:7:"caption";s:0:"";s:17:"created_timestamp";s:1:"0";s:9:"copyright";s:0:"";s:12:"focal_length";s:1:"0";s:3:"iso";s:1:"0";s:13:"shutter_speed";s:1:"0";s:5:"title";s:0:"";s:11:"orientation";s:1:"0";s:8:"keywords";a:0:{}}}]]></wp:meta_value>
		</wp:postmeta>
							<wp:postmeta>
		<wp:meta_key><![CDATA[_wp_old_slug]]></wp:meta_key>
		<wp:meta_value><![CDATA[mask-group-1]]></wp:meta_value>
		</wp:postmeta>
							<wp:postmeta>
		<wp:meta_key><![CDATA[df_ig_url]]></wp:meta_key>
		<wp:meta_value><![CDATA[]]></wp:meta_value>
		</wp:postmeta>
							<wp:postmeta>
		<wp:meta_key><![CDATA[_edit_last]]></wp:meta_key>
		<wp:meta_value><![CDATA[9]]></wp:meta_value>
		</wp:postmeta>
							<wp:postmeta>
		<wp:meta_key><![CDATA[_wp_old_slug]]></wp:meta_key>
		<wp:meta_value><![CDATA[mask-group-1]]></wp:meta_value>
		</wp:postmeta>
							<wp:postmeta>
		<wp:meta_key><![CDATA[df_ig_url]]></wp:meta_key>
		<wp:meta_value><![CDATA[]]></wp:meta_value>
		</wp:postmeta>
							<wp:postmeta>
		<wp:meta_key><![CDATA[_edit_last]]></wp:meta_key>
		<wp:meta_value><![CDATA[9]]></wp:meta_value>
		</wp:postmeta>
							</item>
					<item>
		<title><![CDATA[Mask-group-36]]></title>
		<link>https://layouts.diviflash.xyz/yoga/mask-group-36/</link>
		<pubDate>Thu, 27 Jun 2024 06:10:51 +0000</pubDate>
		<dc:creator><![CDATA[yoga]]></dc:creator>
		<guid isPermaLink="false">https://layouts.diviflash.xyz/yoga/wp-content/uploads/sites/39/2024/06/Mask-group-36.webp</guid>
		<description></description>
		<content:encoded><![CDATA[]]></content:encoded>
		<excerpt:encoded><![CDATA[+]]></excerpt:encoded>
		<wp:post_id>283081</wp:post_id>
		<wp:post_date><![CDATA[2024-06-27 06:10:51]]></wp:post_date>
		<wp:post_date_gmt><![CDATA[2024-06-27 06:10:51]]></wp:post_date_gmt>
		<wp:post_modified><![CDATA[2024-06-27 06:10:51]]></wp:post_modified>
		<wp:post_modified_gmt><![CDATA[2024-06-27 06:10:51]]></wp:post_modified_gmt>
		<wp:comment_status><![CDATA[open]]></wp:comment_status>
		<wp:ping_status><![CDATA[closed]]></wp:ping_status>
		<wp:post_name><![CDATA[mask-group-36]]></wp:post_name>
		<wp:status><![CDATA[inherit]]></wp:status>
		<wp:post_parent>0</wp:post_parent>
		<wp:menu_order>0</wp:menu_order>
		<wp:post_type><![CDATA[attachment]]></wp:post_type>
		<wp:post_password><![CDATA[]]></wp:post_password>
		<wp:is_sticky>0</wp:is_sticky>
						<wp:attachment_url><![CDATA[https://layouts.diviflash.xyz/yoga/wp-content/uploads/sites/39/2024/06/Mask-group-36.webp]]></wp:attachment_url>
											<wp:postmeta>
		<wp:meta_key><![CDATA[_wp_attached_file]]></wp:meta_key>
		<wp:meta_value><![CDATA[2024/06/Mask-group-36.webp]]></wp:meta_value>
		</wp:postmeta>
							<wp:postmeta>
		<wp:meta_key><![CDATA[_wp_attachment_metadata]]></wp:meta_key>
		<wp:meta_value><![CDATA[a:6:{s:5:"width";i:405;s:6:"height";i:270;s:4:"file";s:26:"2024/06/Mask-group-36.webp";s:8:"filesize";i:41536;s:5:"sizes";a:5:{s:6:"medium";a:5:{s:4:"file";s:26:"Mask-group-36-300x200.webp";s:5:"width";i:300;s:6:"height";i:200;s:9:"mime-type";s:10:"image/webp";s:8:"filesize";i:11898;}s:9:"thumbnail";a:5:{s:4:"file";s:26:"Mask-group-36-150x150.webp";s:5:"width";i:150;s:6:"height";i:150;s:9:"mime-type";s:10:"image/webp";s:8:"filesize";i:5922;}s:21:"et-pb-post-main-image";a:5:{s:4:"file";s:26:"Mask-group-36-400x250.webp";s:5:"width";i:400;s:6:"height";i:250;s:9:"mime-type";s:10:"image/webp";s:8:"filesize";i:16258;}s:21:"et-pb-portfolio-image";a:5:{s:4:"file";s:26:"Mask-group-36-400x270.webp";s:5:"width";i:400;s:6:"height";i:270;s:9:"mime-type";s:10:"image/webp";s:8:"filesize";i:19932;}s:35:"et-pb-gallery-module-image-portrait";a:5:{s:4:"file";s:26:"Mask-group-36-400x270.webp";s:5:"width";i:400;s:6:"height";i:270;s:9:"mime-type";s:10:"image/webp";s:8:"filesize";i:19932;}}s:10:"image_meta";a:12:{s:8:"aperture";s:1:"0";s:6:"credit";s:0:"";s:6:"camera";s:0:"";s:7:"caption";s:0:"";s:17:"created_timestamp";s:1:"0";s:9:"copyright";s:0:"";s:12:"focal_length";s:1:"0";s:3:"iso";s:1:"0";s:13:"shutter_speed";s:1:"0";s:5:"title";s:0:"";s:11:"orientation";s:1:"0";s:8:"keywords";a:0:{}}}]]></wp:meta_value>
		</wp:postmeta>
							<wp:postmeta>
		<wp:meta_key><![CDATA[_wp_old_slug]]></wp:meta_key>
		<wp:meta_value><![CDATA[mask-group-2]]></wp:meta_value>
		</wp:postmeta>
							<wp:postmeta>
		<wp:meta_key><![CDATA[df_ig_url]]></wp:meta_key>
		<wp:meta_value><![CDATA[]]></wp:meta_value>
		</wp:postmeta>
							<wp:postmeta>
		<wp:meta_key><![CDATA[_edit_last]]></wp:meta_key>
		<wp:meta_value><![CDATA[9]]></wp:meta_value>
		</wp:postmeta>
							<wp:postmeta>
		<wp:meta_key><![CDATA[_wp_old_slug]]></wp:meta_key>
		<wp:meta_value><![CDATA[mask-group-2]]></wp:meta_value>
		</wp:postmeta>
							<wp:postmeta>
		<wp:meta_key><![CDATA[df_ig_url]]></wp:meta_key>
		<wp:meta_value><![CDATA[]]></wp:meta_value>
		</wp:postmeta>
							<wp:postmeta>
		<wp:meta_key><![CDATA[_edit_last]]></wp:meta_key>
		<wp:meta_value><![CDATA[9]]></wp:meta_value>
		</wp:postmeta>
							</item>
					<item>
		<title><![CDATA[Mask-group-22]]></title>
		<link>https://layouts.diviflash.xyz/yoga/mask-group-22/</link>
		<pubDate>Thu, 27 Jun 2024 06:11:31 +0000</pubDate>
		<dc:creator><![CDATA[yoga]]></dc:creator>
		<guid isPermaLink="false">https://layouts.diviflash.xyz/yoga/wp-content/uploads/sites/39/2024/06/Mask-group-2-2.webp</guid>
		<description></description>
		<content:encoded><![CDATA[]]></content:encoded>
		<excerpt:encoded><![CDATA[+]]></excerpt:encoded>
		<wp:post_id>283083</wp:post_id>
		<wp:post_date><![CDATA[2024-06-27 06:11:31]]></wp:post_date>
		<wp:post_date_gmt><![CDATA[2024-06-27 06:11:31]]></wp:post_date_gmt>
		<wp:post_modified><![CDATA[2024-06-27 06:11:31]]></wp:post_modified>
		<wp:post_modified_gmt><![CDATA[2024-06-27 06:11:31]]></wp:post_modified_gmt>
		<wp:comment_status><![CDATA[open]]></wp:comment_status>
		<wp:ping_status><![CDATA[closed]]></wp:ping_status>
		<wp:post_name><![CDATA[mask-group-22]]></wp:post_name>
		<wp:status><![CDATA[inherit]]></wp:status>
		<wp:post_parent>0</wp:post_parent>
		<wp:menu_order>0</wp:menu_order>
		<wp:post_type><![CDATA[attachment]]></wp:post_type>
		<wp:post_password><![CDATA[]]></wp:post_password>
		<wp:is_sticky>0</wp:is_sticky>
						<wp:attachment_url><![CDATA[https://layouts.diviflash.xyz/yoga/wp-content/uploads/sites/39/2024/06/Mask-group-2-2.webp]]></wp:attachment_url>
											<wp:postmeta>
		<wp:meta_key><![CDATA[_wp_attached_file]]></wp:meta_key>
		<wp:meta_value><![CDATA[2024/06/Mask-group-2-2.webp]]></wp:meta_value>
		</wp:postmeta>
							<wp:postmeta>
		<wp:meta_key><![CDATA[_wp_attachment_metadata]]></wp:meta_key>
		<wp:meta_value><![CDATA[a:6:{s:5:"width";i:405;s:6:"height";i:270;s:4:"file";s:27:"2024/06/Mask-group-2-2.webp";s:8:"filesize";i:41900;s:5:"sizes";a:5:{s:6:"medium";a:5:{s:4:"file";s:27:"Mask-group-2-2-300x200.webp";s:5:"width";i:300;s:6:"height";i:200;s:9:"mime-type";s:10:"image/webp";s:8:"filesize";i:13402;}s:9:"thumbnail";a:5:{s:4:"file";s:27:"Mask-group-2-2-150x150.webp";s:5:"width";i:150;s:6:"height";i:150;s:9:"mime-type";s:10:"image/webp";s:8:"filesize";i:6642;}s:21:"et-pb-post-main-image";a:5:{s:4:"file";s:27:"Mask-group-2-2-400x250.webp";s:5:"width";i:400;s:6:"height";i:250;s:9:"mime-type";s:10:"image/webp";s:8:"filesize";i:18822;}s:21:"et-pb-portfolio-image";a:5:{s:4:"file";s:27:"Mask-group-2-2-400x270.webp";s:5:"width";i:400;s:6:"height";i:270;s:9:"mime-type";s:10:"image/webp";s:8:"filesize";i:23730;}s:35:"et-pb-gallery-module-image-portrait";a:5:{s:4:"file";s:27:"Mask-group-2-2-400x270.webp";s:5:"width";i:400;s:6:"height";i:270;s:9:"mime-type";s:10:"image/webp";s:8:"filesize";i:23730;}}s:10:"image_meta";a:12:{s:8:"aperture";s:1:"0";s:6:"credit";s:0:"";s:6:"camera";s:0:"";s:7:"caption";s:0:"";s:17:"created_timestamp";s:1:"0";s:9:"copyright";s:0:"";s:12:"focal_length";s:1:"0";s:3:"iso";s:1:"0";s:13:"shutter_speed";s:1:"0";s:5:"title";s:0:"";s:11:"orientation";s:1:"0";s:8:"keywords";a:0:{}}}]]></wp:meta_value>
		</wp:postmeta>
							<wp:postmeta>
		<wp:meta_key><![CDATA[_wp_old_slug]]></wp:meta_key>
		<wp:meta_value><![CDATA[mask-group-3]]></wp:meta_value>
		</wp:postmeta>
							<wp:postmeta>
		<wp:meta_key><![CDATA[df_ig_url]]></wp:meta_key>
		<wp:meta_value><![CDATA[]]></wp:meta_value>
		</wp:postmeta>
							<wp:postmeta>
		<wp:meta_key><![CDATA[_edit_last]]></wp:meta_key>
		<wp:meta_value><![CDATA[9]]></wp:meta_value>
		</wp:postmeta>
							<wp:postmeta>
		<wp:meta_key><![CDATA[_wp_old_slug]]></wp:meta_key>
		<wp:meta_value><![CDATA[mask-group-2-2-2]]></wp:meta_value>
		</wp:postmeta>
							<wp:postmeta>
		<wp:meta_key><![CDATA[_wp_old_slug]]></wp:meta_key>
		<wp:meta_value><![CDATA[mask-group-3]]></wp:meta_value>
		</wp:postmeta>
							<wp:postmeta>
		<wp:meta_key><![CDATA[df_ig_url]]></wp:meta_key>
		<wp:meta_value><![CDATA[]]></wp:meta_value>
		</wp:postmeta>
							<wp:postmeta>
		<wp:meta_key><![CDATA[_edit_last]]></wp:meta_key>
		<wp:meta_value><![CDATA[9]]></wp:meta_value>
		</wp:postmeta>
							<wp:postmeta>
		<wp:meta_key><![CDATA[_wp_old_slug]]></wp:meta_key>
		<wp:meta_value><![CDATA[mask-group-2-2-2]]></wp:meta_value>
		</wp:postmeta>
							</item>
				</channel>
</rss>
	