{"context":"et_builder_layouts","data":{"244762":{"ID":244762,"post_date":"2022-01-13 11:41:05","post_date_gmt":"2022-01-13 11:41:05","post_content":"[et_pb_section fb_built=\"1\" fullwidth=\"on\" _builder_version=\"4.13.0\" _module_preset=\"default\" global_colors_info=\"{}\"][et_pb_fullwidth_header title=\"About Us\" text_orientation=\"center\" content_max_width_tablet=\"\" content_max_width_phone=\"100%\" content_max_width_last_edited=\"on|phone\" module_class=\"home_blog_grid\" _builder_version=\"4.14.4\" _module_preset=\"default\" title_font=\"Montserrat|700|||||||\" title_font_size=\"22px\" title_line_height=\"25px\" content_font=\"Montserrat|700|||||||\" content_font_size=\"44px\" content_line_height=\"62px\" background_enable_color=\"off\" background_image=\"https:\/\/diviedge.com\/layout-design\/medipulse\/wp-content\/uploads\/sites\/12\/2021\/11\/Group-3085.jpg\" width_tablet=\"\" width_phone=\"100%\" width_last_edited=\"on|phone\" custom_padding=\"200px||200px||true|false\" custom_padding_tablet=\"135px||135px||true|false\" custom_padding_phone=\"120px|0px|120px|0px|true|false\" custom_padding_last_edited=\"on|phone\" title_font_size_tablet=\"18px\" title_font_size_phone=\"17px\" title_font_size_last_edited=\"on|phone\" title_line_height_tablet=\"20px\" title_line_height_phone=\"28px\" title_line_height_last_edited=\"on|phone\" content_font_size_tablet=\"42px\" content_font_size_phone=\"28px\" content_font_size_last_edited=\"on|phone\" content_line_height_tablet=\"50px\" content_line_height_phone=\"40px\" content_line_height_last_edited=\"on|tablet\" background_last_edited=\"on|phone\" background_image_tablet=\"https:\/\/diviedge.com\/layout-design\/medipulse\/wp-content\/uploads\/sites\/12\/2021\/12\/Group-3084-1.jpg\" background_image_phone=\"https:\/\/diviedge.com\/layout-design\/medipulse\/wp-content\/uploads\/sites\/12\/2021\/12\/Group-3085-1.jpg\" background_enable_image_tablet=\"on\" background_enable_image_phone=\"on\" background_size_phone=\"cover\" background_position_tablet=\"center_left\" background_position_phone=\"center\" title_text_shadow_style=\"preset1\" title_text_shadow_vertical_length=\"5px\" title_text_shadow_blur_strength=\"6px\" content_text_shadow_style=\"preset1\" content_text_shadow_vertical_length=\"5px\" content_text_shadow_blur_strength=\"6px\" global_colors_info=\"{}\" custom_css_title_last_edited=\"on|phone\" custom_css_title_tablet=\"padding-bottom: 18px;\" custom_css_title_phone=\"padding-bottom: 14px;\"]<p>Healthcare That Cares<\/p>[\/et_pb_fullwidth_header][\/et_pb_section][et_pb_section fb_built=\"1\" specialty=\"on\" _builder_version=\"4.14.4\" _module_preset=\"default\" locked=\"off\" global_colors_info=\"{}\"][et_pb_column type=\"1_2\" _builder_version=\"3.25\" custom_padding=\"|||\" global_colors_info=\"{}\" custom_padding__hover=\"|||\"][et_pb_image src=\"https:\/\/diviedge.com\/layout-design\/medipulse\/wp-content\/uploads\/sites\/12\/2022\/01\/about-2.jpg\" title_text=\"about-2\" disabled_on=\"on|on|off\" _builder_version=\"4.14.4\" _module_preset=\"default\" overflow-x=\"visible\" overflow-y=\"visible\" border_radii=\"on|4px|4px|4px|4px\" global_colors_info=\"{}\"][\/et_pb_image][\/et_pb_column][et_pb_column type=\"1_2\" specialty_columns=\"2\" _builder_version=\"3.25\" custom_padding=\"|||\" global_colors_info=\"{}\" custom_padding__hover=\"|||\"][et_pb_row_inner custom_padding_last_edited=\"on|phone\" _builder_version=\"4.14.4\" _module_preset=\"default\" custom_margin_tablet=\"0px||||false|false\" custom_margin_phone=\"0px||||false|false\" custom_margin_last_edited=\"on|tablet\" custom_padding_tablet=\"0px||||false|false\" custom_padding_phone=\"0px||||false|false\" global_colors_info=\"{}\"][et_pb_column_inner saved_specialty_column_type=\"1_2\" _builder_version=\"4.14.4\" _module_preset=\"default\" global_colors_info=\"{}\"][difl_advanced_blurb title=\"About MediCare\" sub_title=\"We\u2019re Setting the New Research & Clinical Care.\" content_width=\"100%\" title_margin=\"||||false|false\" sub_title_margin=\"||14px||false|false\" disabled_on=\"off|off|off\" _builder_version=\"4.14.4\" _module_preset=\"default\" title_font=\"Montserrat|600|||||||\" title_text_color=\"#107fc9\" title_font_size=\"18px\" sub_title_font=\"|700|||||||\" sub_title_text_color=\"#2f3241\" sub_title_font_size=\"34px\" sub_title_line_height=\"40px\" content_body_font=\"Montserrat||||||||\" content_body_text_color=\"#333333\" content_body_font_size=\"16px\" content_body_line_height=\"28px\" width=\"99%\" width_tablet=\"100%\" width_phone=\"100%\" width_last_edited=\"on|tablet\" custom_margin=\"36px||||false|false\" title_font_size_tablet=\"17px\" title_font_size_phone=\"16px\" title_font_size_last_edited=\"on|desktop\" title_line_height_tablet=\"\" title_line_height_phone=\"22px\" title_line_height_last_edited=\"on|phone\" sub_title_font_size_tablet=\"31px\" sub_title_font_size_phone=\"23px\" sub_title_font_size_last_edited=\"on|desktop\" sub_title_line_height_tablet=\"40px\" sub_title_line_height_phone=\"34px\" sub_title_line_height_last_edited=\"on|phone\" content_body_font_size_tablet=\"15px\" content_body_font_size_phone=\"14px\" content_body_font_size_last_edited=\"on|phone\" locked=\"off\" global_colors_info=\"{}\"]<p>Lorem ipsum dolor sit amet, consectetur adipiscing elit, sed do smod tem incididunt ut labore et dolore magna aliqua. Ut enim inimnmiam, quis nostrud exercitation ullamco laboris.<\/p>[\/difl_advanced_blurb][\/et_pb_column_inner][\/et_pb_row_inner][et_pb_row_inner column_structure=\"1_2,1_2\" _builder_version=\"4.14.4\" _module_preset=\"default\" global_colors_info=\"{}\"][et_pb_column_inner type=\"1_2\" saved_specialty_column_type=\"1_2\" _builder_version=\"4.14.4\" _module_preset=\"default\" global_colors_info=\"{}\"][et_pb_blurb title=\"Specialist Doctor\" use_icon=\"on\" font_icon=\"&#xf0f0;||fa||900\" icon_placement=\"left\" _builder_version=\"4.14.4\" _module_preset=\"default\" header_font=\"Montserrat|600|||||||\" header_font_size=\"18px\" header_line_height=\"26px\" animation=\"off\" header_font_size_tablet=\"17px\" header_font_size_phone=\"16px\" header_font_size_last_edited=\"on|desktop\" custom_css_blurb_image=\"vertical-align: middle;\" custom_css_blurb_title=\"padding-bottom: 0px;\" global_colors_info=\"{}\"][\/et_pb_blurb][et_pb_blurb title=\"Emergency Cases\" use_icon=\"on\" font_icon=\"&#xf0f9;||fa||900\" icon_placement=\"left\" _builder_version=\"4.14.4\" _module_preset=\"default\" header_font=\"Montserrat|600|||||||\" header_font_size=\"18px\" header_line_height=\"26px\" animation=\"off\" header_font_size_tablet=\"17px\" header_font_size_phone=\"16px\" header_font_size_last_edited=\"on|tablet\" custom_css_blurb_image=\"vertical-align: middle;\" custom_css_blurb_title=\"padding-bottom: 0px;\" global_colors_info=\"{}\"][\/et_pb_blurb][\/et_pb_column_inner][et_pb_column_inner type=\"1_2\" saved_specialty_column_type=\"1_2\" _builder_version=\"4.14.4\" _module_preset=\"default\" global_colors_info=\"{}\"][et_pb_blurb title=\"Certified Medicine\" use_icon=\"on\" font_icon=\"&#xf484;||fa||900\" icon_placement=\"left\" _builder_version=\"4.14.4\" _module_preset=\"default\" header_font=\"Montserrat|600|||||||\" header_font_size=\"18px\" header_line_height=\"26px\" animation=\"off\" header_font_size_tablet=\"17px\" header_font_size_phone=\"16px\" header_font_size_last_edited=\"on|tablet\" custom_css_blurb_image=\"vertical-align: middle;\" custom_css_blurb_title=\"padding-bottom: 0px;\" locked=\"off\" global_colors_info=\"{}\"][\/et_pb_blurb][et_pb_blurb title=\" 24x7 Support\" use_icon=\"on\" font_icon=\"&#xf590;||fa||900\" icon_placement=\"left\" _builder_version=\"4.14.4\" _module_preset=\"default\" header_font=\"Montserrat|600|||||||\" header_font_size=\"18px\" header_line_height=\"26px\" animation=\"off\" header_font_size_tablet=\"17px\" header_font_size_phone=\"16px\" header_font_size_last_edited=\"on|tablet\" custom_css_blurb_image=\"vertical-align: middle;\" custom_css_blurb_title=\"padding-bottom: 0px;\" locked=\"off\" global_colors_info=\"{}\"][\/et_pb_blurb][\/et_pb_column_inner][\/et_pb_row_inner][et_pb_row_inner _builder_version=\"4.14.4\" _module_preset=\"default\" global_colors_info=\"{}\"][et_pb_column_inner saved_specialty_column_type=\"1_2\" _builder_version=\"4.14.4\" _module_preset=\"default\" global_colors_info=\"{}\"][et_pb_button button_url=\"#\" button_text=\"Learn More\" button_alignment=\"left\" _builder_version=\"4.14.5\" _module_preset=\"default\" custom_button=\"on\" button_text_size=\"18px\" button_text_color=\"#FFFFFF\" button_bg_color=\"#107fc9\" button_border_color=\"#107FC9\" button_border_radius=\"33px\" button_font=\"|600|||||||\" button_use_icon=\"off\" custom_padding=\"12px|36px|12px|36px|true|true\" button_text_size_tablet=\"16px\" button_text_size_phone=\"14px\" button_text_size_last_edited=\"on|desktop\" box_shadow_style=\"preset1\" box_shadow_horizontal=\"2.73px\" box_shadow_vertical=\"7.51px\" box_shadow_blur=\"20px\" box_shadow_color=\"rgba(0,0,0,0.15)\" locked=\"off\" global_colors_info=\"{}\" box_shadow_horizontal__hover_enabled=\"on|hover\" box_shadow_vertical__hover_enabled=\"on|desktop\" box_shadow_blur__hover_enabled=\"on|desktop\" box_shadow_horizontal__hover=\"0px\" box_shadow_vertical__hover=\"0px\" box_shadow_blur__hover=\"0px\" button_text_color__hover_enabled=\"on|hover\" button_text_color__hover=\"#107FC9\" button_bg_color__hover_enabled=\"on|hover\" button_bg_color__hover=\"#FFFFFF\" button_bg_enable_color__hover=\"on\" button_border_color__hover_enabled=\"on|desktop\" button_border_color__hover=\"#107FC9\"][\/et_pb_button][\/et_pb_column_inner][\/et_pb_row_inner][\/et_pb_column][\/et_pb_section][et_pb_section fb_built=\"1\" custom_padding_last_edited=\"on|phone\" _builder_version=\"4.14.4\" _module_preset=\"default\" background_color=\"rgba(66,179,229,0.05)\" custom_padding_tablet=\"||||false|false\" custom_padding_phone=\"0px||||false|false\" global_colors_info=\"{}\"][et_pb_row column_structure=\"1_2,1_2\" use_custom_gutter=\"on\" gutter_width=\"2\" custom_padding_last_edited=\"on|phone\" _builder_version=\"4.14.4\" _module_preset=\"default\" width_tablet=\"\" width_phone=\"\" width_last_edited=\"on|phone\" custom_padding_tablet=\"0px||0px||false|false\" custom_padding_phone=\"0px||0px||false|false\" global_colors_info=\"{}\" custom_css_main_element_last_edited=\"on|tablet\" custom_css_main_element_tablet=\"display: -webkit-box;||display: -ms-flexbox;||display: flex;||-webkit-box-orient: vertical;||-webkit-box-direction: reverse;||-ms-flex-direction: column-reverse;||flex-direction: column-reverse;\" custom_css_main_element_phone=\"display: -webkit-box;||display: -ms-flexbox;||display: flex;||-webkit-box-orient: vertical;||-webkit-box-direction: reverse;||-ms-flex-direction: column-reverse;||flex-direction: column-reverse;\"][et_pb_column type=\"1_2\" _builder_version=\"4.14.4\" _module_preset=\"default\" global_colors_info=\"{}\" custom_css_main_element_last_edited=\"on|phone\" custom_css_main_element_phone=\"margin-bottom: 24px;\" custom_css_main_element_tablet=\"margin-bottom: 0px;\"][difl_advanced_blurb title=\"Trusted Doctors\" sub_title=\"A Great Place to Receive Care.\" button_text=\"Our Service\" button_url=\"#\" button_alignment=\"left\" button_background_bgcolor=\"#107FC9\" content_width=\"100%\" button_wrapper_padding=\"||||false|false\" title_margin=\"||||false|false\" sub_title_margin=\"||14px||false|false\" button_margin=\"55px||||false|false\" button_padding=\"12px|36px|12px|36px|true|true\" wrapper_margin_tablet=\"0px||||false|false\" wrapper_margin_phone=\"30px||||false|false\" wrapper_margin_last_edited=\"on|phone\" sub_title_margin_tablet=\"||||false|false\" sub_title_margin_phone=\"||||false|false\" sub_title_margin_last_edited=\"off|desktop\" button_margin_tablet=\"35px||||false|false\" button_margin_phone=\"24px||||false|false\" button_margin_last_edited=\"on|phone\" disabled_on=\"off|off|off\" _builder_version=\"4.14.5\" _module_preset=\"default\" title_font=\"Montserrat|600|||||||\" title_text_color=\"#107fc9\" title_font_size=\"18px\" title_line_height=\"22px\" sub_title_font=\"Montserrat|700|||||||\" sub_title_text_color=\"#2f3241\" sub_title_font_size=\"34px\" sub_title_line_height=\"40px\" content_body_font=\"Montserrat||||||||\" content_body_text_color=\"#333333\" content_body_font_size=\"16px\" content_body_line_height=\"28px\" button_text_font=\"Montserrat|600|||||||\" button_text_text_color=\"#FFFFFF\" width=\"100%\" width_tablet=\"100%\" width_phone=\"100%\" width_last_edited=\"on|tablet\" custom_margin=\"||||false|false\" custom_margin_tablet=\"0px||||false|false\" custom_margin_phone=\"0px||||false|false\" custom_margin_last_edited=\"on|tablet\" custom_padding_tablet=\"0px||||false|false\" custom_padding_phone=\"0px||||false|false\" custom_padding_last_edited=\"on|tablet\" title_font_size_tablet=\"18px\" title_font_size_phone=\"16px\" title_font_size_last_edited=\"on|phone\" title_line_height_tablet=\"22px\" title_line_height_phone=\"19px\" title_line_height_last_edited=\"on|desktop\" sub_title_font_size_tablet=\"34px\" sub_title_font_size_phone=\"24px\" sub_title_font_size_last_edited=\"on|phone\" sub_title_line_height_tablet=\"42px\" sub_title_line_height_phone=\"34px\" sub_title_line_height_last_edited=\"on|phone\" content_body_font_size_tablet=\"15px\" content_body_font_size_phone=\"14px\" content_body_font_size_last_edited=\"on|desktop\" button_text_font_size_tablet=\"16px\" button_text_font_size_phone=\"14px\" button_text_font_size_last_edited=\"on|desktop\" border_radii_button_border=\"on|33px|33px|33px|33px\" border_width_all_button_border=\"2px\" border_color_all_button_border=\"#107FC9\" box_shadow_style_button_shadow=\"preset1\" box_shadow_horizontal_button_shadow=\"2.73px\" box_shadow_vertical_button_shadow=\"7.51px\" box_shadow_blur_button_shadow=\"20px\" box_shadow_color_button_shadow=\"rgba(0,0,0,0.15)\" locked=\"off\" global_colors_info=\"{}\" button_background_bgcolor__hover_enabled=\"on|desktop\" button_background_bgcolor__hover=\"rgba(66,179,229,0)\" border_color_all_button_border__hover_enabled=\"on|desktop\" border_color_all_button_border__hover=\"#107fc9\" button_text_text_color__hover_enabled=\"on|hover\" button_text_text_color__hover=\"#107fc9\" box_shadow_horizontal_button_shadow__hover_enabled=\"on|hover\" box_shadow_vertical_button_shadow__hover_enabled=\"on|desktop\" box_shadow_blur_button_shadow__hover_enabled=\"on|desktop\" box_shadow_horizontal_button_shadow__hover=\"0px\" box_shadow_vertical_button_shadow__hover=\"0px\" box_shadow_blur_button_shadow__hover=\"0px\"]<p>Lorem ipsum dolor sit amet, consectetur adipiscing elit, sed do smod tem incididunt ut labore et dolore magna aliqua. Ut enim inimnmiam, quis nostrud exercitation ullamco laboris.<\/p>[\/difl_advanced_blurb][\/et_pb_column][et_pb_column type=\"1_2\" _builder_version=\"4.14.4\" _module_preset=\"default\" custom_padding_tablet=\"\" custom_padding_phone=\"0px||||false|false\" custom_padding_last_edited=\"on|phone\" global_colors_info=\"{}\" custom_css_main_element_last_edited=\"on|phone\" custom_css_main_element_phone=\"margin-bottom: 24px;\"][et_pb_video src=\"https:\/\/www.youtube.com\/watch?v=72cte84Jg-A\" image_src=\"https:\/\/diviedge.com\/layout-design\/medipulse\/wp-content\/uploads\/sites\/12\/2021\/11\/Group-3084.png\" play_icon_color=\"#107fc9\" use_icon_font_size=\"on\" icon_font_size=\"60px\" thumbnail_overlay_color=\"rgba(0,0,0,0.3)\" _builder_version=\"4.14.4\" _module_preset=\"default\" transform_scale_tablet=\"\" transform_scale_phone=\"125%|125%\" transform_scale_last_edited=\"on|phone\" transform_translate_tablet=\"\" transform_translate_phone=\"\" transform_translate_last_edited=\"on|phone\" transform_rotate_tablet=\"\" transform_rotate_phone=\"\" transform_rotate_last_edited=\"on|phone\" transform_skew_tablet=\"\" transform_skew_phone=\"\" transform_skew_last_edited=\"on|phone\" transform_origin_tablet=\"\" transform_origin_phone=\"\" transform_origin_last_edited=\"on|phone\" transform_styles_last_edited=\"on|phone\" custom_margin_tablet=\"||55px||false|false\" custom_margin_phone=\"23px||40px||false|false\" custom_margin_last_edited=\"on|tablet\" custom_padding_tablet=\"||0px||false|false\" custom_padding_phone=\"||0px||false|false\" custom_padding_last_edited=\"on|tablet\" transform_styles_tablet=\"\" transform_styles_phone=\"\" global_colors_info=\"{}\"][\/et_pb_video][\/et_pb_column][\/et_pb_row][\/et_pb_section][et_pb_section fb_built=\"1\" custom_padding_last_edited=\"on|phone\" _builder_version=\"4.14.4\" _module_preset=\"default\" custom_padding_tablet=\"||||false|false\" custom_padding_phone=\"0px||||false|false\" locked=\"off\" global_colors_info=\"{}\"][et_pb_row column_structure=\"1_2,1_2\" custom_padding_last_edited=\"on|phone\" _builder_version=\"4.14.4\" _module_preset=\"default\" width_tablet=\"\" width_phone=\"100%\" width_last_edited=\"on|desktop\" custom_padding_tablet=\"\" custom_padding_phone=\"0px||||false|false\" global_colors_info=\"{}\"][et_pb_column type=\"1_2\" _builder_version=\"4.14.4\" _module_preset=\"default\" global_colors_info=\"{}\"][et_pb_image src=\"https:\/\/diviedge.com\/layout-design\/medipulse\/wp-content\/uploads\/sites\/12\/2022\/01\/cardiology.jpg\" title_text=\"cardiology\" module_class=\"about_icon\" _builder_version=\"4.14.4\" _module_preset=\"default\" overflow-x=\"visible\" overflow-y=\"visible\" border_radii=\"on|4px|4px|4px|4px\" locked=\"off\" global_colors_info=\"{}\"][\/et_pb_image][\/et_pb_column][et_pb_column type=\"1_2\" _builder_version=\"4.14.4\" _module_preset=\"default\" custom_padding_tablet=\"\" custom_padding_phone=\"|35px||35px|false|true\" custom_padding_last_edited=\"on|phone\" global_colors_info=\"{}\"][difl_advanced_blurb title=\"About MediCare\" sub_title=\"We\u2019re Setting the New Research & Clinical Care.\" content_width=\"100%\" title_margin=\"||||false|false\" sub_title_margin=\"||14px||false|false\" sub_title_margin_tablet=\"||||false|false\" sub_title_margin_phone=\"||||false|false\" sub_title_margin_last_edited=\"off|desktop\" disabled_on=\"off|off|off\" _builder_version=\"4.14.4\" _module_preset=\"default\" title_font=\"Montserrat|600|||||||\" title_text_color=\"#107fc9\" title_font_size=\"18px\" sub_title_font=\"Montserrat|700|||||||\" sub_title_text_color=\"#2f3241\" sub_title_font_size=\"34px\" sub_title_line_height=\"40px\" content_body_font=\"Montserrat||||||||\" content_body_text_color=\"#333333\" content_body_font_size=\"16px\" content_body_line_height=\"28px\" width=\"99%\" width_tablet=\"100%\" width_phone=\"100%\" width_last_edited=\"on|tablet\" custom_margin_tablet=\"80px||||false|false\" custom_margin_phone=\"30px||||false|false\" custom_margin_last_edited=\"off|desktop\" title_font_size_tablet=\"16px\" title_font_size_phone=\"18px\" title_font_size_last_edited=\"on|desktop\" title_line_height_tablet=\"\" title_line_height_phone=\"22px\" title_line_height_last_edited=\"on|phone\" sub_title_font_size_tablet=\"31px\" sub_title_font_size_phone=\"23px\" sub_title_font_size_last_edited=\"on|desktop\" sub_title_line_height_tablet=\"40px\" sub_title_line_height_phone=\"34px\" sub_title_line_height_last_edited=\"on|phone\" content_body_font_size_tablet=\"15px\" content_body_font_size_phone=\"14px\" content_body_font_size_last_edited=\"on|desktop\" locked=\"off\" global_colors_info=\"{}\"]<p>Lorem ipsum dolor sit amet, consectetur adipiscing elit, sed do smod tem incididunt ut labore et dolore magna aliqua. Ut enim inimnmiam, quis nostrud exercitation ullamco laboris.<\/p>[\/difl_advanced_blurb][et_pb_counters _builder_version=\"4.13.0\" _module_preset=\"default\" locked=\"off\" global_colors_info=\"{}\"][et_pb_counter percent=\"96\" bar_background_color=\"#107fc9\" _builder_version=\"4.13.0\" _module_preset=\"default\" title_font=\"|700|||||||\" title_text_color=\"#2f3241\" title_font_size=\"18px\" percent_font=\"|700|||||||\" percent_font_size=\"16px\" background_enable_video_mp4=\"on\" background_enable_video_webm=\"on\" custom_margin=\"||32px||false|false\" custom_padding=\"||||false|false\" title_font_size_tablet=\"16px\" title_font_size_phone=\"14px\" title_font_size_last_edited=\"on|desktop\" percent_font_size_tablet=\"14px\" percent_font_size_phone=\"12px\" percent_font_size_last_edited=\"on|desktop\" global_colors_info=\"{}\" background_enable_color_default=\"on\" parallax_default=\"off\" parallax_method_default=\"on\" bar_background_color_default=\"#107fc9\" use_percentages=\"on\"]Oncology[\/et_pb_counter][et_pb_counter percent=\"76\" bar_background_color=\"#107fc9\" _builder_version=\"4.13.0\" _module_preset=\"default\" title_font=\"|700|||||||\" title_text_color=\"#2f3241\" title_font_size=\"18px\" percent_font=\"|700|||||||\" percent_font_size=\"16px\" background_enable_video_mp4=\"on\" background_enable_video_webm=\"on\" custom_margin=\"||32px||false|false\" custom_padding=\"||||false|false\" title_font_size_tablet=\"16px\" title_font_size_phone=\"14px\" title_font_size_last_edited=\"on|desktop\" percent_font_size_tablet=\"14px\" percent_font_size_phone=\"12px\" percent_font_size_last_edited=\"on|desktop\" global_colors_info=\"{}\" background_enable_color_default=\"on\" parallax_default=\"off\" parallax_method_default=\"on\" bar_background_color_default=\"#107fc9\" use_percentages=\"on\"]Gynecology[\/et_pb_counter][et_pb_counter percent=\"66\" bar_background_color=\"#107fc9\" _builder_version=\"4.13.0\" _module_preset=\"default\" title_font=\"|700|||||||\" title_text_color=\"#2f3241\" title_font_size=\"18px\" percent_font=\"|700|||||||\" percent_font_size=\"16px\" background_enable_video_mp4=\"on\" background_enable_video_webm=\"on\" custom_margin=\"||32px||false|false\" custom_padding=\"||||false|false\" title_font_size_tablet=\"16px\" title_font_size_phone=\"14px\" title_font_size_last_edited=\"on|desktop\" percent_font_size_tablet=\"14px\" percent_font_size_phone=\"12px\" percent_font_size_last_edited=\"on|desktop\" global_colors_info=\"{}\" background_enable_color_default=\"on\" parallax_default=\"off\" parallax_method_default=\"on\" bar_background_color_default=\"#107fc9\" use_percentages=\"on\"]Rehabilitation[\/et_pb_counter][et_pb_counter percent=\"56\" bar_background_color=\"#107fc9\" _builder_version=\"4.13.0\" _module_preset=\"default\" title_font=\"|700|||||||\" title_text_color=\"#2f3241\" title_font_size=\"18px\" percent_font=\"|700|||||||\" percent_font_size=\"16px\" background_enable_video_mp4=\"on\" background_enable_video_webm=\"on\" custom_margin=\"||32px||false|false\" custom_padding=\"||||false|false\" title_font_size_tablet=\"16px\" title_font_size_phone=\"14px\" title_font_size_last_edited=\"on|desktop\" percent_font_size_tablet=\"14px\" percent_font_size_phone=\"12px\" percent_font_size_last_edited=\"on|desktop\" global_colors_info=\"{}\" background_enable_color_default=\"on\" parallax_default=\"off\" parallax_method_default=\"on\" bar_background_color_default=\"#107fc9\" use_percentages=\"on\"]Services[\/et_pb_counter][\/et_pb_counters][et_pb_button button_url=\"#\" button_text=\"Learn More\" button_alignment=\"left\" _builder_version=\"4.14.5\" _module_preset=\"default\" custom_button=\"on\" button_text_size=\"18px\" button_text_color=\"#FFFFFF\" button_bg_color=\"#107fc9\" button_border_color=\"#107FC9\" button_border_radius=\"33px\" button_font=\"|600|||||||\" button_use_icon=\"off\" custom_padding=\"12px|36px|12px|36px|true|true\" button_text_size_tablet=\"16px\" button_text_size_phone=\"14px\" button_text_size_last_edited=\"on|desktop\" box_shadow_style=\"preset1\" box_shadow_horizontal=\"2.73px\" box_shadow_vertical=\"7.51px\" box_shadow_blur=\"20px\" box_shadow_color=\"rgba(0,0,0,0.15)\" locked=\"off\" global_colors_info=\"{}\" box_shadow_horizontal__hover_enabled=\"on|hover\" box_shadow_vertical__hover_enabled=\"on|desktop\" box_shadow_blur__hover_enabled=\"on|desktop\" box_shadow_horizontal__hover=\"0px\" box_shadow_vertical__hover=\"0px\" box_shadow_blur__hover=\"0px\" button_text_color__hover_enabled=\"on|hover\" button_text_color__hover=\"#107FC9\" button_bg_color__hover_enabled=\"on|hover\" button_bg_color__hover=\"#FFFFFF\" button_bg_enable_color__hover=\"on\" button_border_color__hover_enabled=\"on|desktop\" button_border_color__hover=\"#107FC9\"][\/et_pb_button][\/et_pb_column][\/et_pb_row][\/et_pb_section][et_pb_section fb_built=\"1\" custom_padding_last_edited=\"on|tablet\" _builder_version=\"4.14.4\" _module_preset=\"default\" background_color=\"rgba(66,179,229,0.05)\" custom_padding=\"||80px||false|false\" custom_padding_tablet=\"||90px||false|false\" custom_padding_phone=\"52px||40px||false|false\" locked=\"off\" global_colors_info=\"{}\"][et_pb_row _builder_version=\"4.14.4\" _module_preset=\"default\" locked=\"off\" global_colors_info=\"{}\"][et_pb_column type=\"4_4\" _builder_version=\"4.14.4\" _module_preset=\"default\" global_colors_info=\"{}\"][df_adh_heading title_prefix=\"Our Specialist Doctors\" use_divider=\"on\" divider_color=\"#107FC9\" divider_height=\"4px\" divider_width=\"40px\" divider_alignment=\"center\" divider_background_bgcolor=\"#107fc9\" heading_padding=\"||20px||false|false\" _builder_version=\"4.14.4\" _module_preset=\"default\" title_font=\"Montserrat|700|||||||\" title_text_align=\"center\" title_text_color=\"#2f3241\" title_font_size=\"40px\" title_line_height=\"1.3em\" custom_margin=\"||15px||false|false\" title_font_tablet=\"Montserrat|700|||||||\" title_font_phone=\"Montserrat|700|||||||\" title_font_last_edited=\"on|desktop\" title_font_size_tablet=\"36px\" title_font_size_phone=\"28px\" title_font_size_last_edited=\"on|desktop\" locked=\"off\" global_colors_info=\"{}\"][\/df_adh_heading][et_pb_text _builder_version=\"4.14.4\" _module_preset=\"default\" text_font=\"Montserrat||||||||\" text_text_color=\"#333333\" text_font_size=\"18px\" text_line_height=\"28px\" text_orientation=\"center\" width=\"60%\" width_tablet=\"95%\" width_phone=\"100%\" width_last_edited=\"on|desktop\" module_alignment=\"center\" text_font_size_tablet=\"16px\" text_font_size_phone=\"14px\" text_font_size_last_edited=\"on|tablet\" global_colors_info=\"{}\"]<p>Lorem ipsum dolor sit amet, consectetuer adipiscing elit, sed diam nonummy nibhie euismod tincidunt ut laoreet dolore magna erat<\/p>[\/et_pb_text][\/et_pb_column][\/et_pb_row][et_pb_row column_structure=\"1_3,1_3,1_3\" custom_padding_last_edited=\"on|tablet\" disabled_on=\"off|off|off\" _builder_version=\"4.14.4\" _module_preset=\"default\" custom_padding_tablet=\"||0px||false|false\" custom_padding_phone=\"||0px||false|false\" global_colors_info=\"{}\"][et_pb_column type=\"1_3\" _builder_version=\"4.14.4\" _module_preset=\"default\" global_colors_info=\"{}\"][difl_advanced_blurb title=\"Dr. Emma Potter\" sub_title=\"Surgeon\" button_text=\"Read Profile\" button_alignment=\"center\" image=\"https:\/\/diviedge.com\/layout-design\/medipulse\/wp-content\/uploads\/sites\/12\/2021\/12\/t5.jpg\" title_background_bgcolor=\"#107fc9\" sub_title_background_bgcolor=\"#107FC9\" button_background_bgcolor=\"#107fc9\" button_wrapper_margin=\"25px||||false|false\" button_wrapper_padding=\"||||false|false\" title_padding=\"10px||||false|false\" sub_title_margin=\"-1px||||false|false\" content_padding=\"10px|12px||12px|false|true\" button_margin=\"||25px||false|false\" button_padding=\"10px|25px|10px|25px|true|true\" image_width_tablet=\"100%\" image_width_phone=\"100%\" image_width_last_edited=\"on|tablet\" module_class=\"about_doctor\" _builder_version=\"4.14.4\" _module_preset=\"default\" title_font=\"Work Sans|700|||||||\" title_text_align=\"center\" title_text_color=\"#FFFFFF\" sub_title_font=\"Work Sans|||on|||||\" sub_title_text_align=\"center\" sub_title_text_color=\"#FFFFFF\" sub_title_font_size=\"12px\" content_body_font=\"Work Sans||||||||\" content_body_text_color=\"#302d2a\" button_text_font=\"Work Sans|500||on|||||\" button_text_text_color=\"#FFFFFF\" button_text_font_size=\"14px\" background_color=\"#f5f5f5\" width_tablet=\"100%\" width_phone=\"100%\" width_last_edited=\"on|desktop\" border_radii=\"on|4px|4px|4px|4px\" border_radii_button_border=\"on|33px|33px|33px|33px\" border_width_all_button_border=\"2px\" border_color_all_button_border=\"#107FC9\" box_shadow_style_button_shadow=\"preset1\" box_shadow_horizontal_button_shadow=\"2.74px\" box_shadow_vertical_button_shadow=\"7.52px\" box_shadow_blur_button_shadow=\"20px\" box_shadow_color_button_shadow=\"rgba(0,0,0,0.15)\" global_colors_info=\"{}\" button_background_bgcolor__hover_enabled=\"on|desktop\" button_background_bgcolor__hover=\"#FFFFFF\" button_text_text_color__hover_enabled=\"on|desktop\" button_text_text_color__hover=\"#107FC9\" border_color_all_button_border__hover_enabled=\"on|hover\" border_color_all_button_border__hover=\"#107FC9\" box_shadow_horizontal_button_shadow__hover_enabled=\"on|hover\" box_shadow_vertical_button_shadow__hover_enabled=\"on|hover\" box_shadow_blur_button_shadow__hover_enabled=\"on|desktop\" box_shadow_horizontal_button_shadow__hover=\"0px\" box_shadow_vertical_button_shadow__hover=\"0px\" box_shadow_blur_button_shadow__hover=\"0px\" custom_css_main_element_last_edited=\"on|tablet\" custom_css_main_element_tablet=\"max-width: 540px;||margin: 0 auto;\" custom_css_main_element_phone=\"max-width: 540px;||margin: 0 auto;\"]<table style=\"border-collapse: collapse;width: 100%\" border=\"1\">\n<tbody>\n<tr>\n<td style=\"width: 50%\">Monday \u2013 Friday<\/td>\n<td style=\"width: 50%\">8.00 \u2013 17.00<\/td>\n<\/tr>\n<tr>\n<td style=\"width: 50%\">Saturday<\/td>\n<td style=\"width: 50%\">10.00- 16.00<\/td>\n<\/tr>\n<tr>\n<td style=\"width: 50%\">Sunday<\/td>\n<td style=\"width: 50%\">12.00 \u2013 14.00<\/td>\n<\/tr>\n<\/tbody>\n<\/table>[\/difl_advanced_blurb][\/et_pb_column][et_pb_column type=\"1_3\" _builder_version=\"4.14.4\" _module_preset=\"default\" global_colors_info=\"{}\"][difl_advanced_blurb title=\"Dr. Sara Lentz\" sub_title=\"Surgeon\" button_text=\"Read Profile\" button_alignment=\"center\" image=\"https:\/\/diviedge.com\/layout-design\/medipulse\/wp-content\/uploads\/sites\/12\/2021\/12\/t7.jpg\" title_background_bgcolor=\"#107fc9\" sub_title_background_bgcolor=\"#107FC9\" button_background_bgcolor=\"#107fc9\" button_wrapper_margin=\"25px||||false|false\" button_wrapper_padding=\"||||false|false\" title_padding=\"10px||||false|false\" sub_title_margin=\"-1px||||false|false\" content_padding=\"10px|12px||12px|false|true\" button_margin=\"||25px||false|false\" button_padding=\"10px|25px|10px|25px|true|true\" module_class=\"about_doctor\" _builder_version=\"4.14.4\" _module_preset=\"default\" title_font=\"Work Sans|700|||||||\" title_text_align=\"center\" title_text_color=\"#FFFFFF\" sub_title_font=\"Work Sans|||on|||||\" sub_title_text_align=\"center\" sub_title_text_color=\"#FFFFFF\" sub_title_font_size=\"12px\" content_body_font=\"Work Sans||||||||\" content_body_text_color=\"#302d2a\" button_text_font=\"Work Sans|500||on|||||\" button_text_text_color=\"#FFFFFF\" button_text_font_size=\"14px\" background_color=\"#f5f5f5\" border_radii=\"on|4px|4px|4px|4px\" border_radii_button_border=\"on|33px|33px|33px|33px\" border_width_all_button_border=\"2px\" border_color_all_button_border=\"#107FC9\" box_shadow_style_button_shadow=\"preset1\" box_shadow_horizontal_button_shadow=\"2.74px\" box_shadow_vertical_button_shadow=\"7.52px\" box_shadow_blur_button_shadow=\"20px\" box_shadow_color_button_shadow=\"rgba(0,0,0,0.15)\" locked=\"off\" global_colors_info=\"{}\" button_background_bgcolor__hover_enabled=\"on|desktop\" button_background_bgcolor__hover=\"#FFFFFF\" button_text_text_color__hover_enabled=\"on|desktop\" button_text_text_color__hover=\"#107FC9\" border_color_all_button_border__hover_enabled=\"on|hover\" border_color_all_button_border__hover=\"#107FC9\" box_shadow_horizontal_button_shadow__hover_enabled=\"on|hover\" box_shadow_vertical_button_shadow__hover_enabled=\"on|hover\" box_shadow_blur_button_shadow__hover_enabled=\"on|desktop\" box_shadow_horizontal_button_shadow__hover=\"0px\" box_shadow_vertical_button_shadow__hover=\"0px\" box_shadow_blur_button_shadow__hover=\"0px\" custom_css_main_element_last_edited=\"on|tablet\" custom_css_main_element_tablet=\"max-width: 540px;||margin: 0 auto;\" custom_css_main_element_phone=\"max-width: 540px;||margin: 0 auto;\"]<table style=\"border-collapse: collapse;width: 100%\" border=\"1\">\n<tbody>\n<tr>\n<td style=\"width: 50%\">Monday \u2013 Friday<\/td>\n<td style=\"width: 50%\">8.00 \u2013 17.00<\/td>\n<\/tr>\n<tr>\n<td style=\"width: 50%\">Saturday<\/td>\n<td style=\"width: 50%\">10.00- 16.00<\/td>\n<\/tr>\n<tr>\n<td style=\"width: 50%\">Sunday<\/td>\n<td style=\"width: 50%\">12.00 \u2013 14.00<\/td>\n<\/tr>\n<\/tbody>\n<\/table>[\/difl_advanced_blurb][\/et_pb_column][et_pb_column type=\"1_3\" _builder_version=\"4.14.4\" _module_preset=\"default\" global_colors_info=\"{}\"][difl_advanced_blurb title=\"Dr. Sara Gray\" sub_title=\"Dentist\" button_text=\"Read Profile\" button_alignment=\"center\" image=\"https:\/\/diviedge.com\/layout-design\/medipulse\/wp-content\/uploads\/sites\/12\/2021\/12\/t4.jpg\" title_background_bgcolor=\"#107fc9\" sub_title_background_bgcolor=\"#107FC9\" button_background_bgcolor=\"#107fc9\" button_wrapper_margin=\"25px||||false|false\" button_wrapper_padding=\"||||false|false\" title_padding=\"10px||||false|false\" sub_title_margin=\"-1px||||false|false\" content_padding=\"10px|12px||12px|false|true\" button_margin=\"||25px||false|false\" button_padding=\"10px|25px|10px|25px|true|true\" module_class=\"about_doctor\" _builder_version=\"4.14.4\" _module_preset=\"default\" title_font=\"Work Sans|700|||||||\" title_text_align=\"center\" title_text_color=\"#FFFFFF\" sub_title_font=\"Work Sans|||on|||||\" sub_title_text_align=\"center\" sub_title_text_color=\"#FFFFFF\" sub_title_font_size=\"12px\" content_body_font=\"Work Sans||||||||\" content_body_text_color=\"#302d2a\" button_text_font=\"Work Sans|500||on|||||\" button_text_text_color=\"#FFFFFF\" button_text_font_size=\"14px\" background_color=\"#f5f5f5\" border_radii=\"on|4px|4px|4px|4px\" border_radii_button_border=\"on|33px|33px|33px|33px\" border_width_all_button_border=\"2px\" border_color_all_button_border=\"#107FC9\" box_shadow_style_button_shadow=\"preset1\" box_shadow_horizontal_button_shadow=\"2.74px\" box_shadow_vertical_button_shadow=\"7.52px\" box_shadow_blur_button_shadow=\"20px\" box_shadow_color_button_shadow=\"rgba(0,0,0,0.15)\" locked=\"off\" global_colors_info=\"{}\" button_background_bgcolor__hover_enabled=\"on|desktop\" button_background_bgcolor__hover=\"#FFFFFF\" button_text_text_color__hover_enabled=\"on|desktop\" button_text_text_color__hover=\"#107FC9\" border_color_all_button_border__hover_enabled=\"on|hover\" border_color_all_button_border__hover=\"#107FC9\" box_shadow_horizontal_button_shadow__hover_enabled=\"on|hover\" box_shadow_vertical_button_shadow__hover_enabled=\"on|hover\" box_shadow_blur_button_shadow__hover_enabled=\"on|desktop\" box_shadow_horizontal_button_shadow__hover=\"0px\" box_shadow_vertical_button_shadow__hover=\"0px\" box_shadow_blur_button_shadow__hover=\"0px\" custom_css_main_element_last_edited=\"on|tablet\" custom_css_main_element_tablet=\"max-width: 540px;||margin: 0 auto;\" custom_css_main_element_phone=\"max-width: 540px;||margin: 0 auto;\"]<table style=\"border-collapse: collapse;width: 100%\" border=\"1\">\n<tbody>\n<tr>\n<td style=\"width: 50%\">Monday \u2013 Friday<\/td>\n<td style=\"width: 50%\">8.00 \u2013 17.00<\/td>\n<\/tr>\n<tr>\n<td style=\"width: 50%\">Saturday<\/td>\n<td style=\"width: 50%\">10.00- 16.00<\/td>\n<\/tr>\n<tr>\n<td style=\"width: 50%\">Sunday<\/td>\n<td style=\"width: 50%\">12.00 \u2013 14.00<\/td>\n<\/tr>\n<\/tbody>\n<\/table>[\/difl_advanced_blurb][\/et_pb_column][\/et_pb_row][et_pb_row column_structure=\"1_3,1_3,1_3\" custom_padding_last_edited=\"on|tablet\" disabled_on=\"off|off|off\" _builder_version=\"4.14.4\" _module_preset=\"default\" custom_padding_tablet=\"||0px||false|false\" custom_padding_phone=\"||0px||false|false\" global_colors_info=\"{}\"][et_pb_column type=\"1_3\" _builder_version=\"4.14.4\" _module_preset=\"default\" global_colors_info=\"{}\"][difl_advanced_blurb title=\"Lisa Weider\" sub_title=\"Manager\" button_text=\"Read Profile\" button_alignment=\"center\" image=\"https:\/\/diviedge.com\/layout-design\/medipulse\/wp-content\/uploads\/sites\/12\/2022\/01\/t9.jpg\" title_background_bgcolor=\"#107fc9\" sub_title_background_bgcolor=\"#107FC9\" button_background_bgcolor=\"#107fc9\" button_wrapper_margin=\"25px||||false|false\" button_wrapper_padding=\"||||false|false\" title_padding=\"10px||||false|false\" sub_title_margin=\"-1px||||false|false\" content_padding=\"10px|12px||12px|false|true\" button_margin=\"||25px||false|false\" button_padding=\"10px|25px|10px|25px|true|true\" module_class=\"about_doctor\" _builder_version=\"4.14.4\" _module_preset=\"default\" title_font=\"Work Sans|700|||||||\" title_text_align=\"center\" title_text_color=\"#FFFFFF\" sub_title_font=\"Work Sans|||on|||||\" sub_title_text_align=\"center\" sub_title_text_color=\"#FFFFFF\" sub_title_font_size=\"12px\" content_body_font=\"Work Sans||||||||\" content_body_text_color=\"#302d2a\" button_text_font=\"Work Sans|500||on|||||\" button_text_text_color=\"#FFFFFF\" button_text_font_size=\"14px\" background_color=\"#f5f5f5\" border_radii=\"on|4px|4px|4px|4px\" border_radii_button_border=\"on|33px|33px|33px|33px\" border_width_all_button_border=\"2px\" border_color_all_button_border=\"#107FC9\" box_shadow_style_button_shadow=\"preset1\" box_shadow_horizontal_button_shadow=\"2.74px\" box_shadow_vertical_button_shadow=\"7.52px\" box_shadow_blur_button_shadow=\"20px\" box_shadow_color_button_shadow=\"rgba(0,0,0,0.15)\" global_colors_info=\"{}\" button_background_bgcolor__hover_enabled=\"on|desktop\" button_background_bgcolor__hover=\"#FFFFFF\" button_text_text_color__hover_enabled=\"on|desktop\" button_text_text_color__hover=\"#107FC9\" border_color_all_button_border__hover_enabled=\"on|hover\" border_color_all_button_border__hover=\"#107FC9\" box_shadow_horizontal_button_shadow__hover_enabled=\"on|hover\" box_shadow_vertical_button_shadow__hover_enabled=\"on|hover\" box_shadow_blur_button_shadow__hover_enabled=\"on|desktop\" box_shadow_horizontal_button_shadow__hover=\"0px\" box_shadow_vertical_button_shadow__hover=\"0px\" box_shadow_blur_button_shadow__hover=\"0px\" custom_css_main_element_last_edited=\"on|tablet\" custom_css_main_element_tablet=\"max-width: 540px;||margin: 0 auto;\" custom_css_main_element_phone=\"max-width: 540px;||margin: 0 auto;\"]<table style=\"border-collapse: collapse;width: 100%\" border=\"1\">\n<tbody>\n<tr>\n<td style=\"width: 50%\">Monday \u2013 Friday<\/td>\n<td style=\"width: 50%\">8.00 \u2013 17.00<\/td>\n<\/tr>\n<tr>\n<td style=\"width: 50%\">Saturday<\/td>\n<td style=\"width: 50%\">10.00- 16.00<\/td>\n<\/tr>\n<tr>\n<td style=\"width: 50%\">Sunday<\/td>\n<td style=\"width: 50%\">12.00 \u2013 14.00<\/td>\n<\/tr>\n<\/tbody>\n<\/table>[\/difl_advanced_blurb][\/et_pb_column][et_pb_column type=\"1_3\" _builder_version=\"4.14.4\" _module_preset=\"default\" global_colors_info=\"{}\"][difl_advanced_blurb title=\"Dr. Mark Lowson\" sub_title=\"Therapist\" button_text=\"Read Profile\" button_alignment=\"center\" image=\"https:\/\/diviedge.com\/layout-design\/medipulse\/wp-content\/uploads\/sites\/12\/2022\/01\/t1.jpg\" title_background_bgcolor=\"#107fc9\" sub_title_background_bgcolor=\"#107FC9\" button_background_bgcolor=\"#107fc9\" button_wrapper_margin=\"25px||||false|false\" button_wrapper_padding=\"||||false|false\" title_padding=\"10px||||false|false\" sub_title_margin=\"-1px||||false|false\" content_padding=\"10px|12px||12px|false|true\" button_margin=\"||25px||false|false\" button_padding=\"10px|25px|10px|25px|true|true\" module_class=\"about_doctor\" _builder_version=\"4.14.4\" _module_preset=\"default\" title_font=\"Work Sans|700|||||||\" title_text_align=\"center\" title_text_color=\"#FFFFFF\" sub_title_font=\"Work Sans|||on|||||\" sub_title_text_align=\"center\" sub_title_text_color=\"#FFFFFF\" sub_title_font_size=\"12px\" content_body_font=\"Work Sans||||||||\" content_body_text_color=\"#302d2a\" button_text_font=\"Work Sans|500||on|||||\" button_text_text_color=\"#FFFFFF\" button_text_font_size=\"14px\" background_color=\"#f5f5f5\" border_radii=\"on|4px|4px|4px|4px\" border_radii_button_border=\"on|33px|33px|33px|33px\" border_width_all_button_border=\"2px\" border_color_all_button_border=\"#107FC9\" box_shadow_style_button_shadow=\"preset1\" box_shadow_horizontal_button_shadow=\"2.74px\" box_shadow_vertical_button_shadow=\"7.52px\" box_shadow_blur_button_shadow=\"20px\" box_shadow_color_button_shadow=\"rgba(0,0,0,0.15)\" locked=\"off\" global_colors_info=\"{}\" button_background_bgcolor__hover_enabled=\"on|desktop\" button_background_bgcolor__hover=\"#FFFFFF\" button_text_text_color__hover_enabled=\"on|desktop\" button_text_text_color__hover=\"#107FC9\" border_color_all_button_border__hover_enabled=\"on|hover\" border_color_all_button_border__hover=\"#107FC9\" box_shadow_horizontal_button_shadow__hover_enabled=\"on|hover\" box_shadow_vertical_button_shadow__hover_enabled=\"on|hover\" box_shadow_blur_button_shadow__hover_enabled=\"on|desktop\" box_shadow_horizontal_button_shadow__hover=\"0px\" box_shadow_vertical_button_shadow__hover=\"0px\" box_shadow_blur_button_shadow__hover=\"0px\" custom_css_main_element_last_edited=\"on|tablet\" custom_css_main_element_tablet=\"max-width: 540px;||margin: 0 auto;\" custom_css_main_element_phone=\"max-width: 540px;||margin: 0 auto;\"]<table style=\"border-collapse: collapse;width: 100%\" border=\"1\">\n<tbody>\n<tr>\n<td style=\"width: 50%\">Monday \u2013 Friday<\/td>\n<td style=\"width: 50%\">8.00 \u2013 17.00<\/td>\n<\/tr>\n<tr>\n<td style=\"width: 50%\">Saturday<\/td>\n<td style=\"width: 50%\">10.00- 16.00<\/td>\n<\/tr>\n<tr>\n<td style=\"width: 50%\">Sunday<\/td>\n<td style=\"width: 50%\">12.00 \u2013 14.00<\/td>\n<\/tr>\n<\/tbody>\n<\/table>[\/difl_advanced_blurb][\/et_pb_column][et_pb_column type=\"1_3\" _builder_version=\"4.14.4\" _module_preset=\"default\" global_colors_info=\"{}\"][difl_advanced_blurb title=\"Lara Crow\" sub_title=\"Nurse\" button_text=\"Read Profile\" button_alignment=\"center\" image=\"https:\/\/diviedge.com\/layout-design\/medipulse\/wp-content\/uploads\/sites\/12\/2022\/01\/t2.jpg\" title_background_bgcolor=\"#107fc9\" sub_title_background_bgcolor=\"#107FC9\" button_background_bgcolor=\"#107fc9\" button_wrapper_margin=\"25px||||false|false\" button_wrapper_padding=\"||||false|false\" title_padding=\"10px||||false|false\" sub_title_margin=\"-1px||||false|false\" content_padding=\"10px|12px||12px|false|true\" button_margin=\"||25px||false|false\" button_padding=\"10px|25px|10px|25px|true|true\" module_class=\"about_doctor\" _builder_version=\"4.14.4\" _module_preset=\"default\" title_font=\"Work Sans|700|||||||\" title_text_align=\"center\" title_text_color=\"#FFFFFF\" sub_title_font=\"Work Sans|||on|||||\" sub_title_text_align=\"center\" sub_title_text_color=\"#FFFFFF\" sub_title_font_size=\"12px\" content_body_font=\"Work Sans||||||||\" content_body_text_color=\"#302d2a\" button_text_font=\"Work Sans|500||on|||||\" button_text_text_color=\"#FFFFFF\" button_text_font_size=\"14px\" background_color=\"#f5f5f5\" border_radii=\"on|4px|4px|4px|4px\" border_radii_button_border=\"on|33px|33px|33px|33px\" border_width_all_button_border=\"2px\" border_color_all_button_border=\"#107FC9\" box_shadow_style_button_shadow=\"preset1\" box_shadow_horizontal_button_shadow=\"2.74px\" box_shadow_vertical_button_shadow=\"7.52px\" box_shadow_blur_button_shadow=\"20px\" box_shadow_color_button_shadow=\"rgba(0,0,0,0.15)\" locked=\"off\" global_colors_info=\"{}\" button_background_bgcolor__hover_enabled=\"on|desktop\" button_background_bgcolor__hover=\"#FFFFFF\" button_text_text_color__hover_enabled=\"on|desktop\" button_text_text_color__hover=\"#107FC9\" border_color_all_button_border__hover_enabled=\"on|hover\" border_color_all_button_border__hover=\"#107FC9\" box_shadow_horizontal_button_shadow__hover_enabled=\"on|hover\" box_shadow_vertical_button_shadow__hover_enabled=\"on|hover\" box_shadow_blur_button_shadow__hover_enabled=\"on|desktop\" box_shadow_horizontal_button_shadow__hover=\"0px\" box_shadow_vertical_button_shadow__hover=\"0px\" box_shadow_blur_button_shadow__hover=\"0px\" custom_css_main_element_last_edited=\"on|tablet\" custom_css_main_element_tablet=\"max-width: 540px;||margin: 0 auto;\" custom_css_main_element_phone=\"max-width: 540px;||margin: 0 auto;\"]<table style=\"border-collapse: collapse;width: 100%\" border=\"1\">\n<tbody>\n<tr>\n<td style=\"width: 50%\">Monday \u2013 Friday<\/td>\n<td style=\"width: 50%\">8.00 \u2013 17.00<\/td>\n<\/tr>\n<tr>\n<td style=\"width: 50%\">Saturday<\/td>\n<td style=\"width: 50%\">10.00- 16.00<\/td>\n<\/tr>\n<tr>\n<td style=\"width: 50%\">Sunday<\/td>\n<td style=\"width: 50%\">12.00 \u2013 14.00<\/td>\n<\/tr>\n<\/tbody>\n<\/table>[\/difl_advanced_blurb][\/et_pb_column][\/et_pb_row][et_pb_row column_structure=\"1_3,1_3,1_3\" custom_padding_last_edited=\"on|desktop\" disabled_on=\"off|off|off\" _builder_version=\"4.14.4\" _module_preset=\"default\" custom_padding_tablet=\"\" custom_padding_phone=\"||0px||false|false\" global_colors_info=\"{}\"][et_pb_column type=\"1_3\" _builder_version=\"4.14.4\" _module_preset=\"default\" global_colors_info=\"{}\"][difl_advanced_blurb title=\"Dr. Marketa Brown\" sub_title=\"Therapist\" button_text=\"Read Profile\" button_alignment=\"center\" image=\"https:\/\/diviedge.com\/layout-design\/medipulse\/wp-content\/uploads\/sites\/12\/2022\/01\/t3.jpg\" title_background_bgcolor=\"#107fc9\" sub_title_background_bgcolor=\"#107FC9\" button_background_bgcolor=\"#107fc9\" button_wrapper_margin=\"25px||||false|false\" button_wrapper_padding=\"||||false|false\" title_padding=\"10px||||false|false\" sub_title_margin=\"-1px||||false|false\" content_padding=\"10px|12px||12px|false|true\" button_margin=\"||25px||false|false\" button_padding=\"10px|25px|10px|25px|true|true\" module_class=\"about_doctor\" _builder_version=\"4.14.4\" _module_preset=\"default\" title_font=\"Work Sans|700|||||||\" title_text_align=\"center\" title_text_color=\"#FFFFFF\" sub_title_font=\"Work Sans|||on|||||\" sub_title_text_align=\"center\" sub_title_text_color=\"#FFFFFF\" sub_title_font_size=\"12px\" content_body_font=\"Work Sans||||||||\" content_body_text_color=\"#302d2a\" button_text_font=\"Work Sans|500||on|||||\" button_text_text_color=\"#FFFFFF\" button_text_font_size=\"14px\" background_color=\"#f5f5f5\" custom_css_main_element=\"max-width: 540px;||margin: 0 auto;\" border_radii=\"on|4px|4px|4px|4px\" border_radii_button_border=\"on|33px|33px|33px|33px\" border_width_all_button_border=\"2px\" border_color_all_button_border=\"#107FC9\" box_shadow_style_button_shadow=\"preset1\" box_shadow_horizontal_button_shadow=\"2.74px\" box_shadow_vertical_button_shadow=\"7.52px\" box_shadow_blur_button_shadow=\"20px\" box_shadow_color_button_shadow=\"rgba(0,0,0,0.15)\" global_colors_info=\"{}\" button_background_bgcolor__hover_enabled=\"on|desktop\" button_background_bgcolor__hover=\"#FFFFFF\" button_text_text_color__hover_enabled=\"on|desktop\" button_text_text_color__hover=\"#107FC9\" border_color_all_button_border__hover_enabled=\"on|hover\" border_color_all_button_border__hover=\"#107FC9\" box_shadow_horizontal_button_shadow__hover_enabled=\"on|hover\" box_shadow_vertical_button_shadow__hover_enabled=\"on|hover\" box_shadow_blur_button_shadow__hover_enabled=\"on|desktop\" box_shadow_horizontal_button_shadow__hover=\"0px\" box_shadow_vertical_button_shadow__hover=\"0px\" box_shadow_blur_button_shadow__hover=\"0px\"]<table style=\"border-collapse: collapse;width: 100%\" border=\"1\">\n<tbody>\n<tr>\n<td style=\"width: 50%\">Monday \u2013 Friday<\/td>\n<td style=\"width: 50%\">8.00 \u2013 17.00<\/td>\n<\/tr>\n<tr>\n<td style=\"width: 50%\">Saturday<\/td>\n<td style=\"width: 50%\">10.00- 16.00<\/td>\n<\/tr>\n<tr>\n<td style=\"width: 50%\">Sunday<\/td>\n<td style=\"width: 50%\">12.00 \u2013 14.00<\/td>\n<\/tr>\n<\/tbody>\n<\/table>[\/difl_advanced_blurb][\/et_pb_column][et_pb_column type=\"1_3\" _builder_version=\"4.14.4\" _module_preset=\"default\" global_colors_info=\"{}\"][difl_advanced_blurb title=\"Emily Watson\" sub_title=\"Nurse\" button_text=\"Read Profile\" button_alignment=\"center\" image=\"https:\/\/diviedge.com\/layout-design\/medipulse\/wp-content\/uploads\/sites\/12\/2022\/01\/t6.jpg\" title_background_bgcolor=\"#107fc9\" sub_title_background_bgcolor=\"#107FC9\" button_background_bgcolor=\"#107fc9\" button_wrapper_margin=\"25px||||false|false\" button_wrapper_padding=\"||||false|false\" title_padding=\"10px||||false|false\" sub_title_margin=\"-1px||||false|false\" content_padding=\"10px|12px||12px|false|true\" button_margin=\"||25px||false|false\" button_padding=\"10px|25px|10px|25px|true|true\" module_class=\"about_doctor\" _builder_version=\"4.14.4\" _module_preset=\"default\" title_font=\"Work Sans|700|||||||\" title_text_align=\"center\" title_text_color=\"#FFFFFF\" sub_title_font=\"Work Sans|||on|||||\" sub_title_text_align=\"center\" sub_title_text_color=\"#FFFFFF\" sub_title_font_size=\"12px\" content_body_font=\"Work Sans||||||||\" content_body_text_color=\"#302d2a\" button_text_font=\"Work Sans|500||on|||||\" button_text_text_color=\"#FFFFFF\" button_text_font_size=\"14px\" background_color=\"#f5f5f5\" border_radii=\"on|4px|4px|4px|4px\" border_radii_button_border=\"on|33px|33px|33px|33px\" border_width_all_button_border=\"2px\" border_color_all_button_border=\"#107FC9\" box_shadow_style_button_shadow=\"preset1\" box_shadow_horizontal_button_shadow=\"2.74px\" box_shadow_vertical_button_shadow=\"7.52px\" box_shadow_blur_button_shadow=\"20px\" box_shadow_color_button_shadow=\"rgba(0,0,0,0.15)\" locked=\"off\" global_colors_info=\"{}\" button_background_bgcolor__hover_enabled=\"on|desktop\" button_background_bgcolor__hover=\"#FFFFFF\" button_text_text_color__hover_enabled=\"on|desktop\" button_text_text_color__hover=\"#107FC9\" border_color_all_button_border__hover_enabled=\"on|hover\" border_color_all_button_border__hover=\"#107FC9\" box_shadow_horizontal_button_shadow__hover_enabled=\"on|hover\" box_shadow_vertical_button_shadow__hover_enabled=\"on|hover\" box_shadow_blur_button_shadow__hover_enabled=\"on|desktop\" box_shadow_horizontal_button_shadow__hover=\"0px\" box_shadow_vertical_button_shadow__hover=\"0px\" box_shadow_blur_button_shadow__hover=\"0px\" custom_css_main_element_last_edited=\"on|tablet\" custom_css_main_element_tablet=\"max-width: 540px;||margin: 0 auto;\" custom_css_main_element_phone=\"max-width: 540px;||margin: 0 auto;\"]<table style=\"border-collapse: collapse;width: 100%\" border=\"1\">\n<tbody>\n<tr>\n<td style=\"width: 50%\">Monday \u2013 Friday<\/td>\n<td style=\"width: 50%\">8.00 \u2013 17.00<\/td>\n<\/tr>\n<tr>\n<td style=\"width: 50%\">Saturday<\/td>\n<td style=\"width: 50%\">10.00- 16.00<\/td>\n<\/tr>\n<tr>\n<td style=\"width: 50%\">Sunday<\/td>\n<td style=\"width: 50%\">12.00 \u2013 14.00<\/td>\n<\/tr>\n<\/tbody>\n<\/table>[\/difl_advanced_blurb][\/et_pb_column][et_pb_column type=\"1_3\" _builder_version=\"4.14.4\" _module_preset=\"default\" global_colors_info=\"{}\"][difl_advanced_blurb title=\"Dr. Monika Black\" sub_title=\"Dentist\" button_text=\"Read Profile\" button_alignment=\"center\" image=\"https:\/\/diviedge.com\/layout-design\/medipulse\/wp-content\/uploads\/sites\/12\/2022\/01\/t8.jpg\" title_background_bgcolor=\"#107fc9\" sub_title_background_bgcolor=\"#107FC9\" button_background_bgcolor=\"#107fc9\" button_wrapper_margin=\"25px||||false|false\" button_wrapper_padding=\"||||false|false\" title_padding=\"10px||||false|false\" sub_title_margin=\"-1px||||false|false\" content_padding=\"10px|12px||12px|false|true\" button_margin=\"||25px||false|false\" button_padding=\"10px|25px|10px|25px|true|true\" module_class=\"about_doctor\" _builder_version=\"4.14.4\" _module_preset=\"default\" title_font=\"Work Sans|700|||||||\" title_text_align=\"center\" title_text_color=\"#FFFFFF\" sub_title_font=\"Work Sans|||on|||||\" sub_title_text_align=\"center\" sub_title_text_color=\"#FFFFFF\" sub_title_font_size=\"12px\" content_body_font=\"Work Sans||||||||\" content_body_text_color=\"#302d2a\" button_text_font=\"Work Sans|500||on|||||\" button_text_text_color=\"#FFFFFF\" button_text_font_size=\"14px\" background_color=\"#f5f5f5\" border_radii=\"on|4px|4px|4px|4px\" border_radii_button_border=\"on|33px|33px|33px|33px\" border_width_all_button_border=\"2px\" border_color_all_button_border=\"#107FC9\" box_shadow_style_button_shadow=\"preset1\" box_shadow_horizontal_button_shadow=\"2.74px\" box_shadow_vertical_button_shadow=\"7.52px\" box_shadow_blur_button_shadow=\"20px\" box_shadow_color_button_shadow=\"rgba(0,0,0,0.15)\" locked=\"off\" global_colors_info=\"{}\" button_background_bgcolor__hover_enabled=\"on|desktop\" button_background_bgcolor__hover=\"#FFFFFF\" button_text_text_color__hover_enabled=\"on|desktop\" button_text_text_color__hover=\"#107FC9\" border_color_all_button_border__hover_enabled=\"on|hover\" border_color_all_button_border__hover=\"#107FC9\" box_shadow_horizontal_button_shadow__hover_enabled=\"on|hover\" box_shadow_vertical_button_shadow__hover_enabled=\"on|hover\" box_shadow_blur_button_shadow__hover_enabled=\"on|desktop\" box_shadow_horizontal_button_shadow__hover=\"0px\" box_shadow_vertical_button_shadow__hover=\"0px\" box_shadow_blur_button_shadow__hover=\"0px\" custom_css_main_element_last_edited=\"on|tablet\" custom_css_main_element_tablet=\"max-width: 540px;||margin: 0 auto;\" custom_css_main_element_phone=\"max-width: 540px;||margin: 0 auto;\"]<table style=\"border-collapse: collapse;width: 100%\" border=\"1\">\n<tbody>\n<tr>\n<td style=\"width: 50%\">Monday \u2013 Friday<\/td>\n<td style=\"width: 50%\">8.00 \u2013 17.00<\/td>\n<\/tr>\n<tr>\n<td style=\"width: 50%\">Saturday<\/td>\n<td style=\"width: 50%\">10.00- 16.00<\/td>\n<\/tr>\n<tr>\n<td style=\"width: 50%\">Sunday<\/td>\n<td style=\"width: 50%\">12.00 \u2013 14.00<\/td>\n<\/tr>\n<\/tbody>\n<\/table>[\/difl_advanced_blurb][\/et_pb_column][\/et_pb_row][\/et_pb_section][et_pb_section fb_built=\"1\" custom_padding_last_edited=\"off|desktop\" _builder_version=\"4.14.4\" _module_preset=\"default\" custom_padding=\"||0px||false|false\" custom_padding_tablet=\"82px||20px||false|false\" custom_padding_phone=\"51px||0px||false|false\" global_colors_info=\"{}\"][et_pb_row custom_padding_last_edited=\"on|phone\" _builder_version=\"4.14.4\" _module_preset=\"default\" width_tablet=\"\" width_phone=\"90%\" width_last_edited=\"on|phone\" custom_padding_tablet=\"\" custom_padding_phone=\"0px||0px||false|false\" global_colors_info=\"{}\"][et_pb_column type=\"4_4\" _builder_version=\"4.13.0\" _module_preset=\"default\" global_colors_info=\"{}\"][difl_advanced_blurb title=\"About MediCare\" sub_title=\"Frequently Asked Question\" content_area_alignment=\"center\" _builder_version=\"4.14.2\" _module_preset=\"default\" title_font=\"|600|||||||\" title_text_color=\"#107fc9\" title_font_size=\"18px\" sub_title_font=\"|700|||||||\" sub_title_text_color=\"#2f3241\" sub_title_font_size=\"34px\" sub_title_line_height=\"40px\" title_font_size_tablet=\"16px\" title_font_size_phone=\"14px\" title_font_size_last_edited=\"on|desktop\" sub_title_font_size_tablet=\"30px\" sub_title_font_size_phone=\"24px\" sub_title_font_size_last_edited=\"on|phone\" sub_title_line_height_tablet=\"40px\" sub_title_line_height_phone=\"34px\" sub_title_line_height_last_edited=\"on|tablet\" global_colors_info=\"{}\"][\/difl_advanced_blurb][\/et_pb_column][\/et_pb_row][et_pb_row column_structure=\"1_2,1_2\" custom_padding_last_edited=\"off|desktop\" _builder_version=\"4.14.4\" _module_preset=\"default\" width_tablet=\"\" width_phone=\"80%\" width_last_edited=\"on|phone\" custom_padding=\"||0px||false|false\" custom_padding_tablet=\"||0px||false|false\" custom_padding_phone=\"31px||0px||false|false\" global_colors_info=\"{}\"][et_pb_column type=\"1_2\" _builder_version=\"4.13.0\" _module_preset=\"default\" global_colors_info=\"{}\"][et_pb_accordion icon_color=\"#107fc9\" use_icon_font_size=\"on\" icon_font_size=\"24px\" disabled_on=\"on|on|off\" module_class=\"iconAccordian\" _builder_version=\"4.14.4\" _module_preset=\"default\" toggle_font=\"Montserrat|700|||||||\" toggle_font_size=\"18px\" toggle_line_height=\"24px\" closed_toggle_font=\"Montserrat|700|||||||\" closed_toggle_font_size=\"18px\" closed_toggle_line_height=\"24px\" body_font=\"Montserrat||||||||\" body_font_size=\"16px\" body_line_height=\"28px\" toggle_font_size_tablet=\"17px\" toggle_font_size_phone=\"16px\" toggle_font_size_last_edited=\"on|desktop\" body_font_size_tablet=\"15px\" body_font_size_phone=\"14px\" body_font_size_last_edited=\"on|desktop\" custom_css_toggle_icon=\"height: 4px;||font-size: 18px;\" global_colors_info=\"{}\"][et_pb_accordion_item title=\"Have you need an expert medical team in house?\" open=\"on\" open_toggle_text_color=\"#333333\" open_toggle_background_color=\"#FFFFFF\" closed_toggle_text_color=\"#333333\" closed_toggle_background_color=\"#FFFFFF\" icon_color=\"#107fc9\" use_icon_font_size=\"on\" icon_font_size=\"18px\" _builder_version=\"4.14.4\" _module_preset=\"default\" body_font=\"Montserrat||||||||\" body_text_color=\"#333333\" body_font_size=\"16px\" body_line_height=\"28px\" custom_padding=\"0px||30px|0px|false|false\" custom_padding_tablet=\"|15px|||false|false\" custom_padding_phone=\"|10px|||false|false\" custom_padding_last_edited=\"on|phone\" body_font_size_tablet=\"15px\" body_font_size_phone=\"14px\" body_font_size_last_edited=\"on|phone\" border_width_all=\"0px\" border_width_bottom=\"1px\" border_color_bottom=\"#107FC9\" global_colors_info=\"{}\" toggle_text_color=\"#333333\" toggle_font=\"|700|||||||\" toggle_font_size=\"18px\" toggle_line_height=\"24px\" closed_toggle_font=\"|700|||||||\" closed_toggle_font_size=\"18px\" closed_toggle_line_height=\"24px\" toggle_font_size_tablet=\"18px\" toggle_font_size_phone=\"16px\" toggle_font_size_last_edited=\"on|desktop\" closed_toggle_font_size_tablet=\"18px\" closed_toggle_font_size_phone=\"16px\" closed_toggle_font_size_last_edited=\"on|desktop\"]<p>Lorem ipsum dolor sit amet, consectetur adipiscing elit, sed do smod tem incididunt ut labore et dolore magna aliqua. Ut enim inimnmiam, quis nostrud exercitation ullamco laboris.<\/p>[\/et_pb_accordion_item][et_pb_accordion_item title=\"Experience in When to repair the mitral valve?\" open_toggle_text_color=\"#333333\" open_toggle_background_color=\"#FFFFFF\" closed_toggle_text_color=\"#333333\" closed_toggle_background_color=\"#FFFFFF\" icon_color=\"#107fc9\" use_icon_font_size=\"on\" icon_font_size=\"18px\" _builder_version=\"4.14.4\" _module_preset=\"default\" body_text_color=\"#333333\" body_font_size=\"16px\" body_line_height=\"28px\" custom_padding=\"0px||30px|0px|false|false\" custom_padding_tablet=\"|15px|||false|false\" custom_padding_phone=\"|10px|||false|false\" custom_padding_last_edited=\"on|phone\" body_font_size_tablet=\"15px\" body_font_size_phone=\"14px\" body_font_size_last_edited=\"on|phone\" border_width_all=\"0px\" border_width_bottom=\"1px\" border_color_bottom=\"#107FC9\" global_colors_info=\"{}\" toggle_text_color=\"#333333\" toggle_font=\"|700|||||||\" toggle_font_size=\"18px\" toggle_line_height=\"24px\" closed_toggle_font=\"|700|||||||\" closed_toggle_font_size=\"18px\" closed_toggle_line_height=\"24px\" toggle_font_size_tablet=\"18px\" toggle_font_size_phone=\"16px\" toggle_font_size_last_edited=\"on|desktop\" closed_toggle_font_size_tablet=\"18px\" closed_toggle_font_size_phone=\"16px\" closed_toggle_font_size_last_edited=\"on|desktop\" open=\"off\"]<p>Lorem ipsum dolor sit amet, consectetur adipiscing elit, sed do smod tem incididunt ut labore et dolore magna aliqua. Ut enim inimnmiam, quis nostrud exercitation ullamco laboris.<\/p>[\/et_pb_accordion_item][et_pb_accordion_item title=\"When is the best time to Exercise?\" open_toggle_text_color=\"#333333\" open_toggle_background_color=\"#FFFFFF\" closed_toggle_text_color=\"#333333\" closed_toggle_background_color=\"#FFFFFF\" icon_color=\"#107fc9\" use_icon_font_size=\"on\" icon_font_size=\"18px\" _builder_version=\"4.14.4\" _module_preset=\"default\" body_text_color=\"#333333\" body_font_size=\"16px\" body_line_height=\"28px\" custom_padding=\"0px||30px|0px|false|false\" custom_padding_tablet=\"|15px|||false|false\" custom_padding_phone=\"|10px|||false|false\" custom_padding_last_edited=\"on|phone\" body_font_size_tablet=\"15px\" body_font_size_phone=\"14px\" body_font_size_last_edited=\"on|phone\" border_width_all=\"0px\" border_width_bottom=\"1px\" border_color_bottom=\"#107FC9\" global_colors_info=\"{}\" toggle_text_color=\"#333333\" toggle_font=\"|700|||||||\" toggle_font_size=\"18px\" toggle_line_height=\"24px\" closed_toggle_font=\"|700|||||||\" closed_toggle_font_size=\"18px\" closed_toggle_line_height=\"24px\" toggle_font_size_tablet=\"18px\" toggle_font_size_phone=\"16px\" toggle_font_size_last_edited=\"on|desktop\" closed_toggle_font_size_tablet=\"18px\" closed_toggle_font_size_phone=\"16px\" closed_toggle_font_size_last_edited=\"on|desktop\" open=\"off\"]<p>Lorem ipsum dolor sit amet, consectetur adipiscing elit, sed do smod tem incididunt ut labore et dolore magna aliqua. Ut enim inimnmiam, quis nostrud exercitation ullamco laboris.<\/p>[\/et_pb_accordion_item][\/et_pb_accordion][et_pb_accordion icon_color=\"#107fc9\" use_icon_font_size=\"on\" icon_font_size=\"24px\" disabled_on=\"off|off|on\" module_class=\"iconAccordian\" _builder_version=\"4.14.4\" _module_preset=\"default\" toggle_font=\"Montserrat|700|||||||\" toggle_font_size=\"18px\" toggle_line_height=\"24px\" closed_toggle_font=\"Montserrat|700|||||||\" closed_toggle_font_size=\"18px\" closed_toggle_line_height=\"24px\" body_font=\"Montserrat||||||||\" body_font_size=\"16px\" body_line_height=\"28px\" toggle_font_size_tablet=\"17px\" toggle_font_size_phone=\"16px\" toggle_font_size_last_edited=\"on|desktop\" body_font_size_tablet=\"15px\" body_font_size_phone=\"14px\" body_font_size_last_edited=\"on|desktop\" custom_css_toggle_icon=\"height: 4px;||font-size: 18px;\" global_colors_info=\"{}\"][et_pb_accordion_item title=\"Have you need an expert medical team in house?\" open=\"on\" open_toggle_text_color=\"#333333\" open_toggle_background_color=\"#FFFFFF\" closed_toggle_text_color=\"#333333\" closed_toggle_background_color=\"#FFFFFF\" icon_color=\"#107fc9\" use_icon_font_size=\"on\" icon_font_size=\"18px\" _builder_version=\"4.14.4\" _module_preset=\"default\" body_text_color=\"#333333\" body_font_size=\"16px\" body_line_height=\"28px\" custom_padding=\"0px||30px|0px|false|false\" custom_padding_tablet=\"|15px|||false|false\" custom_padding_phone=\"|10px|||false|false\" custom_padding_last_edited=\"on|phone\" body_font_size_tablet=\"15px\" body_font_size_phone=\"14px\" body_font_size_last_edited=\"on|phone\" border_width_all=\"0px\" border_width_bottom=\"1px\" border_color_bottom=\"#107FC9\" global_colors_info=\"{}\" toggle_text_color=\"#333333\" toggle_font=\"|700|||||||\" toggle_font_size=\"18px\" toggle_line_height=\"24px\" closed_toggle_font=\"|700|||||||\" closed_toggle_font_size=\"18px\" closed_toggle_line_height=\"24px\" toggle_font_size_tablet=\"18px\" toggle_font_size_phone=\"16px\" toggle_font_size_last_edited=\"on|desktop\" closed_toggle_font_size_tablet=\"18px\" closed_toggle_font_size_phone=\"16px\" closed_toggle_font_size_last_edited=\"on|desktop\"]<p>Lorem ipsum dolor sit amet, consectetur adipiscing elit, sed do smod tem incididunt ut labore et dolore magna aliqua. Ut enim inimnmiam, quis nostrud exercitation ullamco laboris.<\/p>[\/et_pb_accordion_item][et_pb_accordion_item title=\"Experience in When to repair the mitral valve?\" open_toggle_text_color=\"#333333\" open_toggle_background_color=\"#FFFFFF\" closed_toggle_text_color=\"#333333\" closed_toggle_background_color=\"#FFFFFF\" icon_color=\"#107fc9\" use_icon_font_size=\"on\" icon_font_size=\"18px\" _builder_version=\"4.14.4\" _module_preset=\"default\" body_text_color=\"#333333\" body_font_size=\"16px\" body_line_height=\"28px\" custom_padding=\"0px||30px|0px|false|false\" custom_padding_tablet=\"|15px|||false|false\" custom_padding_phone=\"|10px|||false|false\" custom_padding_last_edited=\"on|phone\" body_font_size_tablet=\"15px\" body_font_size_phone=\"14px\" body_font_size_last_edited=\"on|phone\" border_width_all=\"0px\" border_width_bottom=\"1px\" border_color_bottom=\"#107FC9\" global_colors_info=\"{}\" toggle_text_color=\"#333333\" toggle_font=\"|700|||||||\" toggle_font_size=\"18px\" toggle_line_height=\"24px\" closed_toggle_font=\"|700|||||||\" closed_toggle_font_size=\"18px\" closed_toggle_line_height=\"24px\" toggle_font_size_tablet=\"18px\" toggle_font_size_phone=\"16px\" toggle_font_size_last_edited=\"on|desktop\" closed_toggle_font_size_tablet=\"18px\" closed_toggle_font_size_phone=\"16px\" closed_toggle_font_size_last_edited=\"on|desktop\" open=\"off\"]<p>Lorem ipsum dolor sit amet, consectetur adipiscing elit, sed do smod tem incididunt ut labore et dolore magna aliqua. Ut enim inimnmiam, quis nostrud exercitation ullamco laboris.<\/p>[\/et_pb_accordion_item][et_pb_accordion_item title=\"When is the best time to Exercise?\" open_toggle_text_color=\"#333333\" open_toggle_background_color=\"#FFFFFF\" closed_toggle_text_color=\"#333333\" closed_toggle_background_color=\"#FFFFFF\" icon_color=\"#107fc9\" use_icon_font_size=\"on\" icon_font_size=\"18px\" _builder_version=\"4.14.4\" _module_preset=\"default\" body_text_color=\"#333333\" body_font_size=\"16px\" body_line_height=\"28px\" custom_padding=\"0px||30px|0px|false|false\" custom_padding_tablet=\"|15px|||false|false\" custom_padding_phone=\"|10px|||false|false\" custom_padding_last_edited=\"on|phone\" body_font_size_tablet=\"15px\" body_font_size_phone=\"14px\" body_font_size_last_edited=\"on|phone\" border_width_all=\"0px\" border_width_bottom=\"1px\" border_color_bottom=\"#107FC9\" global_colors_info=\"{}\" toggle_text_color=\"#333333\" toggle_font=\"|700|||||||\" toggle_font_size=\"18px\" toggle_line_height=\"24px\" closed_toggle_font=\"|700|||||||\" closed_toggle_font_size=\"18px\" closed_toggle_line_height=\"24px\" toggle_font_size_tablet=\"18px\" toggle_font_size_phone=\"16px\" toggle_font_size_last_edited=\"on|desktop\" closed_toggle_font_size_tablet=\"18px\" closed_toggle_font_size_phone=\"16px\" closed_toggle_font_size_last_edited=\"on|desktop\" open=\"off\"]<p>Lorem ipsum dolor sit amet, consectetur adipiscing elit, sed do smod tem incididunt ut labore et dolore magna aliqua. Ut enim inimnmiam, quis nostrud exercitation ullamco laboris.<\/p>[\/et_pb_accordion_item][et_pb_accordion_item title=\"The medical Experts carefully Transplant the Heart?\" open_toggle_text_color=\"#333333\" open_toggle_background_color=\"#FFFFFF\" closed_toggle_text_color=\"#333333\" closed_toggle_background_color=\"#FFFFFF\" icon_color=\"#107fc9\" use_icon_font_size=\"on\" icon_font_size=\"18px\" _builder_version=\"4.14.4\" _module_preset=\"default\" body_text_color=\"#333333\" body_font_size=\"16px\" body_line_height=\"28px\" custom_padding=\"0px||30px|0px|false|false\" custom_padding_tablet=\"|15px|||false|false\" custom_padding_phone=\"|10px|||false|false\" custom_padding_last_edited=\"on|phone\" body_font_size_tablet=\"15px\" body_font_size_phone=\"14px\" body_font_size_last_edited=\"on|phone\" border_width_all=\"0px\" border_width_bottom=\"1px\" border_color_bottom=\"#107FC9\" global_colors_info=\"{}\" toggle_text_color=\"#333333\" toggle_font=\"|700|||||||\" toggle_font_size=\"18px\" toggle_line_height=\"24px\" closed_toggle_font=\"|700|||||||\" closed_toggle_font_size=\"18px\" closed_toggle_line_height=\"24px\" toggle_font_size_tablet=\"18px\" toggle_font_size_phone=\"16px\" toggle_font_size_last_edited=\"on|desktop\" closed_toggle_font_size_tablet=\"18px\" closed_toggle_font_size_phone=\"16px\" closed_toggle_font_size_last_edited=\"on|desktop\" open=\"off\"]<p>Lorem ipsum dolor sit amet, consectetur adipiscing elit, sed do smod tem incididunt ut labore et dolore magna aliqua. Ut enim inimnmiam, quis nostrud exercitation ullamco laboris.<\/p>[\/et_pb_accordion_item][et_pb_accordion_item title=\"Why You\u2019re Struggling To Wake Up In The Morning?\" open_toggle_text_color=\"#333333\" open_toggle_background_color=\"#FFFFFF\" closed_toggle_text_color=\"#333333\" closed_toggle_background_color=\"#FFFFFF\" icon_color=\"#107fc9\" use_icon_font_size=\"on\" icon_font_size=\"18px\" _builder_version=\"4.14.4\" _module_preset=\"default\" body_text_color=\"#333333\" body_font_size=\"16px\" body_line_height=\"28px\" custom_padding=\"0px||30px|0px|false|false\" custom_padding_tablet=\"|15px|||false|false\" custom_padding_phone=\"|10px|||false|false\" custom_padding_last_edited=\"on|phone\" body_font_size_tablet=\"15px\" body_font_size_phone=\"14px\" body_font_size_last_edited=\"on|phone\" border_width_all=\"0px\" border_width_bottom=\"1px\" border_color_bottom=\"#107FC9\" global_colors_info=\"{}\" toggle_text_color=\"#333333\" toggle_font=\"|700|||||||\" toggle_font_size=\"18px\" toggle_line_height=\"24px\" closed_toggle_font=\"|700|||||||\" closed_toggle_font_size=\"18px\" closed_toggle_line_height=\"24px\" toggle_font_size_tablet=\"18px\" toggle_font_size_phone=\"16px\" toggle_font_size_last_edited=\"on|desktop\" closed_toggle_font_size_tablet=\"18px\" closed_toggle_font_size_phone=\"16px\" closed_toggle_font_size_last_edited=\"on|desktop\" open=\"off\"]<p>Lorem ipsum dolor sit amet, consectetur adipiscing elit, sed do smod tem incididunt ut labore et dolore magna aliqua. Ut enim inimnmiam, quis nostrud exercitation ullamco laboris.<\/p>[\/et_pb_accordion_item][et_pb_accordion_item title=\"Experience in When to repair the mitral valve?\" open_toggle_text_color=\"#333333\" open_toggle_background_color=\"#FFFFFF\" closed_toggle_text_color=\"#333333\" closed_toggle_background_color=\"#FFFFFF\" icon_color=\"#107fc9\" use_icon_font_size=\"on\" icon_font_size=\"18px\" _builder_version=\"4.14.4\" _module_preset=\"default\" body_text_color=\"#333333\" body_font_size=\"16px\" body_line_height=\"28px\" custom_padding=\"0px||30px|0px|false|false\" custom_padding_tablet=\"|15px|||false|false\" custom_padding_phone=\"|10px|||false|false\" custom_padding_last_edited=\"on|phone\" body_font_size_tablet=\"15px\" body_font_size_phone=\"14px\" body_font_size_last_edited=\"on|phone\" border_width_all=\"0px\" border_width_bottom=\"1px\" border_color_bottom=\"#107FC9\" global_colors_info=\"{}\" toggle_text_color=\"#333333\" toggle_font=\"|700|||||||\" toggle_font_size=\"18px\" toggle_line_height=\"24px\" closed_toggle_font=\"|700|||||||\" closed_toggle_font_size=\"18px\" closed_toggle_line_height=\"24px\" toggle_font_size_tablet=\"18px\" toggle_font_size_phone=\"16px\" toggle_font_size_last_edited=\"on|desktop\" closed_toggle_font_size_tablet=\"18px\" closed_toggle_font_size_phone=\"16px\" closed_toggle_font_size_last_edited=\"on|desktop\" open=\"off\"]<p>Lorem ipsum dolor sit amet, consectetur adipiscing elit, sed do smod tem incididunt ut labore et dolore magna aliqua. Ut enim inimnmiam, quis nostrud exercitation ullamco laboris.<\/p>[\/et_pb_accordion_item][\/et_pb_accordion][\/et_pb_column][et_pb_column type=\"1_2\" _builder_version=\"4.13.0\" _module_preset=\"default\" global_colors_info=\"{}\"][et_pb_accordion icon_color=\"#107fc9\" use_icon_font_size=\"on\" icon_font_size=\"24px\" disabled_on=\"on|on|off\" module_class=\"iconAccordian\" _builder_version=\"4.14.4\" _module_preset=\"default\" toggle_font=\"Montserrat|700|||||||\" toggle_font_size=\"18px\" toggle_line_height=\"24px\" closed_toggle_font=\"Montserrat|700|||||||\" closed_toggle_font_size=\"18px\" closed_toggle_line_height=\"24px\" body_font=\"Montserrat||||||||\" body_font_size=\"16px\" body_line_height=\"28px\" toggle_font_size_tablet=\"17px\" toggle_font_size_phone=\"16px\" toggle_font_size_last_edited=\"on|desktop\" body_font_size_tablet=\"15px\" body_font_size_phone=\"14px\" body_font_size_last_edited=\"on|desktop\" custom_css_toggle_icon=\"height: 4px;\" locked=\"off\" global_colors_info=\"{}\"][et_pb_accordion_item title=\"The medical Experts carefully Transplant the Heart\" open=\"on\" open_toggle_text_color=\"#333333\" open_toggle_background_color=\"#FFFFFF\" closed_toggle_text_color=\"#333333\" closed_toggle_background_color=\"#FFFFFF\" icon_color=\"#107fc9\" use_icon_font_size=\"on\" icon_font_size=\"18px\" _builder_version=\"4.14.4\" _module_preset=\"default\" body_text_color=\"#333333\" body_font_size=\"16px\" body_line_height=\"28px\" custom_padding=\"0px||30px|0px|false|false\" custom_padding_tablet=\"|15px|||false|false\" custom_padding_phone=\"|10px|||false|false\" custom_padding_last_edited=\"on|phone\" body_font_size_tablet=\"15px\" body_font_size_phone=\"14px\" body_font_size_last_edited=\"on|phone\" border_width_all=\"0px\" border_width_bottom=\"1px\" border_color_bottom=\"#107FC9\" global_colors_info=\"{}\" toggle_text_color=\"#333333\" toggle_font=\"|700|||||||\" toggle_font_size=\"18px\" toggle_line_height=\"24px\" closed_toggle_font=\"|700|||||||\" closed_toggle_font_size=\"18px\" closed_toggle_line_height=\"24px\" toggle_font_size_tablet=\"18px\" toggle_font_size_phone=\"16px\" toggle_font_size_last_edited=\"on|desktop\" closed_toggle_font_size_tablet=\"18px\" closed_toggle_font_size_phone=\"16px\" closed_toggle_font_size_last_edited=\"on|desktop\"]<p>Lorem ipsum dolor sit amet, consectetur adipiscing elit, sed do smod tem incididunt ut labore et dolore magna aliqua. Ut enim inimnmiam, quis nostrud exercitation ullamco laboris.<\/p>[\/et_pb_accordion_item][et_pb_accordion_item title=\"Why You\u2019re Struggling To Wake Up In The Morning?\" open_toggle_text_color=\"#333333\" open_toggle_background_color=\"#FFFFFF\" closed_toggle_text_color=\"#333333\" closed_toggle_background_color=\"#FFFFFF\" icon_color=\"#107fc9\" use_icon_font_size=\"on\" icon_font_size=\"18px\" _builder_version=\"4.14.4\" _module_preset=\"default\" body_text_color=\"#333333\" body_font_size=\"16px\" body_line_height=\"28px\" custom_padding=\"0px||30px|0px|false|false\" custom_padding_tablet=\"|15px|||false|false\" custom_padding_phone=\"|10px|||false|false\" custom_padding_last_edited=\"on|phone\" body_font_size_tablet=\"15px\" body_font_size_phone=\"14px\" body_font_size_last_edited=\"on|phone\" border_width_all=\"0px\" border_width_bottom=\"1px\" border_color_bottom=\"#107FC9\" global_colors_info=\"{}\" toggle_text_color=\"#333333\" toggle_font=\"|700|||||||\" toggle_font_size=\"18px\" toggle_line_height=\"24px\" closed_toggle_font=\"|700|||||||\" closed_toggle_font_size=\"18px\" closed_toggle_line_height=\"24px\" toggle_font_size_tablet=\"18px\" toggle_font_size_phone=\"16px\" toggle_font_size_last_edited=\"on|desktop\" closed_toggle_font_size_tablet=\"18px\" closed_toggle_font_size_phone=\"16px\" closed_toggle_font_size_last_edited=\"on|desktop\" open=\"off\"]<p>Lorem ipsum dolor sit amet, consectetur adipiscing elit, sed do smod tem incididunt ut labore et dolore magna aliqua. Ut enim inimnmiam, quis nostrud exercitation ullamco laboris.<\/p>[\/et_pb_accordion_item][et_pb_accordion_item title=\"Experience in When to repair the mitral valve?\" open_toggle_text_color=\"#333333\" open_toggle_background_color=\"#FFFFFF\" closed_toggle_text_color=\"#333333\" closed_toggle_background_color=\"#FFFFFF\" icon_color=\"#107fc9\" use_icon_font_size=\"on\" icon_font_size=\"18px\" _builder_version=\"4.14.4\" _module_preset=\"default\" body_text_color=\"#333333\" body_font_size=\"16px\" body_line_height=\"28px\" custom_padding=\"0px||30px|0px|false|false\" custom_padding_tablet=\"|15px|||false|false\" custom_padding_phone=\"|10px|||false|false\" custom_padding_last_edited=\"on|phone\" body_font_size_tablet=\"15px\" body_font_size_phone=\"14px\" body_font_size_last_edited=\"on|phone\" border_width_all=\"0px\" border_width_bottom=\"1px\" border_color_bottom=\"#107FC9\" global_colors_info=\"{}\" toggle_text_color=\"#333333\" toggle_font=\"|700|||||||\" toggle_font_size=\"18px\" toggle_line_height=\"24px\" closed_toggle_font=\"|700|||||||\" closed_toggle_font_size=\"18px\" closed_toggle_line_height=\"24px\" toggle_font_size_tablet=\"18px\" toggle_font_size_phone=\"16px\" toggle_font_size_last_edited=\"on|desktop\" closed_toggle_font_size_tablet=\"18px\" closed_toggle_font_size_phone=\"16px\" closed_toggle_font_size_last_edited=\"on|desktop\" open=\"off\"]<p>Lorem ipsum dolor sit amet, consectetur adipiscing elit, sed do smod tem incididunt ut labore et dolore magna aliqua. Ut enim inimnmiam, quis nostrud exercitation ullamco laboris.<\/p>[\/et_pb_accordion_item][\/et_pb_accordion][\/et_pb_column][\/et_pb_row][\/et_pb_section][et_pb_section fb_built=\"1\" _builder_version=\"4.14.4\" _module_preset=\"default\" background_color=\"#FFFFFF\" custom_padding=\"0px||0px||true|false\" saved_tabs=\"all\" locked=\"off\" global_colors_info=\"{}\"][et_pb_row column_structure=\"1_2,1_2\" custom_padding_last_edited=\"on|tablet\" module_class=\"footer_emergency\" _builder_version=\"4.14.4\" _module_preset=\"default\" use_background_color_gradient=\"on\" background_color_gradient_start=\"#42b3e5\" background_color_gradient_end=\"#107fc9\" background_color_gradient_direction=\"270deg\" transform_scale_tablet=\"\" transform_scale_phone=\"\" transform_scale_last_edited=\"on|desktop\" transform_translate=\"0px|100px\" transform_translate_tablet=\"0px|150px\" transform_translate_phone=\"0px|150px\" transform_translate_last_edited=\"on|phone\" transform_translate_linked=\"off\" transform_rotate_tablet=\"\" transform_rotate_phone=\"\" transform_rotate_last_edited=\"on|desktop\" transform_skew_tablet=\"\" transform_skew_phone=\"\" transform_skew_last_edited=\"on|desktop\" transform_origin_tablet=\"\" transform_origin_phone=\"\" transform_origin_last_edited=\"on|desktop\" transform_styles_last_edited=\"on|phone\" custom_padding=\"55px|100px|43px|100px|false|true\" custom_padding_tablet=\"45px|100px|45px|100px|true|true\" custom_padding_phone=\"35px|25px|35px|25px|true|true\" transform_styles_tablet=\"\" transform_styles_phone=\"\" border_radii=\"on|10px|10px|10px|10px\" box_shadow_style=\"preset1\" box_shadow_horizontal=\"5px\" box_shadow_vertical=\"5px\" box_shadow_blur=\"29px\" box_shadow_color=\"rgba(0,0,0,0.29)\" global_colors_info=\"{}\"][et_pb_column type=\"1_2\" _builder_version=\"4.12.0\" _module_preset=\"default\" global_colors_info=\"{}\"][et_pb_text _builder_version=\"4.14.4\" _module_preset=\"default\" header_3_font=\"|600|||||||\" header_3_text_align=\"left\" header_3_font_size=\"24px\" background_layout=\"dark\" custom_margin=\"||0px||false|false\" custom_padding=\"||16px||false|false\" header_3_text_align_tablet=\"center\" header_3_text_align_phone=\"center\" header_3_text_align_last_edited=\"on|phone\" global_colors_info=\"{}\"]<h3>Emergency Service<\/h3>[\/et_pb_text][et_pb_text _builder_version=\"4.14.4\" _module_preset=\"default\" text_font=\"||||||||\" text_font_size=\"16px\" text_line_height=\"28px\" background_layout=\"dark\" width=\"78%\" width_tablet=\"90%\" width_phone=\"100%\" width_last_edited=\"on|phone\" text_font_size_tablet=\"15px\" text_font_size_phone=\"14px\" text_font_size_last_edited=\"on|phone\" text_orientation_tablet=\"center\" text_orientation_phone=\"center\" text_orientation_last_edited=\"on|tablet\" module_alignment_tablet=\"\" module_alignment_phone=\"center\" module_alignment_last_edited=\"on|phone\" global_colors_info=\"{}\"]<p>An emergency department (ED), also known as an accident &amp; emergency ward (EW) or casualty department, is a medical treatment.<\/p>[\/et_pb_text][\/et_pb_column][et_pb_column type=\"1_2\" _builder_version=\"4.12.0\" _module_preset=\"default\" global_colors_info=\"{}\"][et_pb_blurb title=\"Call: +01-001-001001\" image=\"https:\/\/diviedge.com\/layout-design\/medipulse\/wp-content\/uploads\/sites\/12\/2021\/11\/Icon-awesome-heartbeat.png\" icon_alignment=\"left\" content_max_width=\"100%\" icon_alignment_tablet=\"center\" icon_alignment_phone=\"center\" icon_alignment_last_edited=\"on|tablet\" _builder_version=\"4.14.4\" _module_preset=\"default\" header_font=\"|600|||||||\" header_text_color=\"#FFFFFF\" header_font_size=\"32px\" z_index=\"3\" filter_opacity=\"99%\" child_filter_opacity=\"99%\" animation=\"off\" header_text_align_tablet=\"center\" header_text_align_phone=\"center\" header_text_align_last_edited=\"on|desktop\" header_font_size_tablet=\"32px\" header_font_size_phone=\"24px\" header_font_size_last_edited=\"on|phone\" custom_css_blurb_image=\"margin-bottom: 18px;\" global_colors_info=\"{}\"][\/et_pb_blurb][\/et_pb_column][\/et_pb_row][\/et_pb_section]","post_title":"About Us Page - MediPulse Layout - Diviflash","post_excerpt":"","post_status":"publish","comment_status":"closed","ping_status":"closed","post_password":"","post_name":"about-us-page-medipulse-layout-diviflash","to_ping":"","pinged":"","post_modified":"2022-01-13 11:41:05","post_modified_gmt":"2022-01-13 11:41:05","post_content_filtered":"","post_parent":0,"menu_order":0,"post_type":"et_pb_layout","post_mime_type":"","comment_count":"0","filter":"raw","post_meta":{"_et_pb_built_for_post_type":["page"]},"terms":{"2":{"name":"layout","slug":"layout","taxonomy":"layout_type","parent":0,"all_parents":[],"description":""},"3":{"name":"not_global","slug":"not_global","taxonomy":"scope","parent":0,"all_parents":[],"description":""},"4":{"name":"regular","slug":"regular","taxonomy":"module_width","parent":0,"all_parents":[],"description":""}}}},"presets":"","global_colors":"","images":[],"thumbnails":[]}