{"context":"et_builder_layouts","data":{"244764":{"ID":244764,"post_date":"2022-01-13 11:42:00","post_date_gmt":"2022-01-13 11:42:00","post_content":"[et_pb_section fb_built=\"1\" fullwidth=\"on\" _builder_version=\"4.13.0\" _module_preset=\"default\" locked=\"off\" global_colors_info=\"{}\"][et_pb_fullwidth_header title=\"Departments\" text_orientation=\"center\" content_max_width_tablet=\"\" content_max_width_phone=\"100%\" content_max_width_last_edited=\"on|phone\" module_class=\"home_blog_grid\" _builder_version=\"4.14.4\" _module_preset=\"default\" title_font=\"Montserrat|700|||||||\" title_font_size=\"22px\" title_line_height=\"25px\" content_font=\"Montserrat|700|||||||\" content_font_size=\"44px\" content_line_height=\"62px\" background_enable_color=\"off\" background_image=\"https:\/\/diviedge.com\/layout-design\/medipulse\/wp-content\/uploads\/sites\/12\/2021\/11\/Group-3087.jpg\" width_tablet=\"\" width_phone=\"100%\" width_last_edited=\"on|phone\" custom_padding=\"200px||200px||true|false\" custom_padding_tablet=\"135px||135px||true|false\" custom_padding_phone=\"120px|0px|120px|0px|true|false\" custom_padding_last_edited=\"on|phone\" title_font_size_tablet=\"18px\" title_font_size_phone=\"17px\" title_font_size_last_edited=\"on|phone\" title_line_height_tablet=\"20px\" title_line_height_phone=\"28px\" title_line_height_last_edited=\"on|phone\" content_font_size_tablet=\"42px\" content_font_size_phone=\"30px\" content_font_size_last_edited=\"on|tablet\" content_line_height_tablet=\"50px\" content_line_height_phone=\"40px\" content_line_height_last_edited=\"on|tablet\" background_last_edited=\"on|phone\" background_image_tablet=\"https:\/\/diviedge.com\/layout-design\/medipulse\/wp-content\/uploads\/sites\/12\/2021\/12\/Group-3086.jpg\" background_image_phone=\"https:\/\/diviedge.com\/layout-design\/medipulse\/wp-content\/uploads\/sites\/12\/2021\/12\/Group-3087.jpg\" background_enable_image_tablet=\"on\" background_enable_image_phone=\"on\" background_size_phone=\"cover\" background_position_tablet=\"center_left\" background_position_phone=\"center\" title_text_shadow_style=\"preset1\" title_text_shadow_vertical_length=\"5px\" title_text_shadow_blur_strength=\"6px\" content_text_shadow_style=\"preset1\" content_text_shadow_vertical_length=\"5px\" content_text_shadow_blur_strength=\"6px\" global_colors_info=\"{}\" custom_css_title_last_edited=\"on|phone\" custom_css_title_tablet=\"padding-bottom: 18px;\" custom_css_title_phone=\"padding-bottom: 14px;\"]<p>We Have The Power To Help<\/p>[\/et_pb_fullwidth_header][\/et_pb_section][et_pb_section fb_built=\"1\" custom_padding_last_edited=\"off|desktop\" _builder_version=\"4.14.4\" _module_preset=\"default\" custom_padding_tablet=\"72px||90px||false|false\" custom_padding_phone=\"48px||45px||false|false\" locked=\"off\" global_colors_info=\"{}\"][et_pb_row _builder_version=\"4.14.4\" _module_preset=\"default\" locked=\"off\" global_colors_info=\"{}\"][et_pb_column type=\"4_4\" _builder_version=\"4.14.4\" _module_preset=\"default\" global_colors_info=\"{}\"][df_adh_heading title_prefix=\"Departments at Our Hospital\" use_divider=\"on\" divider_color=\"#107FC9\" divider_height=\"4px\" divider_width=\"40px\" divider_alignment=\"center\" divider_background_bgcolor=\"#107fc9\" heading_padding=\"||20px||false|false\" _builder_version=\"4.14.4\" _module_preset=\"default\" title_font=\"Montserrat|700|||||||\" title_text_align=\"center\" title_text_color=\"#2f3241\" title_font_size=\"40px\" title_line_height=\"1.3em\" custom_margin=\"||15px||false|false\" title_font_tablet=\"Montserrat|700|||||||\" title_font_phone=\"Montserrat|700|||||||\" title_font_last_edited=\"on|desktop\" title_font_size_tablet=\"36px\" title_font_size_phone=\"28px\" title_font_size_last_edited=\"on|desktop\" locked=\"off\" global_colors_info=\"{}\"][\/df_adh_heading][et_pb_text _builder_version=\"4.14.4\" _module_preset=\"default\" text_font=\"Montserrat||||||||\" text_text_color=\"#333333\" text_font_size=\"18px\" text_line_height=\"28px\" text_orientation=\"center\" width=\"60%\" width_tablet=\"95%\" width_phone=\"100%\" width_last_edited=\"on|desktop\" module_alignment=\"center\" text_font_size_tablet=\"16px\" text_font_size_phone=\"14px\" text_font_size_last_edited=\"on|tablet\" global_colors_info=\"{}\"]<p>Lorem ipsum dolor sit amet, consectetuer adipiscing elit, sed diam nonummy nibhie euismod tincidunt ut laoreet dolore magna erat<\/p>[\/et_pb_text][\/et_pb_column][\/et_pb_row][et_pb_row column_structure=\"1_3,1_3,1_3\" make_equal=\"on\" custom_padding_last_edited=\"off|desktop\" _builder_version=\"4.14.4\" _module_preset=\"default\" width_tablet=\"\" width_phone=\"80%\" width_last_edited=\"on|tablet\" custom_padding=\"||||false|false\" custom_padding_tablet=\"48px||||false|false\" custom_padding_phone=\"32px||||false|false\" global_colors_info=\"{}\"][et_pb_column type=\"1_3\" _builder_version=\"4.14.4\" _module_preset=\"default\" background_color=\"#f4fafd\" custom_padding=\"15px|15px|15px|15px|true|true\" border_radii=\"on|5px|5px|5px|5px\" box_shadow_style=\"preset1\" box_shadow_vertical=\"0px\" box_shadow_blur=\"0px\" box_shadow_color=\"rgba(176,176,176,0.15)\" global_colors_info=\"{}\" custom_css_main_element_last_edited=\"on|phone\" custom_css_main_element_tablet=\"width: 60%;\t||float: none;||margin: 0 auto;||margin-bottom: 30px;\" custom_css_main_element_phone=\"width: 60%;\t||float: none;||margin: 0 auto;||margin-bottom: 30px;\" box_shadow_horizontal__hover_enabled=\"on|hover\" box_shadow_vertical__hover_enabled=\"on|hover\" box_shadow_blur__hover_enabled=\"on|desktop\" box_shadow_horizontal__hover=\"2.73px\" box_shadow_vertical__hover=\"7.51px\" box_shadow_blur__hover=\"20px\"][et_pb_image src=\"https:\/\/diviedge.com\/layout-design\/medipulse\/wp-content\/uploads\/sites\/12\/2021\/11\/doctor-s-hand-with-latex-gloves-taking-stainless-tweezers-help-people-with-patience-white-gray-background.png\" title_text=\"doctor-s-hand-with-latex-gloves-taking-stainless-tweezers-help-people-with-patience-white-gray-background\" align=\"center\" align_tablet=\"center\" align_phone=\"center\" align_last_edited=\"on|tablet\" module_class=\"departmen_img\" _builder_version=\"4.14.4\" _module_preset=\"default\" custom_margin=\"||0px||false|false\" custom_padding=\"||0px||false|false\" global_colors_info=\"{}\" custom_css_main_element_last_edited=\"off|desktop\"][\/et_pb_image][et_pb_blurb title=\"Outpatient Surgery\" image=\"https:\/\/diviedge.com\/layout-design\/medipulse\/wp-content\/uploads\/sites\/12\/2021\/11\/Group-3076.png\" content_max_width=\"100%\" _builder_version=\"4.14.4\" _module_preset=\"default\" header_font=\"Montserrat|600|||||||\" header_text_color=\"#333333\" header_font_size=\"24px\" header_line_height=\"24px\" body_font=\"Montserrat|500|||||||\" body_text_color=\"#2f3241\" body_line_height=\"28px\" text_orientation=\"center\" custom_margin=\"-45px||||false|false\" animation=\"off\" custom_css_blurb_image=\"margin-bottom: 0px;\" global_colors_info=\"{}\"]<p>Lorem ipsum dolor sit amet, consectetur adipiscing elit, sed do eiusmod tempor incidi dunt ut labore et dolore magna aliqua . Lorem ipsum dolor sit amet, consectetur.<\/p>[\/et_pb_blurb][\/et_pb_column][et_pb_column type=\"1_3\" _builder_version=\"4.14.4\" _module_preset=\"default\" background_color=\"#f4fafd\" custom_padding=\"15px|15px|15px|15px|true|true\" border_radii=\"on|5px|5px|5px|5px\" box_shadow_style=\"preset1\" box_shadow_vertical=\"0px\" box_shadow_blur=\"0px\" box_shadow_color=\"rgba(176,176,176,0.15)\" global_colors_info=\"{}\" custom_css_main_element_last_edited=\"on|phone\" custom_css_main_element_tablet=\"width: 60%;\t||float: none;||margin: 0 auto;||margin-bottom: 30px;\" custom_css_main_element_phone=\"width: 60%;\t||float: none;||margin: 0 auto;||margin-bottom: 30px;\" box_shadow_vertical__hover=\"7.51px\" box_shadow_vertical__hover_enabled=\"on|hover\" box_shadow_blur__hover=\"20px\" box_shadow_blur__hover_enabled=\"on|desktop\" box_shadow_horizontal__hover=\"2.73px\" box_shadow_horizontal__hover_enabled=\"on|hover\"][et_pb_image src=\"https:\/\/diviedge.com\/layout-design\/medipulse\/wp-content\/uploads\/sites\/12\/2021\/11\/heal-specialist-procedure-cure-patient.png\" title_text=\"heal-specialist-procedure-cure-patient\" align=\"center\" align_tablet=\"center\" align_phone=\"center\" align_last_edited=\"on|tablet\" module_class=\"departmen_img\" _builder_version=\"4.14.4\" _module_preset=\"default\" custom_margin=\"||0px||false|false\" custom_padding=\"||0px||false|false\" locked=\"off\" global_colors_info=\"{}\"][\/et_pb_image][et_pb_blurb title=\"Dental Clinic\" image=\"https:\/\/diviedge.com\/layout-design\/medipulse\/wp-content\/uploads\/sites\/12\/2021\/11\/Group-3077.png\" content_max_width=\"100%\" _builder_version=\"4.14.4\" _module_preset=\"default\" header_font=\"Montserrat|600|||||||\" header_text_color=\"#333333\" header_font_size=\"24px\" header_line_height=\"24px\" body_font=\"Montserrat|500|||||||\" body_text_color=\"#2f3241\" body_line_height=\"28px\" text_orientation=\"center\" custom_margin=\"-45px||||false|false\" animation=\"off\" custom_css_blurb_image=\"margin-bottom: 0px;\" locked=\"off\" global_colors_info=\"{}\"]<p>Lorem ipsum dolor sit amet, consectetur adipiscing elit, sed do eiusmod tempor incidi dunt ut labore et dolore magna aliqua . Lorem ipsum dolor sit amet, consectetur.<\/p>[\/et_pb_blurb][\/et_pb_column][et_pb_column type=\"1_3\" module_class=\"last_column\" _builder_version=\"4.14.4\" _module_preset=\"default\" background_color=\"#f4fafd\" horizontal_offset_tablet=\"-20%\" horizontal_offset_phone=\"0%\" horizontal_offset_last_edited=\"on|tablet\" custom_padding=\"15px|15px|15px|15px|true|true\" border_radii=\"on|5px|5px|5px|5px\" box_shadow_style=\"preset1\" box_shadow_vertical=\"0px\" box_shadow_blur=\"0px\" box_shadow_color=\"rgba(176,176,176,0.15)\" global_colors_info=\"{}\" custom_css_main_element_last_edited=\"on|tablet\" custom_css_main_element_tablet=\"width: 60%;\t||float: none;||margin: 0 auto !important;||margin-bottom: 30px;||\" custom_css_main_element_phone=\"left: 0% !important;||width: 60%;\t||float: none;||margin: 0 auto;||margin-bottom: 30px;\" box_shadow_vertical__hover=\"7.51px\" box_shadow_vertical__hover_enabled=\"on|hover\" box_shadow_blur__hover=\"20px\" box_shadow_blur__hover_enabled=\"on|desktop\" box_shadow_horizontal__hover=\"2.73px\" box_shadow_horizontal__hover_enabled=\"on|hover\"][et_pb_image src=\"https:\/\/diviedge.com\/layout-design\/medipulse\/wp-content\/uploads\/sites\/12\/2021\/11\/60ed1d72d7ddd.png\" title_text=\"60ed1d72d7ddd\" align=\"center\" align_tablet=\"center\" align_phone=\"center\" align_last_edited=\"on|phone\" module_class=\"departmen_img\" _builder_version=\"4.14.4\" _module_preset=\"default\" module_alignment=\"center\" custom_margin=\"||0px||false|false\" custom_padding=\"||0px||false|false\" module_alignment_tablet=\"center\" module_alignment_phone=\"center\" module_alignment_last_edited=\"on|phone\" locked=\"off\" global_colors_info=\"{}\"][\/et_pb_image][et_pb_blurb title=\"Cardiology Clinic\" image=\"https:\/\/diviedge.com\/layout-design\/medipulse\/wp-content\/uploads\/sites\/12\/2021\/11\/Group-3078.png\" content_max_width=\"100%\" _builder_version=\"4.14.4\" _module_preset=\"default\" header_font=\"Montserrat|600|||||||\" header_text_color=\"#333333\" header_font_size=\"24px\" header_line_height=\"24px\" body_font=\"Montserrat|500|||||||\" body_text_color=\"#2f3241\" body_line_height=\"28px\" text_orientation=\"center\" custom_margin=\"-45px||||false|false\" animation=\"off\" custom_css_blurb_image=\"margin-bottom: 0px;\" locked=\"off\" global_colors_info=\"{}\"]<p>Lorem ipsum dolor sit amet, consectetur adipiscing elit, sed do eiusmod tempor incidi dunt ut labore et dolore magna aliqua . Lorem ipsum dolor sit amet, consectetur.<\/p>[\/et_pb_blurb][\/et_pb_column][\/et_pb_row][et_pb_row column_structure=\"1_3,1_3,1_3\" make_equal=\"on\" custom_padding_last_edited=\"on|phone\" _builder_version=\"4.14.4\" _module_preset=\"default\" width_tablet=\"\" width_phone=\"80%\" width_last_edited=\"on|tablet\" custom_padding=\"||||false|false\" custom_padding_tablet=\"0px||||false|false\" custom_padding_phone=\"0px||||false|false\" global_colors_info=\"{}\"][et_pb_column type=\"1_3\" _builder_version=\"4.14.2\" _module_preset=\"default\" background_color=\"#f4fafd\" custom_padding=\"15px|15px|15px|15px|true|true\" border_radii=\"on|5px|5px|5px|5px\" box_shadow_style=\"preset1\" box_shadow_vertical=\"0px\" box_shadow_blur=\"0px\" box_shadow_color=\"rgba(176,176,176,0.15)\" global_colors_info=\"{}\" custom_css_main_element_last_edited=\"on|tablet\" custom_css_main_element_tablet=\"width: 60%;\t||float: none;||margin: 0 auto !important;||margin-bottom: 30px !important;||\" custom_css_main_element_phone=\"width: 60%;\t||float: none;||margin: 0 auto !important;||margin-bottom: 30px !important;||\" box_shadow_vertical__hover=\"7.51px\" box_shadow_vertical__hover_enabled=\"on|hover\" box_shadow_blur__hover=\"20px\" box_shadow_blur__hover_enabled=\"on|desktop\" box_shadow_horizontal__hover=\"2.73px\" box_shadow_horizontal__hover_enabled=\"on|hover\"][et_pb_image src=\"https:\/\/diviedge.com\/layout-design\/medipulse\/wp-content\/uploads\/sites\/12\/2021\/11\/60ed1dc40bd70.png\" title_text=\"60ed1dc40bd70\" align=\"center\" align_tablet=\"center\" align_phone=\"center\" align_last_edited=\"on|tablet\" module_class=\"departmen_img\" _builder_version=\"4.14.4\" _module_preset=\"default\" custom_margin=\"||0px||false|false\" custom_padding=\"||0px||false|false\" global_colors_info=\"{}\"][\/et_pb_image][et_pb_blurb title=\"Neurology Clinic\" image=\"https:\/\/diviedge.com\/layout-design\/medipulse\/wp-content\/uploads\/sites\/12\/2021\/11\/Group-3080.png\" content_max_width=\"100%\" _builder_version=\"4.14.4\" _module_preset=\"default\" header_font=\"Montserrat|600|||||||\" header_text_color=\"#333333\" header_font_size=\"24px\" header_line_height=\"24px\" body_font=\"Montserrat|500|||||||\" body_text_color=\"#2f3241\" body_line_height=\"28px\" text_orientation=\"center\" custom_margin=\"-45px||||false|false\" animation=\"off\" custom_css_blurb_image=\"margin-bottom: 0px;\" global_colors_info=\"{}\"]<p>Lorem ipsum dolor sit amet, consectetur adipiscing elit, sed do eiusmod tempor incidi dunt ut labore et dolore magna aliqua . Lorem ipsum dolor sit amet, consectetur.<\/p>[\/et_pb_blurb][\/et_pb_column][et_pb_column type=\"1_3\" _builder_version=\"4.14.2\" _module_preset=\"default\" background_color=\"#f4fafd\" custom_padding=\"15px|15px|15px|15px|true|true\" border_radii=\"on|5px|5px|5px|5px\" box_shadow_style=\"preset1\" box_shadow_vertical=\"0px\" box_shadow_blur=\"0px\" box_shadow_color=\"rgba(176,176,176,0.15)\" global_colors_info=\"{}\" custom_css_main_element_last_edited=\"on|tablet\" custom_css_main_element_tablet=\"width: 60%;\t||float: none;||margin: 0 auto !important;||margin-bottom: 30px !important;||\" custom_css_main_element_phone=\"width: 60%;\t||float: none;||margin: 0 auto !important;||margin-bottom: 30px !important;||\" box_shadow_vertical__hover=\"7.51px\" box_shadow_vertical__hover_enabled=\"on|hover\" box_shadow_blur__hover=\"20px\" box_shadow_blur__hover_enabled=\"on|desktop\" box_shadow_horizontal__hover=\"2.73px\" box_shadow_horizontal__hover_enabled=\"on|hover\"][et_pb_image src=\"https:\/\/diviedge.com\/layout-design\/medipulse\/wp-content\/uploads\/sites\/12\/2021\/11\/surgeons-performing-operation-operation-room.png\" title_text=\"surgeons-performing-operation-operation-room\" align=\"center\" align_tablet=\"center\" align_phone=\"center\" align_last_edited=\"on|tablet\" module_class=\"departmen_img\" _builder_version=\"4.14.4\" _module_preset=\"default\" custom_margin=\"||0px||false|false\" custom_padding=\"||0px||false|false\" locked=\"off\" global_colors_info=\"{}\"][\/et_pb_image][et_pb_blurb title=\"Outpatient Surgery\" image=\"https:\/\/diviedge.com\/layout-design\/medipulse\/wp-content\/uploads\/sites\/12\/2021\/11\/Group-3081.png\" content_max_width=\"100%\" _builder_version=\"4.14.4\" _module_preset=\"default\" header_font=\"Montserrat|600|||||||\" header_text_color=\"#333333\" header_font_size=\"24px\" header_line_height=\"24px\" body_font=\"Montserrat|500|||||||\" body_text_color=\"#2f3241\" body_line_height=\"28px\" text_orientation=\"center\" custom_margin=\"-45px||||false|false\" animation=\"off\" custom_css_blurb_image=\"margin-bottom: 0px;\" locked=\"off\" global_colors_info=\"{}\"]<p>Lorem ipsum dolor sit amet, consectetur adipiscing elit, sed do eiusmod tempor incidi dunt ut labore et dolore magna aliqua . Lorem ipsum dolor sit amet, consectetur.<\/p>[\/et_pb_blurb][\/et_pb_column][et_pb_column type=\"1_3\" module_class=\"last_column\" _builder_version=\"4.14.4\" _module_preset=\"default\" background_color=\"#f4fafd\" horizontal_offset_tablet=\"-20%\" horizontal_offset_phone=\"0%\" horizontal_offset_last_edited=\"on|tablet\" custom_padding=\"15px|15px|15px|15px|true|true\" border_radii=\"on|5px|5px|5px|5px\" box_shadow_style=\"preset1\" box_shadow_vertical=\"0px\" box_shadow_blur=\"0px\" box_shadow_color=\"rgba(176,176,176,0.15)\" global_colors_info=\"{}\" custom_css_main_element_last_edited=\"on|phone\" custom_css_main_element_tablet=\"width: 60%;\t||float: none;||margin: 0 auto !important;||||\" custom_css_main_element_phone=\"left: 0% !important;||width: 60%;\t||float: none;||margin: 0 auto;||margin-bottom: 30px;\" box_shadow_vertical__hover=\"7.51px\" box_shadow_vertical__hover_enabled=\"on|hover\" box_shadow_blur__hover=\"20px\" box_shadow_blur__hover_enabled=\"on|desktop\" box_shadow_horizontal__hover=\"2.73px\" box_shadow_horizontal__hover_enabled=\"on|hover\"][et_pb_image src=\"https:\/\/diviedge.com\/layout-design\/medipulse\/wp-content\/uploads\/sites\/12\/2021\/11\/60ed1edfa4ac8.png\" title_text=\"60ed1edfa4ac8\" align=\"center\" align_tablet=\"center\" align_phone=\"center\" align_last_edited=\"on|tablet\" module_class=\"departmen_img\" _builder_version=\"4.14.4\" _module_preset=\"default\" custom_margin=\"||0px||false|false\" custom_padding=\"||0px||false|false\" locked=\"off\" global_colors_info=\"{}\"][\/et_pb_image][et_pb_blurb title=\"Laboratory Analysis\" image=\"https:\/\/diviedge.com\/layout-design\/medipulse\/wp-content\/uploads\/sites\/12\/2021\/11\/Group-3079.png\" content_max_width=\"100%\" _builder_version=\"4.14.4\" _module_preset=\"default\" header_font=\"Montserrat|600|||||||\" header_text_color=\"#333333\" header_font_size=\"24px\" header_line_height=\"24px\" body_font=\"Montserrat|500|||||||\" body_text_color=\"#2f3241\" body_line_height=\"28px\" text_orientation=\"center\" custom_margin=\"-45px||||false|false\" animation=\"off\" custom_css_blurb_image=\"margin-bottom: 0px;\" locked=\"off\" global_colors_info=\"{}\"]<p>Lorem ipsum dolor sit amet, consectetur adipiscing elit, sed do eiusmod tempor incidi dunt ut labore et dolore magna aliqua . Lorem ipsum dolor sit amet, consectetur.<\/p>[\/et_pb_blurb][\/et_pb_column][\/et_pb_row][\/et_pb_section][et_pb_section fb_built=\"1\" _builder_version=\"4.14.4\" _module_preset=\"default\" background_color=\"rgba(16,127,201,0.9)\" background_image=\"https:\/\/diviedge.com\/layout-design\/medipulse\/wp-content\/uploads\/sites\/12\/2022\/01\/h2_slider.jpg\" parallax=\"on\" parallax_method=\"off\" custom_padding=\"70px||70px||true|false\" custom_css_before=\"content:%22%22;||    display: block;||    position: absolute;||    top: 0;||    left: 0;||    width: 100%;||    height: 100%;||    background-color: rgba(16,127,201,0.9);||    z-index: 1;\" locked=\"off\" global_colors_info=\"{}\"][et_pb_row column_structure=\"1_2,1_2\" _builder_version=\"4.14.4\" _module_preset=\"default\" global_colors_info=\"{}\"][et_pb_column type=\"1_2\" _builder_version=\"4.14.4\" _module_preset=\"default\" background_color=\"#FFFFFF\" custom_padding=\"4%|2%|4%|2%|true|true\" custom_padding_tablet=\"4%|4%|4%|4%|true|true\" custom_padding_phone=\"6%|5%|6%|5%|true|true\" custom_padding_last_edited=\"on|phone\" border_radii=\"on|10px|10px|10px|10px\" box_shadow_style=\"preset1\" box_shadow_vertical=\"5px\" box_shadow_blur=\"83px\" box_shadow_color=\"rgba(0,0,0,0.13)\" global_colors_info=\"{}\"][et_pb_contact_form captcha=\"off\" title=\"Book an Appointment\" submit_button_text=\"Book Appointment\" _builder_version=\"4.14.4\" _module_preset=\"default\" form_field_background_color=\"#f4f4f4\" form_field_text_color=\"#333333\" form_field_focus_background_color=\"#F4F4F4\" form_field_focus_text_color=\"#333333\" form_field_custom_margin=\"||||false|false\" form_field_custom_margin_tablet=\"||||false|false\" form_field_custom_margin_phone=\"||16px||false|false\" form_field_custom_margin_last_edited=\"on|phone\" title_font=\"Montserrat|700|||||||\" title_text_align=\"left\" title_text_color=\"#107FC9\" title_font_size=\"32px\" title_line_height=\"40px\" form_field_font=\"Montserrat|500|||||||\" form_field_text_align=\"left\" form_field_font_size=\"14px\" form_field_line_height=\"28px\" custom_button=\"on\" button_text_size=\"18px\" button_text_color=\"#FFFFFF\" button_bg_color=\"#107fc9\" button_border_width=\"2px\" button_border_color=\"#107FC9\" button_border_radius=\"33px\" button_font=\"Montserrat|600|||||||\" button_use_icon=\"off\" button_custom_margin=\"40px||||false|false\" button_custom_padding=\"12px|36px|12px|36px|true|true\" text_orientation=\"left\" width_tablet=\"500px\" width_phone=\"auto\" width_last_edited=\"on|tablet\" module_alignment=\"left\" title_font_size_tablet=\"30px\" title_font_size_phone=\"22px\" title_font_size_last_edited=\"on|phone\" button_text_size_tablet=\"16px\" button_text_size_phone=\"14px\" button_text_size_last_edited=\"on|phone\" module_alignment_tablet=\"center\" module_alignment_phone=\"center\" module_alignment_last_edited=\"on|tablet\" custom_css_contact_title=\"padding-bottom: 32px;\" border_radii=\"on|6px|6px|6px|6px\" box_shadow_style_button=\"preset1\" box_shadow_horizontal_button=\"2.74px\" box_shadow_vertical_button=\"7.52px\" box_shadow_blur_button=\"20px\" box_shadow_color_button=\"rgba(0,0,0,0.15)\" locked=\"off\" global_colors_info=\"{}\" button_bg_color__hover_enabled=\"on|hover\" button_bg_color__hover=\"rgba(0,0,0,0)\" button_bg_enable_color__hover=\"on\" button_border_color__hover_enabled=\"on|desktop\" button_border_color__hover=\"#107FC9\" box_shadow_blur_button__hover_enabled=\"on|desktop\" box_shadow_blur_button__hover=\"0px\" box_shadow_vertical_button__hover_enabled=\"on|desktop\" box_shadow_vertical_button__hover=\"0px\" box_shadow_horizontal_button__hover_enabled=\"on|desktop\" box_shadow_horizontal_button__hover=\"0px\" button_text_color__hover_enabled=\"on|desktop\" button_text_color__hover=\"#107FC9\"][et_pb_contact_field field_id=\"department\" field_title=\"Select Department\" field_type=\"select\" select_options=\"%91{%22value%22:%22Department 1%22,%22checked%22:0,%22dragID%22:-1},{%22value%22:%22Department 2%22,%22checked%22:0,%22dragID%22:0},{%22value%22:%22Department 3%22,%22checked%22:0,%22dragID%22:1}%93\" _builder_version=\"4.12.1\" global_colors_info=\"{}\" button_text_size__hover_enabled=\"off\" button_one_text_size__hover_enabled=\"off\" button_two_text_size__hover_enabled=\"off\" button_text_color__hover_enabled=\"off\" button_one_text_color__hover_enabled=\"off\" button_two_text_color__hover_enabled=\"off\" button_border_width__hover_enabled=\"off\" button_one_border_width__hover_enabled=\"off\" button_two_border_width__hover_enabled=\"off\" button_border_color__hover_enabled=\"off\" button_one_border_color__hover_enabled=\"off\" button_two_border_color__hover_enabled=\"off\" button_border_radius__hover_enabled=\"off\" button_one_border_radius__hover_enabled=\"off\" button_two_border_radius__hover_enabled=\"off\" button_letter_spacing__hover_enabled=\"off\" button_one_letter_spacing__hover_enabled=\"off\" button_two_letter_spacing__hover_enabled=\"off\" button_bg_color__hover_enabled=\"off\" button_one_bg_color__hover_enabled=\"off\" button_two_bg_color__hover_enabled=\"off\"][\/et_pb_contact_field][et_pb_contact_field field_id=\"doctor\" field_title=\"Select Doctor\" field_type=\"select\" select_options=\"%91{%22value%22:%22Doctor 1%22,%22checked%22:0,%22dragID%22:-1},{%22value%22:%22Doctor 2%22,%22checked%22:0,%22dragID%22:0},{%22value%22:%22Doctor 3%22,%22checked%22:0,%22dragID%22:1}%93\" _builder_version=\"4.12.1\" global_colors_info=\"{}\" button_text_size__hover_enabled=\"off\" button_one_text_size__hover_enabled=\"off\" button_two_text_size__hover_enabled=\"off\" button_text_color__hover_enabled=\"off\" button_one_text_color__hover_enabled=\"off\" button_two_text_color__hover_enabled=\"off\" button_border_width__hover_enabled=\"off\" button_one_border_width__hover_enabled=\"off\" button_two_border_width__hover_enabled=\"off\" button_border_color__hover_enabled=\"off\" button_one_border_color__hover_enabled=\"off\" button_two_border_color__hover_enabled=\"off\" button_border_radius__hover_enabled=\"off\" button_one_border_radius__hover_enabled=\"off\" button_two_border_radius__hover_enabled=\"off\" button_letter_spacing__hover_enabled=\"off\" button_one_letter_spacing__hover_enabled=\"off\" button_two_letter_spacing__hover_enabled=\"off\" button_bg_color__hover_enabled=\"off\" button_one_bg_color__hover_enabled=\"off\" button_two_bg_color__hover_enabled=\"off\"][\/et_pb_contact_field][et_pb_contact_field field_id=\"fullname\" field_title=\"Your Full Name\" _builder_version=\"4.12.1\" _module_preset=\"default\" global_colors_info=\"{}\"][\/et_pb_contact_field][et_pb_contact_field field_id=\"phonenumber\" field_title=\"Your Phone\" _builder_version=\"4.12.1\" _module_preset=\"default\" global_colors_info=\"{}\"][\/et_pb_contact_field][et_pb_contact_field field_id=\"selectdate\" field_title=\"Select Date\" _builder_version=\"4.12.1\" _module_preset=\"default\" global_colors_info=\"{}\"][\/et_pb_contact_field][et_pb_contact_field field_id=\"selecttime\" field_title=\"Select Time\" _builder_version=\"4.12.1\" _module_preset=\"default\" global_colors_info=\"{}\"][\/et_pb_contact_field][\/et_pb_contact_form][\/et_pb_column][et_pb_column type=\"1_2\" _builder_version=\"4.14.4\" _module_preset=\"default\" global_colors_info=\"{}\"][et_pb_text content_tablet=\"<h2>Helping Patients From Around the Globe!!<\/h2>\nOur staff strives to make each interaction with patients clear, concise, and inviting. Support the important work of Medicsh Hospital by making a much-needed donation today.\" content_phone=\"<h2>Helping Patients From Around the Globe!!<\/h2>\nOur staff strives to make each interaction with patients clear, concise, and inviting. \" content_last_edited=\"on|desktop\" _builder_version=\"4.14.4\" _module_preset=\"default\" text_font=\"Montserrat||||||||\" text_text_color=\"#FFFFFF\" text_font_size=\"18px\" text_line_height=\"28px\" header_2_font=\"Montserrat|700|||||||\" header_2_text_color=\"#FFFFFF\" header_2_font_size=\"36px\" header_2_line_height=\"1.3em\" width_tablet=\"95%\" width_phone=\"100%\" width_last_edited=\"off|desktop\" module_alignment=\"center\" text_font_size_tablet=\"16px\" text_font_size_phone=\"14px\" text_font_size_last_edited=\"on|desktop\" header_2_font_size_tablet=\"30px\" header_2_font_size_phone=\"26px\" header_2_font_size_last_edited=\"on|phone\" locked=\"off\" global_colors_info=\"{}\"]<h2>Helping Patients From Around the Globe!!<\/h2>\n<p>Our staff strives to make each interaction with patients clear, concise, and inviting. Support the important work of Medicsh.<\/p>[\/et_pb_text][et_pb_button button_url=\"#\" button_text=\"Make A Gift\" _builder_version=\"4.14.5\" _module_preset=\"default\" custom_button=\"on\" button_text_size=\"18px\" button_text_color=\"#107fc9\" button_bg_color=\"#FFFFFF\" button_border_color=\"#FFFFFF\" button_border_radius=\"33px\" button_font=\"|600|||||||\" button_icon=\"&#xf004;||fa||900\" button_icon_placement=\"left\" button_on_hover=\"off\" custom_padding=\"12px|35px|12px|52px|true|false\" button_text_size_tablet=\"16px\" button_text_size_phone=\"14px\" button_text_size_last_edited=\"on|phone\" box_shadow_style=\"preset1\" box_shadow_horizontal=\"2.73px\" box_shadow_vertical=\"7.51px\" box_shadow_blur=\"20px\" box_shadow_color=\"rgba(0,0,0,0.15)\" global_colors_info=\"{}\" button_text_color__hover_enabled=\"on|desktop\" button_text_color__hover=\"#FFFFFF\" button_bg_color__hover_enabled=\"on|desktop\" button_bg_color__hover=\"rgba(255,255,255,0)\" button_bg_enable_color__hover=\"on\" box_shadow_horizontal__hover_enabled=\"on|desktop\" box_shadow_vertical__hover_enabled=\"on|desktop\" box_shadow_blur__hover_enabled=\"on|hover\" box_shadow_blur__hover=\"0px\" box_shadow_vertical__hover=\"0px\" box_shadow_horizontal__hover=\"0px\"][\/et_pb_button][et_pb_text content_tablet=\"We provide a comprehensive range of plans for families and individuals at every stage of life, with annual limits ranging from \u00a31.5m to unlimited.\" content_phone=\"We provide a comprehensive range of plans for families and individuals at every stage of life. \" content_last_edited=\"on|phone\" _builder_version=\"4.14.4\" _module_preset=\"default\" text_font=\"|700|||||||\" text_font_size=\"18px\" text_line_height=\"28px\" background_layout=\"dark\" text_font_size_tablet=\"16px\" text_font_size_phone=\"14px\" text_font_size_last_edited=\"on|phone\" global_colors_info=\"{}\"]<p>We provide a comprehensive range of plans for families and individuals at every stage of life, with annual limits ranging from \u00a31.5m to unlimited.<\/p>[\/et_pb_text][difl_logocarousel item_desktop=\"3\" _builder_version=\"4.14.4\" _module_preset=\"default\" custom_css_main_element=\"filter: brightness(0) invert(1);||opacity: 1 !important;\" global_colors_info=\"{}\"][difl_logocarouselitem image=\"https:\/\/diviedge.com\/layout-design\/medipulse\/wp-content\/uploads\/sites\/12\/2022\/01\/01.png\" _builder_version=\"4.14.4\" _module_preset=\"default\" global_colors_info=\"{}\"][\/difl_logocarouselitem][difl_logocarouselitem image=\"https:\/\/diviedge.com\/layout-design\/medipulse\/wp-content\/uploads\/sites\/12\/2022\/01\/03.png\" _builder_version=\"4.14.4\" _module_preset=\"default\" global_colors_info=\"{}\"][\/difl_logocarouselitem][difl_logocarouselitem image=\"https:\/\/diviedge.com\/layout-design\/medipulse\/wp-content\/uploads\/sites\/12\/2022\/01\/04.png\" _builder_version=\"4.14.4\" _module_preset=\"default\" global_colors_info=\"{}\"][\/difl_logocarouselitem][\/difl_logocarousel][\/et_pb_column][\/et_pb_row][\/et_pb_section][et_pb_section fb_built=\"1\" _builder_version=\"4.14.4\" _module_preset=\"default\" custom_padding=\"||0px||false|false\" locked=\"off\" global_colors_info=\"{}\"][et_pb_row custom_padding_last_edited=\"off|desktop\" _builder_version=\"4.14.4\" _module_preset=\"default\" custom_padding=\"||0px||false|false\" custom_padding_tablet=\"||0px||false|false\" custom_padding_phone=\"||0px||false|false\" locked=\"off\" global_colors_info=\"{}\"][et_pb_column type=\"4_4\" _builder_version=\"4.14.4\" _module_preset=\"default\" global_colors_info=\"{}\"][df_adh_heading title_prefix=\"Our Partner Ship\" use_divider=\"on\" divider_color=\"#107FC9\" divider_height=\"4px\" divider_width=\"40px\" divider_alignment=\"center\" divider_background_bgcolor=\"#107fc9\" heading_padding=\"||20px||false|false\" _builder_version=\"4.14.4\" _module_preset=\"default\" title_font=\"Montserrat|700|||||||\" title_text_align=\"center\" title_text_color=\"#2f3241\" title_font_size=\"40px\" custom_margin=\"||15px||false|false\" title_font_tablet=\"Montserrat|700|||||||\" title_font_phone=\"Montserrat|700|||||||\" title_font_last_edited=\"on|desktop\" title_font_size_tablet=\"40px\" title_font_size_phone=\"30px\" title_font_size_last_edited=\"on|desktop\" locked=\"off\" global_colors_info=\"{}\"][\/df_adh_heading][et_pb_text _builder_version=\"4.14.4\" _module_preset=\"default\" text_font=\"Montserrat||||||||\" text_text_color=\"#333333\" text_font_size=\"18px\" text_line_height=\"28px\" text_orientation=\"center\" width=\"60%\" width_tablet=\"95%\" width_phone=\"100%\" width_last_edited=\"on|desktop\" module_alignment=\"center\" custom_margin=\"||75px||false|false\" text_font_size_tablet=\"16px\" text_font_size_phone=\"14px\" text_font_size_last_edited=\"on|desktop\" global_colors_info=\"{}\"]<p>Lorem ipsum dolor sit amet, consectetuer adipiscing elit, sed diam nonummy nibhie euismod tincidunt ut laoreet dolore magna erat<\/p>[\/et_pb_text][difl_logocarousel item_desktop=\"5\" loop=\"on\" autoplay=\"on\" pause_hover=\"on\" _builder_version=\"4.13.0\" _module_preset=\"default\" locked=\"off\" global_colors_info=\"{}\"][difl_logocarouselitem image=\"https:\/\/diviedge.com\/layout-design\/medipulse\/wp-content\/uploads\/sites\/12\/2021\/11\/logo12.png\" _builder_version=\"4.13.0\" _module_preset=\"default\" global_colors_info=\"{}\"][\/difl_logocarouselitem][difl_logocarouselitem image=\"https:\/\/diviedge.com\/layout-design\/medipulse\/wp-content\/uploads\/sites\/12\/2021\/11\/logo10.png\" _builder_version=\"4.13.0\" _module_preset=\"default\" global_colors_info=\"{}\"][\/difl_logocarouselitem][difl_logocarouselitem image=\"https:\/\/diviedge.com\/layout-design\/medipulse\/wp-content\/uploads\/sites\/12\/2021\/11\/logo11.png\" _builder_version=\"4.13.0\" _module_preset=\"default\" global_colors_info=\"{}\"][\/difl_logocarouselitem][difl_logocarouselitem image=\"https:\/\/diviedge.com\/layout-design\/medipulse\/wp-content\/uploads\/sites\/12\/2021\/11\/logo09.png\" _builder_version=\"4.13.0\" _module_preset=\"default\" global_colors_info=\"{}\"][\/difl_logocarouselitem][difl_logocarouselitem image=\"https:\/\/diviedge.com\/layout-design\/medipulse\/wp-content\/uploads\/sites\/12\/2021\/11\/logo08.png\" _builder_version=\"4.13.0\" _module_preset=\"default\" global_colors_info=\"{}\"][\/difl_logocarouselitem][difl_logocarouselitem image=\"https:\/\/diviedge.com\/layout-design\/medipulse\/wp-content\/uploads\/sites\/12\/2021\/11\/logo11.png\" _builder_version=\"4.13.0\" _module_preset=\"default\" global_colors_info=\"{}\"][\/difl_logocarouselitem][\/difl_logocarousel][\/et_pb_column][\/et_pb_row][\/et_pb_section][et_pb_section fb_built=\"1\" _builder_version=\"4.14.4\" _module_preset=\"default\" background_color=\"#FFFFFF\" custom_padding=\"0px||0px||true|false\" saved_tabs=\"all\" locked=\"off\" global_colors_info=\"{}\"][et_pb_row column_structure=\"1_2,1_2\" custom_padding_last_edited=\"on|tablet\" module_class=\"footer_emergency\" _builder_version=\"4.14.4\" _module_preset=\"default\" use_background_color_gradient=\"on\" background_color_gradient_start=\"#42b3e5\" background_color_gradient_end=\"#107fc9\" background_color_gradient_direction=\"270deg\" transform_scale_tablet=\"\" transform_scale_phone=\"\" transform_scale_last_edited=\"on|desktop\" transform_translate=\"0px|100px\" transform_translate_tablet=\"0px|150px\" transform_translate_phone=\"0px|150px\" transform_translate_last_edited=\"on|phone\" transform_translate_linked=\"off\" transform_rotate_tablet=\"\" transform_rotate_phone=\"\" transform_rotate_last_edited=\"on|desktop\" transform_skew_tablet=\"\" transform_skew_phone=\"\" transform_skew_last_edited=\"on|desktop\" transform_origin_tablet=\"\" transform_origin_phone=\"\" transform_origin_last_edited=\"on|desktop\" transform_styles_last_edited=\"on|phone\" custom_padding=\"55px|100px|43px|100px|false|true\" custom_padding_tablet=\"45px|100px|45px|100px|true|true\" custom_padding_phone=\"35px|25px|35px|25px|true|true\" transform_styles_tablet=\"\" transform_styles_phone=\"\" border_radii=\"on|10px|10px|10px|10px\" box_shadow_style=\"preset1\" box_shadow_horizontal=\"5px\" box_shadow_vertical=\"5px\" box_shadow_blur=\"29px\" box_shadow_color=\"rgba(0,0,0,0.29)\" global_colors_info=\"{}\"][et_pb_column type=\"1_2\" _builder_version=\"4.12.0\" _module_preset=\"default\" global_colors_info=\"{}\"][et_pb_text _builder_version=\"4.14.4\" _module_preset=\"default\" header_3_font=\"|600|||||||\" header_3_text_align=\"left\" header_3_font_size=\"24px\" background_layout=\"dark\" custom_margin=\"||0px||false|false\" custom_padding=\"||16px||false|false\" header_3_text_align_tablet=\"center\" header_3_text_align_phone=\"center\" header_3_text_align_last_edited=\"on|phone\" global_colors_info=\"{}\"]<h3>Emergency Service<\/h3>[\/et_pb_text][et_pb_text _builder_version=\"4.14.4\" _module_preset=\"default\" text_font=\"||||||||\" text_font_size=\"16px\" text_line_height=\"28px\" background_layout=\"dark\" width=\"78%\" width_tablet=\"90%\" width_phone=\"100%\" width_last_edited=\"on|phone\" text_font_size_tablet=\"15px\" text_font_size_phone=\"14px\" text_font_size_last_edited=\"on|phone\" text_orientation_tablet=\"center\" text_orientation_phone=\"center\" text_orientation_last_edited=\"on|tablet\" module_alignment_tablet=\"\" module_alignment_phone=\"center\" module_alignment_last_edited=\"on|phone\" global_colors_info=\"{}\"]<p>An emergency department (ED), also known as an accident &amp; emergency ward (EW) or casualty department, is a medical treatment.<\/p>[\/et_pb_text][\/et_pb_column][et_pb_column type=\"1_2\" _builder_version=\"4.12.0\" _module_preset=\"default\" global_colors_info=\"{}\"][et_pb_blurb title=\"Call: +01-001-001001\" image=\"https:\/\/diviedge.com\/layout-design\/medipulse\/wp-content\/uploads\/sites\/12\/2021\/11\/Icon-awesome-heartbeat.png\" icon_alignment=\"left\" content_max_width=\"100%\" icon_alignment_tablet=\"center\" icon_alignment_phone=\"center\" icon_alignment_last_edited=\"on|tablet\" _builder_version=\"4.14.4\" _module_preset=\"default\" header_font=\"|600|||||||\" header_text_color=\"#FFFFFF\" header_font_size=\"32px\" z_index=\"3\" filter_opacity=\"99%\" child_filter_opacity=\"99%\" animation=\"off\" header_text_align_tablet=\"center\" header_text_align_phone=\"center\" header_text_align_last_edited=\"on|desktop\" header_font_size_tablet=\"32px\" header_font_size_phone=\"24px\" header_font_size_last_edited=\"on|phone\" custom_css_blurb_image=\"margin-bottom: 18px;\" global_colors_info=\"{}\"][\/et_pb_blurb][\/et_pb_column][\/et_pb_row][\/et_pb_section]","post_title":"Departments Page - MediPulse Layout - Diviflash","post_excerpt":"","post_status":"publish","comment_status":"closed","ping_status":"closed","post_password":"","post_name":"departments-page-medipulse-layout-diviflash","to_ping":"","pinged":"","post_modified":"2022-01-13 11:42:00","post_modified_gmt":"2022-01-13 11:42:00","post_content_filtered":"","post_parent":0,"menu_order":0,"post_type":"et_pb_layout","post_mime_type":"","comment_count":"0","filter":"raw","post_meta":{"_et_pb_built_for_post_type":["page"]},"terms":{"2":{"name":"layout","slug":"layout","taxonomy":"layout_type","parent":0,"all_parents":[],"description":""},"3":{"name":"not_global","slug":"not_global","taxonomy":"scope","parent":0,"all_parents":[],"description":""},"4":{"name":"regular","slug":"regular","taxonomy":"module_width","parent":0,"all_parents":[],"description":""}}}},"presets":"","global_colors":"","images":[],"thumbnails":[]}