{"context":"et_divi_mods","data":{"static_css_custom_css_safety_check_done":"1","2_5_flush_rewrite_rules":"done","et_flush_rewrite_rules_library":"4.14.5","divi_previous_installed_version":"4.14.4","divi_latest_installed_version":"4.14.5","divi_skip_font_subset_force":"1","et_pb_clear_templates_cache":true,"builder_custom_defaults":[],"customizer_settings_migrated_flag":"1","builder_custom_defaults_unmigrated":"","divi_email_provider_credentials_migrated":"1","builder_global_presets":[],"custom_defaults_migrated_flag":"1","divi_1_3_images":"checked","et_pb_layouts_updated":"1","library_removed_legacy_layouts":"1","divi_2_4_documentation_message":"triggered","et_pb_post_type_integration":{"post":"on","page":"on","project":"on"},"et_pb_static_css_file":"off","et_pb_css_in_footer":"off","et_pb_product_tour_global":"on","et_enable_classic_editor":"on","product_tour_status":{"1":"off","5":"off"},"et_fb_pref_settings_bar_location":"bottom","et_fb_pref_builder_animation":"true","et_fb_pref_builder_display_modal_settings":"false","et_fb_pref_builder_enable_dummy_content":"true","et_fb_pref_event_mode":"click","et_fb_pref_limited_view_mode":"wireframe","et_fb_pref_hide_disabled_modules":"false","et_fb_pref_history_intervals":1,"et_fb_pref_page_creation_flow":"default","et_fb_pref_quick_actions_always_start_with":"nothing","et_fb_pref_quick_actions_show_recent_queries":"off","et_fb_pref_quick_actions_recent_queries":"","et_fb_pref_quick_actions_recent_category":"","et_fb_pref_limited_modal_preference":"default","et_fb_pref_modal_snap_location":"","et_fb_pref_modal_snap":"false","et_fb_pref_modal_fullscreen":"false","et_fb_pref_modal_dimension_width":400,"et_fb_pref_modal_dimension_height":513,"et_fb_pref_modal_position_x":75,"et_fb_pref_modal_position_y":131,"et_fb_pref_limited_toolbar_click":"false","et_fb_pref_limited_toolbar_desktop":"true","et_fb_pref_limited_toolbar_grid":"false","et_fb_pref_limited_toolbar_hover":"false","et_fb_pref_limited_toolbar_phone":"true","et_fb_pref_limited_toolbar_tablet":"true","et_fb_pref_limited_toolbar_wireframe":"true","et_fb_pref_limited_toolbar_zoom":"true","et_fb_pref_lv_modal_dimension_height":0,"et_fb_pref_lv_modal_dimension_width":0,"et_fb_pref_lv_modal_position_x":0,"et_fb_pref_lv_modal_position_y":0,"et_fb_pref_responsive_tablet_width":768,"et_fb_pref_responsive_tablet_height":0,"et_fb_pref_responsive_phone_width":375,"et_fb_pref_responsive_phone_height":0,"et_fb_pref_responsive_minimum_width":320,"et_fb_pref_responsive_maximum_width":980,"show_search_icon":false,"footer_widget_text_color":"#333333","footer_widget_link_color":"#333333","primary_nav_font_size":"18","primary_nav_font":"Montserrat","menu_link":"#333333","menu_link_active":"#107fc9","content_width":"1200","accent_color":"#107fc9","custom_footer_credits":"\u00a9 2021, Medicare. All rights reserved.","bottom_bar_background_color":"rgba(66,179,229,0.01)","bottom_bar_text_color":"#333333","show_footer_social_icons":"","footer_bg":"rgba(66,179,229,0.05)","footer_columns":"_1_2__1_4","widget_body_font_size":"16","footer_widget_header_color":"#42b3e5","widget_header_font_size":"18","widget_header_font_style":"bold","et_fb_pref_view_mode":"desktop","et_fb_pref_modal_preference":"default","et_fb_pref_toolbar_click":"false","et_fb_pref_toolbar_desktop":"true","et_fb_pref_toolbar_grid":"false","et_fb_pref_toolbar_hover":"false","et_fb_pref_toolbar_phone":"true","et_fb_pref_toolbar_tablet":"true","et_fb_pref_toolbar_wireframe":"true","et_fb_pref_toolbar_zoom":"true","heading_font":"Montserrat","body_font":"Montserrat","body_header_height":"1.2","nav_fullwidth":"","wp_custom_css":"body{\r\n\tfont-weight: 400;\r\n}\r\n\/*=== Header ===*\/\r\n.et_pb_sticky_module  {\r\n    box-shadow: 0px 3px 6px #00000029;\r\n}\r\n#menu-main-menu li {\r\n    padding-right: 35px;\r\n}\r\nul#menu-main-menu li:last-child {\r\n    padding-right: 0px;\r\n}\r\nul#menu-main-menu li:first-child {\r\n    padding-left: 0px !important;\r\n}\r\nul#menu-main-menu {\r\n    margin-right: 0px;\r\n}\r\n#menu-main-menu li.current-menu-item a {\r\n    color: #107fc9 !important;\r\n    border-bottom: 3px solid;\r\n}\r\n.header_blurb .et_pb_blurb_container {\r\n    padding-left: 5px;\r\n}\r\n@media all and (min-width: 981px) and (max-width: 1280px) {\r\n\t#menu-main-menu li {\r\n    \tpadding-left: 18px;\r\n    \tpadding-right: 18px;\r\n\t}\r\n}\r\n@media screen and (max-width: 980px) {\r\n\t.et_mobile_menu {\r\n\t\tmargin-top: 15px;\r\n\t}\r\n}\r\n\/*=== Home Page ===*\/\r\n@media screen and (min-width: 981px) {\r\n\t.header_slider .et_pb_container {\r\n    \twidth: 40%;\r\n    \tmargin-left: 14%;\r\n\t}\r\n}\r\n.header_slider .et_pb_slide_description {\r\n    background-color: rgba(16,127,201,.7);\r\n    margin-top: 28%;\r\n    margin-bottom: 28%;\r\n\tpadding: 8%;\r\n\tborder-radius: 10px;\r\n\tdisplay: block;\r\n\tposition: relative;\r\n}\r\n.header_slider .et_pb_slide_description:before {\r\n    content: \"\";\r\n    background-color: rgba(16,127,201,.7);\r\n    width: 100%;\r\n    height: 100%;\r\n    position: absolute;\r\n    margin-top: -4%;\r\n    margin-left: -12%;\r\n    border-radius: 10px;\r\n    z-index: -1;\r\n}\r\n.header_slider .et_pb_slide_title {\r\n\tpadding-bottom: 20px;\r\n}\r\n\/*=== about page ===*\/\r\n.about_doctor img {\r\n\twidth: 100%;\r\n}\r\n\/*=== Department page ===*\/\r\n.departmen_img .et_pb_image_wrap, .departmen_img img {\r\n    width: 100% !important;\r\n}\r\n@media screen and (max-width: 767px) {\r\n\t.home_blog_grid article {\r\n    \tpadding-left: 0px !important;\r\n    \tpadding-right: 0px !important;\r\n\t}\r\n\t.et_pb_column:last-child.last_column {\r\n    \tmargin-right: auto !important;\r\n\t}\r\n}\r\n@media all and (min-width: 981px) and (max-width: 1366px) {\r\n\t.home_blog_grid .df-post-inner-wrap {\r\n\t\tpadding-bottom: 20px !important;\r\n\t}\r\n\t.home_blog_grid .difl_postitem_1 {\r\n\t\twidth: 55%;\r\n\t\tmargin-right: 20px !important;\r\n\t\tpadding: 5px 15px !important;\r\n\t}\r\n\t.home_blog_grid .difl_postitem_1 a {\t\t\r\n\t\tfont-size: 12px !important;\r\n\t}\r\n\t.home_blog_grid .difl_postitem_2, .home_blog_grid .difl_postitem_3, \r\n\t.home_blog_grid .difl_postitem_4, .home_blog_grid .difl_postitem_5 {\r\n\t\tpadding-right: 20px !important;\r\n\t\tpadding-left: 20px !important;\r\n\t}\r\n}\r\n.special-doctor .df_person_name {\r\n    font-weight: 400;\r\n}\r\n.iconAccordian .et_pb_accordion_item.et_pb_toggle_open h5.et_pb_toggle_title::before {\r\n\tdisplay: block;\r\n\tcontent: \"\\4b\" !important;\r\n\tcolor: #107FC9;\r\n\tfont-size: 20px;\r\n}\r\n.iconAccordian .et_pb_accordion_item.et_pb_toggle_close h5.et_pb_toggle_title::before {\r\n    content: \"\\4c\" !important;\r\n}\r\n\/*=== Other page ===*\/\r\n.global-header .header-content {\r\n    margin: 0 auto !important;\r\n\tpadding: 0;\r\n}\r\n\r\n\/*=== Footer ===*\/\r\n@media all and (min-width: 981px) and (max-width: 1120px) {\r\n\t.et_pb_row.footer_emergency{\r\n\t\tdisplay: -webkit-box;\r\n\t\tdisplay: -ms-flexbox;\r\n\t\tdisplay: flex;\r\n\t\t-webkit-box-align: center;\r\n\t\t-ms-flex-align: center;\r\n\t\talign-items: center;\t\r\n\t\tpadding-right: 48px !important;\r\n\t\tpadding-left: 48px !important;\r\n\t}\r\n\t.footer_emergency h4.et_pb_module_header {\r\n\t\tfont-size: 26px !important;\r\n\t}\r\n}","post_meta_font_size":"14","post_meta_height":"1","post_meta_spacing":"0","post_meta_style":"","post_header_font_size":"30","post_header_height":"1","post_header_spacing":"0","post_header_style":"","boxed_layout":"","gutter_width":"3","use_sidebar_width":"","sidebar_width":"21","section_padding":"4","phone_section_height":"50","tablet_section_height":"50","row_padding":"2","phone_row_height":"30","tablet_row_height":"30","cover_background":"on","body_font_size":"14","body_font_height":"1.7","phone_body_font_size":"14","tablet_body_font_size":"14","body_header_size":"30","body_header_spacing":"0","body_header_style":"","phone_header_font_size":"30","tablet_header_font_size":"30","link_color":"#107fc9","font_color":"#666666","header_color":"#666666","color_schemes":"none","header_style":"left","vertical_nav":"","vertical_nav_orientation":"left","hide_nav":"","show_header_social_icons":false,"slide_nav_show_top_bar":"on","slide_nav_width":"320","slide_nav_font_size":"14","slide_nav_top_font_size":"14","fullscreen_nav_font_size":"30","fullscreen_nav_top_font_size":"18","slide_nav_font_spacing":"0","slide_nav_font":"none","slide_nav_font_style":"","slide_nav_bg":"#107fc9","slide_nav_links_color":"#ffffff","slide_nav_links_color_active":"#ffffff","slide_nav_top_color":"rgba(255,255,255,0.6)","slide_nav_search":"rgba(255,255,255,0.6)","slide_nav_search_bg":"rgba(0,0,0,0.2)","hide_primary_logo":"","menu_height":82,"logo_height":"54","menu_margin_top":"0","primary_nav_font_spacing":"0","primary_nav_font_style":"","secondary_nav_font_size":"12","secondary_nav_fullwidth":"","secondary_nav_font_spacing":"0","secondary_nav_font":"none","secondary_nav_font_style":"","hide_mobile_logo":"","mobile_menu_link":"#333333","primary_nav_bg":"#ffffff","primary_nav_dropdown_bg":"#ffffff","primary_nav_dropdown_line_color":"#107fc9","primary_nav_dropdown_link_color":"#333333","primary_nav_dropdown_animation":"fade","mobile_primary_nav_bg":"#ffffff","secondary_nav_bg":"#107fc9","secondary_nav_text_color_new":"#ffffff","secondary_nav_dropdown_bg":"#107fc9","secondary_nav_dropdown_link_color":"#ffffff","secondary_nav_dropdown_animation":"fade","primary_nav_text_color":"dark","secondary_nav_text_color":"light","hide_fixed_logo":"","minimized_menu_height":82,"fixed_primary_nav_font_size":"18","fixed_primary_nav_bg":"#ffffff","fixed_secondary_nav_bg":"#2ea3f2","fixed_menu_link":"#333333","fixed_secondary_menu_link":"#ffffff","fixed_menu_link_active":"#107fc9","phone_number":"","header_email":"","widget_body_line_height":"1.7","widget_body_font_style":false,"footer_widget_bullet_color":"#107fc9","footer_menu_background_color":"rgba(255,255,255,0.05)","footer_menu_text_color":"#bbbbbb","footer_menu_active_link_color":"#107fc9","footer_menu_letter_spacing":"0","footer_menu_font_style":false,"footer_menu_font_size":"14","bottom_bar_font_style":false,"bottom_bar_font_size":"14","bottom_bar_social_icon_size":"24","bottom_bar_social_icon_color":"#666666","disable_custom_footer_credits":"","all_buttons_font_size":"20","all_buttons_text_color":"","all_buttons_bg_color":"rgba(0,0,0,0)","all_buttons_border_width":"2","all_buttons_border_color":"#ffffff","all_buttons_border_radius":"3","all_buttons_spacing":"0","all_buttons_font_style":"","all_buttons_font":"none","all_buttons_icon":"yes","all_buttons_selected_icon":"5","all_buttons_icon_color":"#ffffff","all_buttons_icon_placement":"right","all_buttons_icon_hover":"yes","all_buttons_text_color_hover":"","all_buttons_bg_color_hover":"rgba(255,255,255,0.2)","all_buttons_border_color_hover":"rgba(0,0,0,0)","all_buttons_border_radius_hover":false,"all_buttons_spacing_hover":false,"divi_favicon":"","et_fb_pref_builder_enable_visual_theme_builder":"true"},"presets":"","global_colors":"","images":[],"thumbnails":[]}