{"context":"et_builder_layouts","data":{"244761":{"ID":244761,"post_date":"2022-01-13 11:40:08","post_date_gmt":"2022-01-13 11:40:08","post_content":"[et_pb_section fb_built=\"1\" fullwidth=\"on\" _builder_version=\"4.14.4\" _module_preset=\"default\" global_colors_info=\"{}\"][et_pb_fullwidth_slider show_pagination=\"off\" use_text_overlay=\"off\" arrows_custom_color=\"#FFFFFF\" module_class=\"header_slider\" _builder_version=\"4.14.5\" _module_preset=\"default\" header_text_color=\"#FFFFFF\" custom_padding_tablet=\"||||false|false\" custom_padding_last_edited=\"off|desktop\" auto=\"on\" global_colors_info=\"{}\"][et_pb_slide heading=\"We Care Medical & Health \" button_text=\"Get Appointment\" use_text_overlay=\"off\" _builder_version=\"4.14.5\" _module_preset=\"default\" header_font=\"Montserrat|700|||||||\" header_text_color=\"#FFFFFF\" header_font_size=\"60px\" header_line_height=\"1.1em\" body_font=\"Montserrat||||||||\" body_text_align=\"justify\" body_text_color=\"#FFFFFF\" body_line_height=\"24px\" background_enable_color=\"off\" background_image=\"https:\/\/diviedge.com\/layout-design\/medipulse\/wp-content\/uploads\/sites\/12\/2022\/01\/slider_2.jpg\" background_enable_image=\"on\" custom_button=\"on\" button_text_size=\"18px\" button_text_color=\"#107fc9\" button_bg_color=\"#FFFFFF\" button_border_width=\"2px\" button_border_color=\"#FFFFFF\" button_border_radius=\"33px\" button_font=\"Montserrat|600|||||||\" button_use_icon=\"off\" button_custom_margin=\"40px||||false|false\" button_custom_padding=\"12px|36px|12px|36px|true|true\" text_orientation=\"left\" header_font_size_tablet=\"36px\" header_font_size_phone=\"30px\" header_font_size_last_edited=\"on|phone\" button_text_size_tablet=\"16px\" button_text_size_phone=\"14px\" button_text_size_last_edited=\"on|phone\" box_shadow_style_button=\"preset1\" box_shadow_horizontal_button=\"2.73px\" box_shadow_vertical_button=\"7.51px\" box_shadow_blur_button=\"20px\" box_shadow_color_button=\"rgba(0,0,0,0.15)\" global_colors_info=\"{}\" button_bg_color__hover_enabled=\"on|desktop\" button_bg_color__hover=\"rgba(255,255,255,0)\" button_bg_enable_color__hover=\"on\" button_text_color__hover_enabled=\"on|hover\" button_text_color__hover=\"#FFFFFF\" box_shadow_horizontal_button__hover_enabled=\"on|desktop\" box_shadow_vertical_button__hover_enabled=\"on|desktop\" box_shadow_blur_button__hover_enabled=\"on|hover\" box_shadow_blur_button__hover=\"0px\" box_shadow_vertical_button__hover=\"0px\" box_shadow_horizontal_button__hover=\"0px\" sticky_transition=\"on\"]<p>We use a team approach to providing health care, and involve the patient as part of our team. Health our staff in the community enhances our ability to provide of often highly specialized effective. Our Hospital provide the high quality care to improve the health of our entire community.<\/p>[\/et_pb_slide][et_pb_slide heading=\"Your Best Care Begins At Us\" button_text=\"Get Appointment\" use_text_overlay=\"off\" _builder_version=\"4.14.5\" _module_preset=\"default\" header_font=\"Montserrat|700|||||||\" header_text_color=\"#FFFFFF\" header_font_size=\"60px\" header_line_height=\"1.1em\" body_font=\"Montserrat||||||||\" body_text_align=\"justify\" body_text_color=\"#FFFFFF\" body_line_height=\"24px\" background_enable_color=\"off\" background_image=\"https:\/\/diviedge.com\/layout-design\/medipulse\/wp-content\/uploads\/sites\/12\/2022\/01\/slider_3.jpg\" background_enable_image=\"on\" custom_button=\"on\" button_text_size=\"18px\" button_text_color=\"#107fc9\" button_bg_color=\"#FFFFFF\" button_border_width=\"2px\" button_border_color=\"#FFFFFF\" button_border_radius=\"33px\" button_font=\"Montserrat|600|||||||\" button_use_icon=\"off\" button_custom_margin=\"40px||||false|false\" button_custom_padding=\"12px|36px|12px|36px|true|true\" text_orientation=\"left\" header_font_size_tablet=\"36px\" header_font_size_phone=\"30px\" header_font_size_last_edited=\"on|phone\" button_text_size_tablet=\"16px\" button_text_size_phone=\"14px\" button_text_size_last_edited=\"on|desktop\" box_shadow_style_button=\"preset1\" box_shadow_horizontal_button=\"2.73px\" box_shadow_vertical_button=\"7.51px\" box_shadow_blur_button=\"20px\" box_shadow_color_button=\"rgba(0,0,0,0.15)\" global_colors_info=\"{}\" button_bg_color__hover_enabled=\"on|desktop\" button_bg_color__hover=\"rgba(255,255,255,0)\" button_bg_enable_color__hover=\"on\" button_text_color__hover_enabled=\"on|hover\" button_text_color__hover=\"#FFFFFF\" box_shadow_horizontal_button__hover_enabled=\"on|desktop\" box_shadow_vertical_button__hover_enabled=\"on|desktop\" box_shadow_blur_button__hover_enabled=\"on|hover\" box_shadow_blur_button__hover=\"0px\" box_shadow_vertical_button__hover=\"0px\" box_shadow_horizontal_button__hover=\"0px\" sticky_transition=\"on\"]<p>We use a team approach to providing health care, and involve the patient as part of our team. Health our staff in the community enhances our ability to provide of often highly specialized effective. Our Hospital provide the high quality care to improve the health of our entire community.<\/p>[\/et_pb_slide][et_pb_slide heading=\"Where You Go For Health\" button_text=\"Get Appointment\" use_text_overlay=\"off\" _builder_version=\"4.14.5\" _module_preset=\"default\" header_font=\"Montserrat|700|||||||\" header_text_color=\"#FFFFFF\" header_font_size=\"60px\" header_line_height=\"1.1em\" body_font=\"Montserrat||||||||\" body_text_align=\"justify\" body_text_color=\"#FFFFFF\" body_line_height=\"24px\" background_enable_color=\"off\" background_image=\"https:\/\/diviedge.com\/layout-design\/medipulse\/wp-content\/uploads\/sites\/12\/2022\/01\/slider_1.jpg\" background_enable_image=\"on\" custom_button=\"on\" button_text_size=\"18px\" button_text_color=\"#107fc9\" button_bg_color=\"#FFFFFF\" button_border_width=\"2px\" button_border_color=\"#FFFFFF\" button_border_radius=\"33px\" button_font=\"Montserrat|600|||||||\" button_use_icon=\"off\" button_custom_margin=\"40px||||false|false\" button_custom_padding=\"12px|36px|12px|36px|true|true\" text_orientation=\"left\" header_font_size_tablet=\"36px\" header_font_size_phone=\"30px\" header_font_size_last_edited=\"on|phone\" button_text_size_tablet=\"16px\" button_text_size_phone=\"14px\" button_text_size_last_edited=\"on|phone\" box_shadow_style_button=\"preset1\" box_shadow_horizontal_button=\"2.73px\" box_shadow_vertical_button=\"7.51px\" box_shadow_blur_button=\"20px\" box_shadow_color_button=\"rgba(0,0,0,0.15)\" global_colors_info=\"{}\" button_bg_color__hover_enabled=\"on|desktop\" button_bg_color__hover=\"rgba(255,255,255,0)\" button_bg_enable_color__hover=\"on\" button_text_color__hover_enabled=\"on|hover\" button_text_color__hover=\"#FFFFFF\" box_shadow_horizontal_button__hover_enabled=\"on|desktop\" box_shadow_vertical_button__hover_enabled=\"on|desktop\" box_shadow_blur_button__hover_enabled=\"on|hover\" box_shadow_blur_button__hover=\"0px\" box_shadow_vertical_button__hover=\"0px\" box_shadow_horizontal_button__hover=\"0px\" sticky_transition=\"on\"]<p>We use a team approach to providing health care, and involve the patient as part of our team. Health our staff in the community enhances our ability to provide of often highly specialized effective. Our Hospital provide the high quality care to improve the health of our entire community.<\/p>[\/et_pb_slide][\/et_pb_fullwidth_slider][\/et_pb_section][et_pb_section fb_built=\"1\" _builder_version=\"4.14.4\" _module_preset=\"default\" background_color=\"#fcfdff\" background_image=\"https:\/\/diviedge.com\/layout-design\/medipulse\/wp-content\/uploads\/sites\/12\/2021\/12\/2process-bg.png\" background_size=\"initial\" background_last_edited=\"on|tablet\" background_enable_image_tablet=\"off\" global_colors_info=\"{}\"][et_pb_row _builder_version=\"4.14.4\" _module_preset=\"default\" locked=\"off\" global_colors_info=\"{}\"][et_pb_column type=\"4_4\" _builder_version=\"4.14.4\" _module_preset=\"default\" global_colors_info=\"{}\"][df_adh_heading title_prefix=\"Where People Come First\" use_divider=\"on\" divider_color=\"#107FC9\" divider_height=\"4px\" divider_width=\"40px\" divider_alignment=\"center\" divider_background_bgcolor=\"#107fc9\" heading_padding=\"||20px||false|false\" _builder_version=\"4.14.4\" _module_preset=\"default\" title_font=\"Montserrat|700|||||||\" title_text_align=\"center\" title_text_color=\"#2f3241\" title_font_size=\"40px\" title_line_height=\"1.3em\" custom_margin=\"||15px||false|false\" title_font_tablet=\"Montserrat|700|||||||\" title_font_phone=\"Montserrat|700|||||||\" title_font_last_edited=\"on|desktop\" title_font_size_tablet=\"36px\" title_font_size_phone=\"28px\" title_font_size_last_edited=\"on|desktop\" locked=\"off\" global_colors_info=\"{}\"][\/df_adh_heading][et_pb_text _builder_version=\"4.14.4\" _module_preset=\"default\" text_font=\"Montserrat||||||||\" text_text_color=\"#333333\" text_font_size=\"18px\" text_line_height=\"28px\" text_orientation=\"center\" width=\"60%\" width_tablet=\"95%\" width_phone=\"100%\" width_last_edited=\"on|desktop\" module_alignment=\"center\" text_font_size_tablet=\"16px\" text_font_size_phone=\"14px\" text_font_size_last_edited=\"on|phone\" global_colors_info=\"{}\"]<p>Lorem ipsum dolor sit amet, consectetuer adipiscing elit, sed diam nonummy nibhie euismod tincidunt ut laoreet dolore magna erat<\/p>[\/et_pb_text][\/et_pb_column][\/et_pb_row][et_pb_row column_structure=\"1_4,1_4,1_4,1_4\" use_custom_gutter=\"on\" gutter_width=\"2\" _builder_version=\"4.14.4\" _module_preset=\"default\" global_colors_info=\"{}\"][et_pb_column type=\"1_4\" _builder_version=\"4.14.4\" _module_preset=\"default\" global_colors_info=\"{}\"][et_pb_blurb title=\" Comfortable Care\" image=\"https:\/\/diviedge.com\/layout-design\/medipulse\/wp-content\/uploads\/sites\/12\/2021\/12\/h1-img-1.png\" _builder_version=\"4.14.4\" _module_preset=\"default\" header_font=\"Montserrat|700|||||||\" header_text_color=\"#2f3241\" header_font_size=\"20px\" header_line_height=\"1.3em\" body_font=\"Montserrat||||||||\" body_text_color=\"#919191\" body_font_size=\"16px\" body_line_height=\"28px\" text_orientation=\"center\" animation=\"off\" header_font_size_tablet=\"18px\" header_font_size_phone=\"16px\" header_font_size_last_edited=\"on|desktop\" body_font_size_tablet=\"15px\" body_font_size_phone=\"14px\" body_font_size_last_edited=\"on|phone\" custom_css_blurb_image=\"margin-bottom: 20px;\" border_radii_image=\"on|50%|50%|50%|50%\" border_width_all_image=\"1px\" border_color_all_image=\"#e6e6e6\" global_colors_info=\"{}\" custom_css_blurb_image_last_edited=\"on|tablet\" custom_css_blurb_image_tablet=\"width: 220px;\" custom_css_blurb_image_phone=\"width: 220px;\"]<p>Lorem ipsum dolor sit amet, consectetuer adipis elit<\/p>[\/et_pb_blurb][\/et_pb_column][et_pb_column type=\"1_4\" _builder_version=\"4.14.4\" _module_preset=\"default\" global_colors_info=\"{}\"][et_pb_blurb title=\" Trusted Doctors\" image=\"https:\/\/diviedge.com\/layout-design\/medipulse\/wp-content\/uploads\/sites\/12\/2021\/12\/h1-img-2.png\" _builder_version=\"4.14.4\" _module_preset=\"default\" header_font=\"Montserrat|700|||||||\" header_text_color=\"#2f3241\" header_font_size=\"20px\" header_line_height=\"1.3em\" body_font=\"Montserrat||||||||\" body_text_color=\"#919191\" body_font_size=\"16px\" body_line_height=\"28px\" text_orientation=\"center\" animation=\"off\" header_font_size_tablet=\"18px\" header_font_size_phone=\"16px\" header_font_size_last_edited=\"on|desktop\" body_font_size_tablet=\"15px\" body_font_size_phone=\"14px\" body_font_size_last_edited=\"on|desktop\" custom_css_blurb_image=\"margin-bottom: 20px;\" border_radii_image=\"on|50%|50%|50%|50%\" border_width_all_image=\"1px\" border_color_all_image=\"#e6e6e6\" locked=\"off\" global_colors_info=\"{}\" custom_css_blurb_image_last_edited=\"on|tablet\" custom_css_blurb_image_tablet=\"width: 220px;\" custom_css_blurb_image_phone=\"width: 220px;\"]<p>Lorem ipsum dolor sit amet, consectetuer adipis elit<\/p>[\/et_pb_blurb][\/et_pb_column][et_pb_column type=\"1_4\" _builder_version=\"4.14.4\" _module_preset=\"default\" global_colors_info=\"{}\"][et_pb_blurb title=\" Highest Quality\" image=\"https:\/\/diviedge.com\/layout-design\/medipulse\/wp-content\/uploads\/sites\/12\/2021\/12\/h1-img-3.png\" _builder_version=\"4.14.4\" _module_preset=\"default\" header_font=\"Montserrat|700|||||||\" header_text_color=\"#2f3241\" header_font_size=\"20px\" header_line_height=\"1.3em\" body_font=\"Montserrat||||||||\" body_text_color=\"#919191\" body_font_size=\"16px\" body_line_height=\"28px\" text_orientation=\"center\" animation=\"off\" header_font_size_tablet=\"18px\" header_font_size_phone=\"16px\" header_font_size_last_edited=\"on|desktop\" body_font_size_tablet=\"15px\" body_font_size_phone=\"14px\" body_font_size_last_edited=\"on|desktop\" custom_css_blurb_image=\"margin-bottom: 20px;\" border_radii_image=\"on|50%|50%|50%|50%\" border_width_all_image=\"1px\" border_color_all_image=\"#e6e6e6\" locked=\"off\" global_colors_info=\"{}\" custom_css_blurb_image_last_edited=\"on|tablet\" custom_css_blurb_image_tablet=\"width: 220px;\" custom_css_blurb_image_phone=\"width: 220px;\"]<p>Lorem ipsum dolor sit amet, consectetuer adipis elit<\/p>[\/et_pb_blurb][\/et_pb_column][et_pb_column type=\"1_4\" _builder_version=\"4.14.4\" _module_preset=\"default\" global_colors_info=\"{}\"][et_pb_blurb title=\" Always Smiling\" image=\"https:\/\/diviedge.com\/layout-design\/medipulse\/wp-content\/uploads\/sites\/12\/2021\/12\/h1-img-4.png\" _builder_version=\"4.14.4\" _module_preset=\"default\" header_font=\"Montserrat|700|||||||\" header_text_color=\"#2f3241\" header_font_size=\"20px\" header_line_height=\"1.3em\" body_font=\"Montserrat||||||||\" body_text_color=\"#919191\" body_font_size=\"16px\" body_line_height=\"28px\" text_orientation=\"center\" animation=\"off\" header_font_size_tablet=\"18px\" header_font_size_phone=\"16px\" header_font_size_last_edited=\"on|desktop\" body_font_size_tablet=\"15px\" body_font_size_phone=\"14px\" body_font_size_last_edited=\"on|desktop\" custom_css_blurb_image=\"margin-bottom: 20px;\" border_radii_image=\"on|50%|50%|50%|50%\" border_width_all_image=\"1px\" border_color_all_image=\"#e6e6e6\" locked=\"off\" global_colors_info=\"{}\" custom_css_blurb_image_last_edited=\"on|phone\" custom_css_blurb_image_tablet=\"width: 220px;\" custom_css_blurb_image_phone=\"width: 220px;\"]<p>Lorem ipsum dolor sit amet, consectetuer adipis elit<\/p>[\/et_pb_blurb][\/et_pb_column][\/et_pb_row][\/et_pb_section][et_pb_section fb_built=\"1\" specialty=\"on\" _builder_version=\"4.14.4\" _module_preset=\"default\" global_colors_info=\"{}\"][et_pb_column type=\"1_2\" _builder_version=\"3.25\" custom_padding=\"|||\" global_colors_info=\"{}\" custom_padding__hover=\"|||\"][et_pb_image src=\"https:\/\/diviedge.com\/layout-design\/medipulse\/wp-content\/uploads\/sites\/12\/2021\/11\/blog-3.jpg\" title_text=\"blog-3\" _builder_version=\"4.14.4\" _module_preset=\"default\" overflow-x=\"visible\" overflow-y=\"visible\" border_radii=\"on|4px|4px|4px|4px\" global_colors_info=\"{}\"][\/et_pb_image][\/et_pb_column][et_pb_column type=\"1_2\" specialty_columns=\"2\" _builder_version=\"3.25\" custom_padding=\"|||\" global_colors_info=\"{}\" custom_padding__hover=\"|||\"][et_pb_row_inner custom_padding_last_edited=\"on|phone\" _builder_version=\"4.14.4\" _module_preset=\"default\" custom_margin_tablet=\"0px||||false|false\" custom_margin_phone=\"0px||||false|false\" custom_margin_last_edited=\"on|tablet\" custom_padding_tablet=\"0px||||false|false\" custom_padding_phone=\"0px||||false|false\" global_colors_info=\"{}\"][et_pb_column_inner saved_specialty_column_type=\"1_2\" _builder_version=\"4.14.4\" _module_preset=\"default\" global_colors_info=\"{}\"][difl_advanced_blurb title=\"About MediCare\" sub_title=\"We\u2019re Setting the New Research & Clinical Care.\" content_width=\"100%\" title_margin=\"||||false|false\" sub_title_margin=\"||14px||false|false\" disabled_on=\"off|off|off\" _builder_version=\"4.14.4\" _module_preset=\"default\" title_font=\"Montserrat|600|||||||\" title_text_color=\"#107fc9\" title_font_size=\"18px\" sub_title_font=\"|700|||||||\" sub_title_text_color=\"#2f3241\" sub_title_font_size=\"34px\" sub_title_line_height=\"40px\" content_body_font=\"Montserrat||||||||\" content_body_text_color=\"#333333\" content_body_font_size=\"16px\" content_body_line_height=\"28px\" width=\"99%\" width_tablet=\"100%\" width_phone=\"100%\" width_last_edited=\"on|tablet\" custom_margin=\"36px||||false|false\" title_font_size_tablet=\"17px\" title_font_size_phone=\"16px\" title_font_size_last_edited=\"on|desktop\" title_line_height_tablet=\"\" title_line_height_phone=\"22px\" title_line_height_last_edited=\"on|phone\" sub_title_font_size_tablet=\"31px\" sub_title_font_size_phone=\"23px\" sub_title_font_size_last_edited=\"on|desktop\" sub_title_line_height_tablet=\"40px\" sub_title_line_height_phone=\"34px\" sub_title_line_height_last_edited=\"on|phone\" content_body_font_size_tablet=\"15px\" content_body_font_size_phone=\"14px\" content_body_font_size_last_edited=\"on|phone\" locked=\"off\" global_colors_info=\"{}\"]<p>Lorem ipsum dolor sit amet, consectetur adipiscing elit, sed do smod tem incididunt ut labore et dolore magna aliqua. Ut enim inimnmiam, quis nostrud exercitation ullamco laboris.<\/p>[\/difl_advanced_blurb][\/et_pb_column_inner][\/et_pb_row_inner][et_pb_row_inner column_structure=\"1_2,1_2\" custom_padding_last_edited=\"on|phone\" _builder_version=\"4.14.4\" _module_preset=\"default\" custom_padding_tablet=\"\" custom_padding_phone=\"15px||||false|false\" global_colors_info=\"{}\"][et_pb_column_inner type=\"1_2\" saved_specialty_column_type=\"1_2\" _builder_version=\"4.14.4\" _module_preset=\"default\" global_colors_info=\"{}\"][et_pb_blurb title=\"Specialist Doctor\" use_icon=\"on\" font_icon=\"&#xf0f0;||fa||900\" icon_placement=\"left\" _builder_version=\"4.14.4\" _module_preset=\"default\" header_font=\"Montserrat|600|||||||\" header_font_size=\"18px\" header_line_height=\"26px\" animation=\"off\" header_font_size_tablet=\"17px\" header_font_size_phone=\"16px\" header_font_size_last_edited=\"on|desktop\" custom_css_blurb_image=\"vertical-align: middle;\" custom_css_blurb_title=\"padding-bottom: 0px;\" global_colors_info=\"{}\"][\/et_pb_blurb][et_pb_blurb title=\"Emergency Cases\" use_icon=\"on\" font_icon=\"&#xf0f9;||fa||900\" icon_placement=\"left\" _builder_version=\"4.14.4\" _module_preset=\"default\" header_font=\"Montserrat|600|||||||\" header_font_size=\"18px\" header_line_height=\"26px\" animation=\"off\" header_font_size_tablet=\"17px\" header_font_size_phone=\"16px\" header_font_size_last_edited=\"on|tablet\" custom_css_blurb_image=\"vertical-align: middle;\" custom_css_blurb_title=\"padding-bottom: 0px;\" global_colors_info=\"{}\"][\/et_pb_blurb][\/et_pb_column_inner][et_pb_column_inner type=\"1_2\" saved_specialty_column_type=\"1_2\" _builder_version=\"4.14.4\" _module_preset=\"default\" custom_padding_tablet=\"\" custom_padding_phone=\"0px||||false|false\" custom_padding_last_edited=\"on|phone\" global_colors_info=\"{}\"][et_pb_blurb title=\"Certified Medicine\" use_icon=\"on\" font_icon=\"&#xf484;||fa||900\" icon_placement=\"left\" _builder_version=\"4.14.4\" _module_preset=\"default\" header_font=\"Montserrat|600|||||||\" header_font_size=\"18px\" header_line_height=\"26px\" animation=\"off\" header_font_size_tablet=\"17px\" header_font_size_phone=\"16px\" header_font_size_last_edited=\"on|tablet\" custom_css_blurb_image=\"vertical-align: middle;\" custom_css_blurb_title=\"padding-bottom: 0px;\" locked=\"off\" global_colors_info=\"{}\"][\/et_pb_blurb][et_pb_blurb title=\" 24x7 Support\" use_icon=\"on\" font_icon=\"&#xf590;||fa||900\" icon_placement=\"left\" _builder_version=\"4.14.4\" _module_preset=\"default\" header_font=\"Montserrat|600|||||||\" header_font_size=\"18px\" header_line_height=\"26px\" animation=\"off\" header_font_size_tablet=\"17px\" header_font_size_phone=\"16px\" header_font_size_last_edited=\"on|tablet\" custom_css_blurb_image=\"vertical-align: middle;\" custom_css_blurb_title=\"padding-bottom: 0px;\" locked=\"off\" global_colors_info=\"{}\"][\/et_pb_blurb][\/et_pb_column_inner][\/et_pb_row_inner][et_pb_row_inner _builder_version=\"4.14.4\" _module_preset=\"default\" global_colors_info=\"{}\"][et_pb_column_inner saved_specialty_column_type=\"1_2\" _builder_version=\"4.14.4\" _module_preset=\"default\" global_colors_info=\"{}\"][et_pb_button button_url=\"#\" button_text=\"Learn More\" button_alignment=\"left\" _builder_version=\"4.14.5\" _module_preset=\"default\" custom_button=\"on\" button_text_size=\"18px\" button_text_color=\"#FFFFFF\" button_bg_color=\"#107fc9\" button_border_color=\"#107FC9\" button_border_radius=\"33px\" button_font=\"|600|||||||\" button_use_icon=\"off\" custom_padding=\"12px|36px|12px|36px|true|true\" button_text_size_tablet=\"16px\" button_text_size_phone=\"14px\" button_text_size_last_edited=\"on|desktop\" box_shadow_style=\"preset1\" box_shadow_horizontal=\"2.73px\" box_shadow_vertical=\"7.51px\" box_shadow_blur=\"20px\" box_shadow_color=\"rgba(0,0,0,0.15)\" locked=\"off\" global_colors_info=\"{}\" box_shadow_horizontal__hover_enabled=\"on|hover\" box_shadow_vertical__hover_enabled=\"on|desktop\" box_shadow_blur__hover_enabled=\"on|desktop\" box_shadow_horizontal__hover=\"0px\" box_shadow_vertical__hover=\"0px\" box_shadow_blur__hover=\"0px\" button_text_color__hover_enabled=\"on|hover\" button_text_color__hover=\"#107FC9\" button_bg_color__hover_enabled=\"on|hover\" button_bg_color__hover=\"#FFFFFF\" button_bg_enable_color__hover=\"on\" button_border_color__hover_enabled=\"on|desktop\" button_border_color__hover=\"#107FC9\"][\/et_pb_button][\/et_pb_column_inner][\/et_pb_row_inner][\/et_pb_column][\/et_pb_section][et_pb_section fb_built=\"1\" _builder_version=\"4.14.4\" _module_preset=\"default\" background_color=\"#f7f8fa\" global_colors_info=\"{}\"][et_pb_row _builder_version=\"4.14.4\" _module_preset=\"default\" locked=\"off\" global_colors_info=\"{}\"][et_pb_column type=\"4_4\" _builder_version=\"4.14.4\" _module_preset=\"default\" global_colors_info=\"{}\"][df_adh_heading title_prefix=\"Our Services\" use_divider=\"on\" divider_color=\"#107FC9\" divider_height=\"4px\" divider_width=\"40px\" divider_alignment=\"center\" divider_background_bgcolor=\"#107fc9\" heading_padding=\"||20px||false|false\" _builder_version=\"4.14.4\" _module_preset=\"default\" title_font=\"Montserrat|700|||||||\" title_text_align=\"center\" title_text_color=\"#2f3241\" title_font_size=\"40px\" title_line_height=\"1.3em\" custom_margin=\"||15px||false|false\" title_font_tablet=\"Montserrat|700|||||||\" title_font_phone=\"Montserrat|700|||||||\" title_font_last_edited=\"on|desktop\" title_font_size_tablet=\"36px\" title_font_size_phone=\"28px\" title_font_size_last_edited=\"on|desktop\" locked=\"off\" global_colors_info=\"{}\"][\/df_adh_heading][et_pb_text _builder_version=\"4.14.4\" _module_preset=\"default\" text_font=\"Montserrat||||||||\" text_text_color=\"#333333\" text_font_size=\"18px\" text_line_height=\"28px\" text_orientation=\"center\" width=\"60%\" width_tablet=\"95%\" width_phone=\"100%\" width_last_edited=\"on|desktop\" module_alignment=\"center\" text_font_size_tablet=\"16px\" text_font_size_phone=\"14px\" text_font_size_last_edited=\"on|phone\" global_colors_info=\"{}\"]<p>Lorem ipsum dolor sit amet, consectetuer adipiscing elit, sed diam nonummy nibhie euismod tincidunt ut laoreet dolore magna erat<\/p>[\/et_pb_text][\/et_pb_column][\/et_pb_row][et_pb_row column_structure=\"1_3,1_3,1_3\" custom_padding_last_edited=\"on|tablet\" _builder_version=\"4.14.4\" _module_preset=\"default\" custom_padding_tablet=\"||0px||false|false\" custom_padding_phone=\"||0px||false|false\" global_colors_info=\"{}\"][et_pb_column type=\"1_3\" _builder_version=\"4.14.4\" _module_preset=\"default\" global_colors_info=\"{}\"][et_pb_blurb title=\"Qualified Doctors\" use_icon=\"on\" font_icon=\"&#xf0f0;||fa||900\" icon_color_last_edited=\"off|desktop\" _builder_version=\"4.14.4\" _module_preset=\"default\" header_font=\"Montserrat|600|||||||\" header_text_color=\"#222222\" header_font_size=\"22px\" header_line_height=\"1.3em\" body_font=\"Montserrat|500|||||||\" body_text_color=\"#777777\" body_line_height=\"28px\" background_color=\"#FFFFFF\" text_orientation=\"center\" custom_padding=\"50px|30px|50px|30px|false|false\" custom_padding_tablet=\"50px|30px|50px|30px|false|false\" custom_padding_phone=\"15px|15px|15px|15px|false|false\" custom_padding_last_edited=\"on|desktop\" animation=\"off\" header_font_size_tablet=\"20px\" header_font_size_phone=\"18px\" header_font_size_last_edited=\"on|desktop\" custom_css_blurb_image=\"margin-bottom: 20px;\" border_radii=\"on|4px|4px|4px|4px\" global_colors_info=\"{}\" background__hover_enabled=\"on|desktop\" background_color__hover=\"#107fc9\" background_enable_color__hover=\"on\" icon_color__hover_enabled=\"on|desktop\" icon_color__hover=\"#FFFFFF\" header_text_color__hover_enabled=\"on|desktop\" header_text_color__hover=\"#FFFFFF\" body_text_color__hover_enabled=\"on|desktop\" body_text_color__hover=\"#FFFFFF\"]<p>Lorem ipsum dolor sit amet, consectetur adipisicing elit. Mollitia quasiqui invent cumque nulla!<\/p>[\/et_pb_blurb][\/et_pb_column][et_pb_column type=\"1_3\" _builder_version=\"4.14.4\" _module_preset=\"default\" global_colors_info=\"{}\"][et_pb_blurb title=\"Advanced Technology\" use_icon=\"on\" font_icon=\"&#xf0fa;||fa||900\" icon_color=\"#42B3E5\" icon_color_last_edited=\"off|desktop\" _builder_version=\"4.14.4\" _module_preset=\"default\" header_font=\"Montserrat|600|||||||\" header_text_color=\"#222222\" header_font_size=\"22px\" header_line_height=\"1.3em\" body_font=\"Montserrat|500|||||||\" body_text_color=\"#777777\" body_line_height=\"28px\" background_color=\"#FFFFFF\" text_orientation=\"center\" custom_padding=\"50px|30px|50px|30px|false|false\" custom_padding_tablet=\"50px|30px|50px|30px|false|false\" custom_padding_phone=\"15px|15px|15px|15px|false|false\" custom_padding_last_edited=\"on|desktop\" animation=\"off\" header_font_size_tablet=\"20px\" header_font_size_phone=\"18px\" header_font_size_last_edited=\"on|desktop\" custom_css_blurb_image=\"margin-bottom: 20px;\" border_radii=\"on|4px|4px|4px|4px\" locked=\"off\" global_colors_info=\"{}\" background__hover_enabled=\"on|desktop\" background_color__hover=\"#107fc9\" background_enable_color__hover=\"on\" icon_color__hover_enabled=\"on|desktop\" icon_color__hover=\"#FFFFFF\" header_text_color__hover_enabled=\"on|desktop\" header_text_color__hover=\"#FFFFFF\" body_text_color__hover_enabled=\"on|desktop\" body_text_color__hover=\"#FFFFFF\"]<p>Lorem ipsum dolor sit amet, consectetur adipisicing elit. Mollitia quasiqui invent cumque nulla!<\/p>[\/et_pb_blurb][\/et_pb_column][et_pb_column type=\"1_3\" _builder_version=\"4.14.4\" _module_preset=\"default\" global_colors_info=\"{}\"][et_pb_blurb title=\"Emergency Care\" use_icon=\"on\" font_icon=\"&#xf0f9;||fa||900\" icon_color_last_edited=\"off|desktop\" _builder_version=\"4.14.4\" _module_preset=\"default\" header_font=\"Montserrat|600|||||||\" header_text_color=\"#222222\" header_font_size=\"22px\" header_line_height=\"1.3em\" body_font=\"Montserrat|500|||||||\" body_text_color=\"#777777\" body_line_height=\"28px\" background_color=\"#FFFFFF\" text_orientation=\"center\" custom_padding=\"50px|30px|50px|30px|false|false\" custom_padding_tablet=\"50px|30px|50px|30px|false|false\" custom_padding_phone=\"15px|15px|15px|15px|false|false\" custom_padding_last_edited=\"on|desktop\" animation=\"off\" header_font_size_tablet=\"20px\" header_font_size_phone=\"18px\" header_font_size_last_edited=\"on|desktop\" custom_css_blurb_image=\"margin-bottom: 20px;\" border_radii=\"on|4px|4px|4px|4px\" locked=\"off\" global_colors_info=\"{}\" background__hover_enabled=\"on|desktop\" background_color__hover=\"#107fc9\" background_enable_color__hover=\"on\" icon_color__hover_enabled=\"on|desktop\" icon_color__hover=\"#FFFFFF\" header_text_color__hover_enabled=\"on|desktop\" header_text_color__hover=\"#FFFFFF\" body_text_color__hover_enabled=\"on|desktop\" body_text_color__hover=\"#FFFFFF\"]<p>Lorem ipsum dolor sit amet, consectetur adipisicing elit. Mollitia quasiqui invent cumque nulla!<\/p>[\/et_pb_blurb][\/et_pb_column][\/et_pb_row][et_pb_row column_structure=\"1_3,1_3,1_3\" custom_padding_last_edited=\"off|desktop\" _builder_version=\"4.14.4\" _module_preset=\"default\" custom_margin=\"||||false|false\" custom_padding_tablet=\"0px||||false|false\" custom_padding_phone=\"|||\" global_colors_info=\"{}\"][et_pb_column type=\"1_3\" _builder_version=\"4.14.4\" _module_preset=\"default\" global_colors_info=\"{}\"][et_pb_blurb title=\"Daily Cheakups\" use_icon=\"on\" font_icon=\"&#xf0fd;||fa||900\" icon_color=\"#42b3e5\" icon_color_last_edited=\"off|desktop\" _builder_version=\"4.14.4\" _module_preset=\"default\" header_font=\"Montserrat|600|||||||\" header_text_color=\"#222222\" header_font_size=\"22px\" header_line_height=\"1.3em\" body_font=\"Montserrat|500|||||||\" body_text_color=\"#777777\" body_line_height=\"28px\" background_color=\"#FFFFFF\" text_orientation=\"center\" custom_padding=\"50px|30px|50px|30px|false|false\" custom_padding_tablet=\"50px|30px|50px|30px|false|false\" custom_padding_phone=\"15px|15px|15px|15px|false|false\" custom_padding_last_edited=\"on|desktop\" animation=\"off\" header_font_size_tablet=\"20px\" header_font_size_phone=\"18px\" header_font_size_last_edited=\"on|desktop\" custom_css_blurb_image=\"margin-bottom: 20px;\" border_radii=\"on|4px|4px|4px|4px\" global_colors_info=\"{}\" background__hover_enabled=\"on|desktop\" background_color__hover=\"#107fc9\" background_enable_color__hover=\"on\" icon_color__hover_enabled=\"on|desktop\" icon_color__hover=\"#FFFFFF\" header_text_color__hover_enabled=\"on|desktop\" header_text_color__hover=\"#FFFFFF\" body_text_color__hover_enabled=\"on|desktop\" body_text_color__hover=\"#FFFFFF\"]<p>Lorem ipsum dolor sit amet, consectetur adipisicing elit. Mollitia quasiqui invent cumque nulla!<\/p>[\/et_pb_blurb][\/et_pb_column][et_pb_column type=\"1_3\" _builder_version=\"4.14.4\" _module_preset=\"default\" global_colors_info=\"{}\"][et_pb_blurb title=\"Online Service\" use_icon=\"on\" font_icon=\"&#xf0fe;||fa||900\" icon_color_last_edited=\"off|desktop\" _builder_version=\"4.14.4\" _module_preset=\"default\" header_font=\"Montserrat|600|||||||\" header_text_color=\"#222222\" header_font_size=\"22px\" header_line_height=\"1.3em\" body_font=\"Montserrat|500|||||||\" body_text_color=\"#777777\" body_line_height=\"28px\" background_color=\"#FFFFFF\" text_orientation=\"center\" custom_padding=\"50px|30px|50px|30px|false|false\" custom_padding_tablet=\"50px|30px|50px|30px|false|false\" custom_padding_phone=\"15px|15px|15px|15px|false|false\" custom_padding_last_edited=\"on|desktop\" animation=\"off\" header_font_size_tablet=\"20px\" header_font_size_phone=\"18px\" header_font_size_last_edited=\"on|desktop\" custom_css_blurb_image=\"margin-bottom: 20px;\" border_radii=\"on|4px|4px|4px|4px\" locked=\"off\" global_colors_info=\"{}\" background__hover_enabled=\"on|desktop\" background_color__hover=\"#107fc9\" background_enable_color__hover=\"on\" icon_color__hover_enabled=\"on|desktop\" icon_color__hover=\"#FFFFFF\" header_text_color__hover_enabled=\"on|desktop\" header_text_color__hover=\"#FFFFFF\" body_text_color__hover_enabled=\"on|desktop\" body_text_color__hover=\"#FFFFFF\"]<p>Lorem ipsum dolor sit amet, consectetur adipisicing elit. Mollitia quasiqui invent cumque nulla!<\/p>[\/et_pb_blurb][\/et_pb_column][et_pb_column type=\"1_3\" _builder_version=\"4.14.4\" _module_preset=\"default\" global_colors_info=\"{}\"][et_pb_blurb title=\"General Medical\" use_icon=\"on\" font_icon=\"&#xf487;||fa||900\" icon_color=\"#42B3E5\" icon_color_last_edited=\"off|desktop\" _builder_version=\"4.14.4\" _module_preset=\"default\" header_font=\"Montserrat|600|||||||\" header_text_color=\"#222222\" header_font_size=\"22px\" header_line_height=\"1.3em\" body_font=\"Montserrat|500|||||||\" body_text_color=\"#777777\" body_line_height=\"28px\" background_color=\"#FFFFFF\" text_orientation=\"center\" custom_padding=\"50px|30px|50px|30px|false|false\" custom_padding_tablet=\"50px|30px|50px|30px|false|false\" custom_padding_phone=\"15px|15px|15px|15px|false|false\" custom_padding_last_edited=\"on|desktop\" animation=\"off\" header_font_size_tablet=\"20px\" header_font_size_phone=\"18px\" header_font_size_last_edited=\"on|desktop\" custom_css_blurb_image=\"margin-bottom: 20px;\" border_radii=\"on|4px|4px|4px|4px\" locked=\"off\" global_colors_info=\"{}\" background__hover_enabled=\"on|desktop\" background_color__hover=\"#107fc9\" background_enable_color__hover=\"on\" icon_color__hover_enabled=\"on|desktop\" icon_color__hover=\"#FFFFFF\" header_text_color__hover_enabled=\"on|desktop\" header_text_color__hover=\"#FFFFFF\" body_text_color__hover_enabled=\"on|desktop\" body_text_color__hover=\"#FFFFFF\"]<p>Lorem ipsum dolor sit amet, consectetur adipisicing elit. Mollitia quasiqui invent cumque nulla!<\/p>[\/et_pb_blurb][\/et_pb_column][\/et_pb_row][\/et_pb_section][et_pb_section fb_built=\"1\" _builder_version=\"4.14.4\" _module_preset=\"default\" background_color=\"#107fc9\" background_image=\"https:\/\/diviedge.com\/layout-design\/medipulse\/wp-content\/uploads\/sites\/12\/2022\/01\/map-dotted.jpg\" background_position=\"center_right\" custom_padding=\"||||false|false\" background_last_edited=\"on|phone\" background_size_phone=\"cover\" background_position_phone=\"center_left\" locked=\"off\" global_colors_info=\"{}\"][et_pb_row column_structure=\"1_4,1_4,1_4,1_4\" _builder_version=\"4.12.1\" _module_preset=\"default\" global_colors_info=\"{}\"][et_pb_column type=\"1_4\" _builder_version=\"4.12.1\" _module_preset=\"default\" global_colors_info=\"{}\"][et_pb_image src=\"https:\/\/diviedge.com\/layout-design\/medipulse\/wp-content\/uploads\/sites\/12\/2021\/11\/Group-87.png\" title_text=\"Group 87\" align=\"center\" _builder_version=\"4.14.4\" _module_preset=\"default\" width_tablet=\"\" width_phone=\"\" width_last_edited=\"on|phone\" module_alignment=\"center\" height=\"60px\" height_tablet=\"60px\" height_phone=\"59px\" height_last_edited=\"on|phone\" module_alignment_tablet=\"center\" module_alignment_phone=\"center\" module_alignment_last_edited=\"off|desktop\" global_colors_info=\"{}\"][\/et_pb_image][et_pb_number_counter title=\"Medical Experts\" number=\"34\" percent_sign=\"off\" _builder_version=\"4.14.4\" _module_preset=\"default\" title_font=\"Montserrat|500||on|||||\" title_line_height=\"42px\" number_font=\"|700|||||||\" number_text_color=\"#FFFFFF\" number_font_size=\"40px\" number_line_height=\"40px\" background_layout=\"dark\" title_font_size_tablet=\"24px\" title_font_size_phone=\"20px\" title_font_size_last_edited=\"off|desktop\" title_line_height_tablet=\"34px\" title_line_height_phone=\"28px\" title_line_height_last_edited=\"on|phone\" number_font_size_tablet=\"40px\" number_font_size_phone=\"40px\" number_font_size_last_edited=\"on|tablet\" number_line_height_tablet=\"40px\" number_line_height_phone=\"40px\" number_line_height_last_edited=\"on|phone\" custom_css_percent=\"height: 20px;\" global_colors_info=\"{}\"][\/et_pb_number_counter][\/et_pb_column][et_pb_column type=\"1_4\" _builder_version=\"4.12.1\" _module_preset=\"default\" global_colors_info=\"{}\"][et_pb_image src=\"https:\/\/diviedge.com\/layout-design\/medipulse\/wp-content\/uploads\/sites\/12\/2021\/11\/Group-263.png\" title_text=\"Group 263\" align=\"center\" _builder_version=\"4.14.4\" _module_preset=\"default\" module_alignment=\"center\" height=\"60px\" height_tablet=\"60px\" height_phone=\"59px\" height_last_edited=\"on|phone\" locked=\"off\" global_colors_info=\"{}\"][\/et_pb_image][et_pb_number_counter title=\"Happy Patients\" number=\"322\" percent_sign=\"off\" _builder_version=\"4.14.2\" _module_preset=\"default\" title_font=\"Montserrat|500||on|||||\" title_line_height=\"42px\" number_font=\"|700|||||||\" number_text_color=\"#FFFFFF\" number_font_size=\"40px\" number_line_height=\"40px\" background_layout=\"dark\" title_line_height_tablet=\"34px\" title_line_height_phone=\"28px\" title_line_height_last_edited=\"on|phone\" number_font_size_tablet=\"40px\" number_font_size_phone=\"40px\" number_font_size_last_edited=\"on|tablet\" number_line_height_tablet=\"40px\" number_line_height_phone=\"40px\" number_line_height_last_edited=\"on|phone\" custom_css_percent=\"height: 20px;\" locked=\"off\" global_colors_info=\"{}\"][\/et_pb_number_counter][\/et_pb_column][et_pb_column type=\"1_4\" _builder_version=\"4.12.1\" _module_preset=\"default\" global_colors_info=\"{}\"][et_pb_image src=\"https:\/\/diviedge.com\/layout-design\/medipulse\/wp-content\/uploads\/sites\/12\/2021\/11\/Group-278.png\" title_text=\"Group 278\" align=\"center\" _builder_version=\"4.14.4\" _module_preset=\"default\" module_alignment=\"center\" height=\"60px\" height_tablet=\"60px\" height_phone=\"59px\" height_last_edited=\"on|phone\" locked=\"off\" global_colors_info=\"{}\"][\/et_pb_image][et_pb_number_counter title=\"Medical Beds\" number=\"115\" percent_sign=\"off\" _builder_version=\"4.14.2\" _module_preset=\"default\" title_font=\"Montserrat|500||on|||||\" title_line_height=\"42px\" number_font=\"|700|||||||\" number_text_color=\"#FFFFFF\" number_font_size=\"40px\" number_line_height=\"40px\" background_layout=\"dark\" title_line_height_tablet=\"34px\" title_line_height_phone=\"28px\" title_line_height_last_edited=\"on|phone\" number_font_size_tablet=\"40px\" number_font_size_phone=\"40px\" number_font_size_last_edited=\"on|tablet\" number_line_height_tablet=\"40px\" number_line_height_phone=\"40px\" number_line_height_last_edited=\"on|phone\" custom_css_percent=\"height: 20px;\" locked=\"off\" global_colors_info=\"{}\"][\/et_pb_number_counter][\/et_pb_column][et_pb_column type=\"1_4\" _builder_version=\"4.12.1\" _module_preset=\"default\" global_colors_info=\"{}\"][et_pb_image src=\"https:\/\/diviedge.com\/layout-design\/medipulse\/wp-content\/uploads\/sites\/12\/2021\/11\/Group-160.png\" title_text=\"Group 160\" align=\"center\" _builder_version=\"4.14.4\" _module_preset=\"default\" module_alignment=\"center\" height=\"60px\" height_tablet=\"60px\" height_phone=\"59px\" height_last_edited=\"on|phone\" locked=\"off\" global_colors_info=\"{}\"][\/et_pb_image][et_pb_number_counter title=\"surgeries in a year\" number=\"1100\" percent_sign=\"off\" _builder_version=\"4.14.2\" _module_preset=\"default\" title_font=\"Montserrat|500||on|||||\" title_line_height=\"42px\" number_font=\"|700|||||||\" number_text_color=\"#FFFFFF\" number_font_size=\"40px\" number_line_height=\"40px\" background_layout=\"dark\" title_line_height_tablet=\"34px\" title_line_height_phone=\"28px\" title_line_height_last_edited=\"on|phone\" number_font_size_tablet=\"40px\" number_font_size_phone=\"40px\" number_font_size_last_edited=\"on|tablet\" number_line_height_tablet=\"40px\" number_line_height_phone=\"40px\" number_line_height_last_edited=\"on|phone\" custom_css_percent=\"height: 20px;\" locked=\"off\" global_colors_info=\"{}\"][\/et_pb_number_counter][\/et_pb_column][\/et_pb_row][\/et_pb_section][et_pb_section fb_built=\"1\" _builder_version=\"4.14.4\" _module_preset=\"default\" background_image=\"https:\/\/diviedge.com\/layout-design\/medipulse\/wp-content\/uploads\/sites\/12\/2021\/12\/team-carousel.jpg\" global_colors_info=\"{}\"][et_pb_row _builder_version=\"4.14.4\" _module_preset=\"default\" custom_padding=\"||||false|false\" global_colors_info=\"{}\"][et_pb_column type=\"4_4\" _builder_version=\"4.14.4\" _module_preset=\"default\" global_colors_info=\"{}\"][df_adh_heading title_prefix=\"Our Specialist Doctors\" use_divider=\"on\" divider_color=\"#107FC9\" divider_height=\"3px\" divider_width=\"40px\" divider_alignment=\"center\" divider_background_bgcolor=\"#107fc9\" heading_padding=\"||20px||false|false\" _builder_version=\"4.14.4\" _module_preset=\"default\" title_font=\"Montserrat|700|||||||\" title_text_align=\"center\" title_text_color=\"#FFFFFF\" title_font_size=\"40px\" title_line_height=\"1.3em\" custom_margin=\"||15px||false|false\" title_font_size_tablet=\"36px\" title_font_size_phone=\"28px\" title_font_size_last_edited=\"on|tablet\" global_colors_info=\"{}\"][\/df_adh_heading][et_pb_text _builder_version=\"4.14.4\" _module_preset=\"default\" text_font=\"Montserrat||||||||\" text_text_color=\"#FFFFFF\" text_font_size=\"18px\" text_line_height=\"28px\" text_orientation=\"center\" width=\"60%\" width_tablet=\"95%\" width_phone=\"100%\" width_last_edited=\"on|desktop\" module_alignment=\"center\" text_font_size_tablet=\"16px\" text_font_size_phone=\"14px\" text_font_size_last_edited=\"on|tablet\" locked=\"off\" global_colors_info=\"{}\"]<p>Lorem ipsum dolor sit amet, consectetuer adipiscing elit, sed diam nonummy nibhie euismod tincidunt ut laoreet dolore magna erat<\/p>[\/et_pb_text][difl_contentcarousel item_spacing=\"40px\" loop=\"on\" autoplay=\"on\" pause_hover=\"on\" dots=\"on\" equal_height=\"on\" subtitle_margin=\"-1px||||false|false\" _builder_version=\"4.14.4\" _module_preset=\"default\" global_colors_info=\"{}\"][difl_contentcarouselitem title=\"Dr. Sara Gray\" sub_title=\"Surgeon\" df_cci_image=\"https:\/\/diviedge.com\/layout-design\/medipulse\/wp-content\/uploads\/sites\/12\/2021\/12\/t4.jpg\" df_cci_full_width=\"on\" df_title_bg_bgcolor=\"#107FC9\" df_subtitle_bg_bgcolor=\"#107FC9\" cc_button_button_text=\"Read Profile\" cc_button_button_url=\"#\" cc_button_button_url_new_window=\"1\" cc_button_button_align=\"center\" df_button_bg_bgcolor=\"#107FC9\" button_margin=\"||25px||false|false\" button_padding=\"10px|25px|10px|25px|true|true\" title_padding=\"10px||||false|false\" subtitle_margin=\"-1px||||false|false\" content_padding=\"10px|12px||12px|false|true\" _builder_version=\"4.14.4\" _module_preset=\"default\" cc_title_font=\"Work Sans|700|||||||\" cc_title_text_align=\"center\" cc_title_text_color=\"#FFFFFF\" cc_subtitle_font=\"Work Sans|||on|||||\" cc_subtitle_text_align=\"center\" cc_subtitle_text_color=\"#FFFFFF\" cc_subtitle_font_size=\"12px\" cc_content_font=\"Work Sans||||||||\" cc_content_text_color=\"#302d2a\" button_font=\"Work Sans|500||on|||||\" button_text_color=\"#FFFFFF\" background_color=\"#f5f5f5\" background_enable_color=\"on\" width_tablet=\"360px\" width_phone=\"300px\" width_last_edited=\"off|desktop\" border_radii=\"on|4px|4px|4px|4px\" border_radii_button=\"on|33px|33px|33px|33px\" border_width_all_button=\"2px\" border_color_all_button=\"#107FC9\" box_shadow_style_button=\"preset1\" box_shadow_horizontal_button=\"2.74px\" box_shadow_vertical_button=\"7.52px\" box_shadow_blur_button=\"20px\" box_shadow_color_button=\"rgba(0,0,0,0.15)\" global_colors_info=\"{}\" df_button_bg_bgcolor__hover_enabled=\"on|hover\" df_button_bg_bgcolor__hover=\"#FFFFFF\" button_text_color__hover_enabled=\"on|desktop\" button_text_color__hover=\"#107FC9\" border_color_all_button__hover_enabled=\"on|desktop\" border_color_all_button__hover=\"#107FC9\" box_shadow_horizontal_button__hover_enabled=\"on|desktop\" box_shadow_horizontal_button__hover=\"0px\" box_shadow_vertical_button__hover_enabled=\"on|desktop\" box_shadow_vertical_button__hover=\"0px\" box_shadow_blur_button__hover_enabled=\"on|desktop\" box_shadow_blur_button__hover=\"0px\" box_shadow_color_button__hover_enabled=\"on|desktop\" box_shadow_color_button__hover=\"rgba(255,255,255,0)\"]<table style=\"border-collapse: collapse;width: 100%\" border=\"1\">\n<tbody>\n<tr>\n<td style=\"width: 50%\">Monday \u2013 Friday<\/td>\n<td style=\"width: 50%\">8.00 \u2013 17.00<\/td>\n<\/tr>\n<tr>\n<td style=\"width: 50%\">Saturday<\/td>\n<td style=\"width: 50%\">10.00- 16.00<\/td>\n<\/tr>\n<tr>\n<td style=\"width: 50%\">Sunday<\/td>\n<td style=\"width: 50%\">12.00 \u2013 14.00<\/td>\n<\/tr>\n<\/tbody>\n<\/table>[\/difl_contentcarouselitem][difl_contentcarouselitem title=\"Dr. Emma Potter\" sub_title=\"Dentist\" df_cci_image=\"https:\/\/diviedge.com\/layout-design\/medipulse\/wp-content\/uploads\/sites\/12\/2021\/12\/t5.jpg\" df_cci_full_width=\"on\" df_title_bg_bgcolor=\"#107FC9\" df_subtitle_bg_bgcolor=\"#107FC9\" cc_button_button_text=\"Read Profile\" cc_button_button_url=\"#\" cc_button_button_url_new_window=\"1\" cc_button_button_align=\"center\" df_button_bg_bgcolor=\"#107FC9\" button_margin=\"||25px||false|false\" button_padding=\"10px|25px|10px|25px|true|true\" title_padding=\"10px||||false|false\" content_padding=\"10px|12px||12px|false|true\" _builder_version=\"4.14.4\" _module_preset=\"default\" cc_title_font=\"Work Sans|700|||||||\" cc_title_text_align=\"center\" cc_title_text_color=\"#FFFFFF\" cc_subtitle_font=\"Work Sans|||on|||||\" cc_subtitle_text_align=\"center\" cc_subtitle_text_color=\"#FFFFFF\" cc_subtitle_font_size=\"12px\" cc_content_font=\"Work Sans||||||||\" cc_content_text_color=\"#302d2a\" button_font=\"Work Sans|500||on|||||\" button_text_color=\"#FFFFFF\" background_color=\"#f5f5f5\" background_enable_color=\"on\" width_tablet=\"360px\" width_phone=\"300px\" width_last_edited=\"off|desktop\" border_radii=\"on|4px|4px|4px|4px\" border_radii_button=\"on|33px|33px|33px|33px\" border_width_all_button=\"2px\" border_color_all_button=\"#107FC9\" box_shadow_style_button=\"preset1\" box_shadow_horizontal_button=\"2.74px\" box_shadow_vertical_button=\"7.52px\" box_shadow_blur_button=\"20px\" box_shadow_color_button=\"rgba(0,0,0,0.15)\" global_colors_info=\"{}\" df_button_bg_bgcolor__hover_enabled=\"on|desktop\" df_button_bg_bgcolor__hover=\"#FFFFFF\" button_text_color__hover_enabled=\"on|desktop\" button_text_color__hover=\"#107FC9\" border_color_all_button__hover_enabled=\"on|desktop\" border_color_all_button__hover=\"#107FC9\" box_shadow_horizontal_button__hover_enabled=\"on|desktop\" box_shadow_horizontal_button__hover=\"0px\" box_shadow_vertical_button__hover_enabled=\"on|desktop\" box_shadow_vertical_button__hover=\"0px\" box_shadow_blur_button__hover_enabled=\"on|desktop\" box_shadow_blur_button__hover=\"0px\" box_shadow_color_button__hover_enabled=\"on|desktop\" box_shadow_color_button__hover=\"rgba(255,255,255,0)\"]<table style=\"border-collapse: collapse;width: 100%\" border=\"1\">\n<tbody>\n<tr>\n<td style=\"width: 50%\">Monday \u2013 Friday<\/td>\n<td style=\"width: 50%\">8.00 \u2013 17.00<\/td>\n<\/tr>\n<tr>\n<td style=\"width: 50%\">Saturday<\/td>\n<td style=\"width: 50%\">10.00- 16.00<\/td>\n<\/tr>\n<tr>\n<td style=\"width: 50%\">Sunday<\/td>\n<td style=\"width: 50%\">12.00 \u2013 14.00<\/td>\n<\/tr>\n<\/tbody>\n<\/table>[\/difl_contentcarouselitem][difl_contentcarouselitem title=\"Dr. Sara Lentz\" sub_title=\"Surgeon\" df_cci_image=\"https:\/\/diviedge.com\/layout-design\/medipulse\/wp-content\/uploads\/sites\/12\/2021\/12\/t7.jpg\" df_cci_full_width=\"on\" df_title_bg_bgcolor=\"#107FC9\" df_subtitle_bg_bgcolor=\"#107FC9\" cc_button_button_text=\"Read Profile\" cc_button_button_url=\"#\" cc_button_button_url_new_window=\"1\" cc_button_button_align=\"center\" df_button_bg_bgcolor=\"#107FC9\" button_margin=\"||25px||false|false\" button_padding=\"10px|25px|10px|25px|true|true\" title_padding=\"10px||||false|false\" content_padding=\"10px|12px||12px|false|true\" _builder_version=\"4.14.4\" _module_preset=\"default\" cc_title_font=\"Work Sans|700|||||||\" cc_title_text_align=\"center\" cc_title_text_color=\"#FFFFFF\" cc_subtitle_font=\"Work Sans|||on|||||\" cc_subtitle_text_align=\"center\" cc_subtitle_text_color=\"#FFFFFF\" cc_subtitle_font_size=\"12px\" cc_content_font=\"Work Sans||||||||\" cc_content_text_color=\"#302d2a\" button_font=\"Work Sans|500||on|||||\" button_text_color=\"#FFFFFF\" background_color=\"#f5f5f5\" background_enable_color=\"on\" width_tablet=\"360px\" width_phone=\"300px\" width_last_edited=\"off|desktop\" border_radii=\"off|4px|4px|4px|4px\" border_radii_button=\"on|33px|33px|33px|33px\" border_width_all_button=\"2px\" border_color_all_button=\"#107FC9\" box_shadow_style_button=\"preset1\" box_shadow_horizontal_button=\"2.74px\" box_shadow_vertical_button=\"7.52px\" box_shadow_blur_button=\"20px\" box_shadow_color_button=\"rgba(0,0,0,0.15)\" global_colors_info=\"{}\" df_button_bg_bgcolor__hover_enabled=\"on|desktop\" df_button_bg_bgcolor__hover=\"#FFFFFF\" button_text_color__hover_enabled=\"on|desktop\" button_text_color__hover=\"#107FC9\" border_color_all_button__hover_enabled=\"on|desktop\" border_color_all_button__hover=\"#107FC9\" box_shadow_horizontal_button__hover_enabled=\"on|desktop\" box_shadow_horizontal_button__hover=\"0px\" box_shadow_vertical_button__hover_enabled=\"on|desktop\" box_shadow_vertical_button__hover=\"0px\" box_shadow_blur_button__hover_enabled=\"on|desktop\" box_shadow_blur_button__hover=\"0px\" box_shadow_color_button__hover_enabled=\"on|desktop\" box_shadow_color_button__hover=\"rgba(255,255,255,0)\"]<table style=\"border-collapse: collapse;width: 100%\" border=\"1\">\n<tbody>\n<tr>\n<td style=\"width: 50%\">Monday \u2013 Friday<\/td>\n<td style=\"width: 50%\">8.00 \u2013 17.00<\/td>\n<\/tr>\n<tr>\n<td style=\"width: 50%\">Saturday<\/td>\n<td style=\"width: 50%\">10.00- 16.00<\/td>\n<\/tr>\n<tr>\n<td style=\"width: 50%\">Sunday<\/td>\n<td style=\"width: 50%\">12.00 \u2013 14.00<\/td>\n<\/tr>\n<\/tbody>\n<\/table>[\/difl_contentcarouselitem][difl_contentcarouselitem title=\"Dr. Sara Gray\" sub_title=\"Surgeon\" df_cci_image=\"https:\/\/diviedge.com\/layout-design\/medipulse\/wp-content\/uploads\/sites\/12\/2021\/12\/t4.jpg\" df_cci_full_width=\"on\" df_title_bg_bgcolor=\"#107FC9\" df_subtitle_bg_bgcolor=\"#107FC9\" cc_button_button_text=\"Read Profile\" cc_button_button_url=\"#\" cc_button_button_url_new_window=\"1\" cc_button_button_align=\"center\" df_button_bg_bgcolor=\"#107FC9\" button_margin=\"||25px||false|false\" button_padding=\"10px|25px|10px|25px|true|true\" title_padding=\"10px||||false|false\" content_padding=\"10px|12px||12px|false|true\" _builder_version=\"4.14.4\" _module_preset=\"default\" cc_title_font=\"Work Sans|700|||||||\" cc_title_text_align=\"center\" cc_title_text_color=\"#FFFFFF\" cc_subtitle_font=\"Work Sans|||on|||||\" cc_subtitle_text_align=\"center\" cc_subtitle_text_color=\"#FFFFFF\" cc_subtitle_font_size=\"12px\" cc_content_font=\"Work Sans||||||||\" cc_content_text_color=\"#302d2a\" button_font=\"Work Sans|500||on|||||\" button_text_color=\"#FFFFFF\" background_color=\"#f5f5f5\" background_enable_color=\"on\" width_tablet=\"360px\" width_phone=\"300px\" width_last_edited=\"off|desktop\" border_radii=\"on|4px|4px|4px|4px\" border_radii_button=\"on|33px|33px|33px|33px\" border_width_all_button=\"2px\" border_color_all_button=\"#107FC9\" box_shadow_style_button=\"preset1\" box_shadow_horizontal_button=\"2.74px\" box_shadow_vertical_button=\"7.52px\" box_shadow_blur_button=\"20px\" box_shadow_color_button=\"rgba(0,0,0,0.15)\" global_colors_info=\"{}\" df_button_bg_bgcolor__hover_enabled=\"on|desktop\" df_button_bg_bgcolor__hover=\"#FFFFFF\" button_text_color__hover_enabled=\"on|desktop\" button_text_color__hover=\"#107FC9\" border_color_all_button__hover_enabled=\"on|desktop\" border_color_all_button__hover=\"#107FC9\" box_shadow_horizontal_button__hover_enabled=\"on|desktop\" box_shadow_horizontal_button__hover=\"0px\" box_shadow_vertical_button__hover_enabled=\"on|desktop\" box_shadow_vertical_button__hover=\"0px\" box_shadow_blur_button__hover_enabled=\"on|desktop\" box_shadow_blur_button__hover=\"0px\" box_shadow_color_button__hover_enabled=\"on|desktop\" box_shadow_color_button__hover=\"rgba(255,255,255,0)\"]<table style=\"border-collapse: collapse;width: 100%\" border=\"1\">\n<tbody>\n<tr>\n<td style=\"width: 50%\">Monday \u2013 Friday<\/td>\n<td style=\"width: 50%\">8.00 \u2013 17.00<\/td>\n<\/tr>\n<tr>\n<td style=\"width: 50%\">Saturday<\/td>\n<td style=\"width: 50%\">10.00- 16.00<\/td>\n<\/tr>\n<tr>\n<td style=\"width: 50%\">Sunday<\/td>\n<td style=\"width: 50%\">12.00 \u2013 14.00<\/td>\n<\/tr>\n<\/tbody>\n<\/table>[\/difl_contentcarouselitem][difl_contentcarouselitem title=\"Dr. Emma Potter\" sub_title=\"Dentist\" df_cci_image=\"https:\/\/diviedge.com\/layout-design\/medipulse\/wp-content\/uploads\/sites\/12\/2021\/12\/t5.jpg\" df_cci_full_width=\"on\" df_title_bg_bgcolor=\"#107FC9\" df_subtitle_bg_bgcolor=\"#107FC9\" cc_button_button_text=\"Read Profile\" cc_button_button_url=\"#\" cc_button_button_url_new_window=\"1\" cc_button_button_align=\"center\" df_button_bg_bgcolor=\"#107FC9\" button_margin=\"||25px||false|false\" button_padding=\"10px|25px|10px|25px|true|true\" title_padding=\"10px||||false|false\" content_padding=\"10px|12px||12px|false|true\" _builder_version=\"4.14.4\" _module_preset=\"default\" cc_title_font=\"Work Sans|700|||||||\" cc_title_text_align=\"center\" cc_title_text_color=\"#FFFFFF\" cc_subtitle_font=\"Work Sans|||on|||||\" cc_subtitle_text_align=\"center\" cc_subtitle_text_color=\"#FFFFFF\" cc_subtitle_font_size=\"12px\" cc_content_font=\"Work Sans||||||||\" cc_content_text_color=\"#302d2a\" button_font=\"Work Sans|500||on|||||\" button_text_color=\"#FFFFFF\" background_color=\"#f5f5f5\" background_enable_color=\"on\" width_tablet=\"360px\" width_phone=\"300px\" width_last_edited=\"off|desktop\" border_radii=\"on|4px|4px|4px|4px\" border_radii_button=\"on|33px|33px|33px|33px\" border_width_all_button=\"2px\" border_color_all_button=\"#107FC9\" box_shadow_style_button=\"preset1\" box_shadow_horizontal_button=\"2.74px\" box_shadow_vertical_button=\"7.52px\" box_shadow_blur_button=\"20px\" box_shadow_color_button=\"rgba(0,0,0,0.15)\" global_colors_info=\"{}\" df_button_bg_bgcolor__hover_enabled=\"on|desktop\" df_button_bg_bgcolor__hover=\"#FFFFFF\" button_text_color__hover_enabled=\"on|desktop\" button_text_color__hover=\"#107FC9\" border_color_all_button__hover_enabled=\"on|desktop\" border_color_all_button__hover=\"#107FC9\" box_shadow_horizontal_button__hover_enabled=\"on|desktop\" box_shadow_horizontal_button__hover=\"0px\" box_shadow_vertical_button__hover_enabled=\"on|desktop\" box_shadow_vertical_button__hover=\"0px\" box_shadow_blur_button__hover_enabled=\"on|desktop\" box_shadow_blur_button__hover=\"0px\" box_shadow_color_button__hover_enabled=\"on|desktop\" box_shadow_color_button__hover=\"rgba(255,255,255,0)\"]<table style=\"border-collapse: collapse;width: 100%\" border=\"1\">\n<tbody>\n<tr>\n<td style=\"width: 50%\">Monday \u2013 Friday<\/td>\n<td style=\"width: 50%\">8.00 \u2013 17.00<\/td>\n<\/tr>\n<tr>\n<td style=\"width: 50%\">Saturday<\/td>\n<td style=\"width: 50%\">10.00- 16.00<\/td>\n<\/tr>\n<tr>\n<td style=\"width: 50%\">Sunday<\/td>\n<td style=\"width: 50%\">12.00 \u2013 14.00<\/td>\n<\/tr>\n<\/tbody>\n<\/table>[\/difl_contentcarouselitem][difl_contentcarouselitem title=\"Dr. Sara Lentz\" sub_title=\"Surgeon\" df_cci_image=\"https:\/\/diviedge.com\/layout-design\/medipulse\/wp-content\/uploads\/sites\/12\/2021\/12\/t7.jpg\" df_cci_full_width=\"on\" df_title_bg_bgcolor=\"#107FC9\" df_subtitle_bg_bgcolor=\"#107FC9\" cc_button_button_text=\"Read Profile\" cc_button_button_url=\"#\" cc_button_button_url_new_window=\"1\" cc_button_button_align=\"center\" df_button_bg_bgcolor=\"#107FC9\" button_margin=\"||25px||false|false\" button_padding=\"10px|25px|10px|25px|true|true\" title_padding=\"10px||||false|false\" content_padding=\"10px|12px||12px|false|true\" _builder_version=\"4.14.4\" _module_preset=\"default\" cc_title_font=\"Work Sans|700|||||||\" cc_title_text_align=\"center\" cc_title_text_color=\"#FFFFFF\" cc_subtitle_font=\"Work Sans|||on|||||\" cc_subtitle_text_align=\"center\" cc_subtitle_text_color=\"#FFFFFF\" cc_subtitle_font_size=\"12px\" cc_content_font=\"Work Sans||||||||\" cc_content_text_color=\"#302d2a\" button_font=\"Work Sans|500||on|||||\" button_text_color=\"#FFFFFF\" background_color=\"#f5f5f5\" background_enable_color=\"on\" width_tablet=\"360px\" width_phone=\"300px\" width_last_edited=\"off|desktop\" border_radii=\"on|4px|4px|4px|4px\" border_radii_button=\"on|33px|33px|33px|33px\" border_width_all_button=\"2px\" border_color_all_button=\"#107FC9\" box_shadow_style_button=\"preset1\" box_shadow_horizontal_button=\"2.74px\" box_shadow_vertical_button=\"7.52px\" box_shadow_blur_button=\"20px\" box_shadow_color_button=\"rgba(0,0,0,0.15)\" global_colors_info=\"{}\" df_button_bg_bgcolor__hover_enabled=\"on|desktop\" df_button_bg_bgcolor__hover=\"#FFFFFF\" button_text_color__hover_enabled=\"on|desktop\" button_text_color__hover=\"#107FC9\" border_color_all_button__hover_enabled=\"on|desktop\" border_color_all_button__hover=\"#107FC9\" box_shadow_horizontal_button__hover_enabled=\"on|desktop\" box_shadow_horizontal_button__hover=\"0px\" box_shadow_vertical_button__hover_enabled=\"on|desktop\" box_shadow_vertical_button__hover=\"0px\" box_shadow_blur_button__hover_enabled=\"on|desktop\" box_shadow_blur_button__hover=\"0px\" box_shadow_color_button__hover_enabled=\"on|desktop\" box_shadow_color_button__hover=\"rgba(255,255,255,0)\"]<table style=\"border-collapse: collapse;width: 100%\" border=\"1\">\n<tbody>\n<tr>\n<td style=\"width: 50%\">Monday \u2013 Friday<\/td>\n<td style=\"width: 50%\">8.00 \u2013 17.00<\/td>\n<\/tr>\n<tr>\n<td style=\"width: 50%\">Saturday<\/td>\n<td style=\"width: 50%\">10.00- 16.00<\/td>\n<\/tr>\n<tr>\n<td style=\"width: 50%\">Sunday<\/td>\n<td style=\"width: 50%\">12.00 \u2013 14.00<\/td>\n<\/tr>\n<\/tbody>\n<\/table>[\/difl_contentcarouselitem][\/difl_contentcarousel][\/et_pb_column][\/et_pb_row][\/et_pb_section][et_pb_section fb_built=\"1\" _builder_version=\"4.14.4\" _module_preset=\"default\" background_color=\"rgba(16,127,201,0.9)\" background_image=\"https:\/\/diviedge.com\/layout-design\/medipulse\/wp-content\/uploads\/sites\/12\/2022\/01\/h2_slider.jpg\" parallax=\"on\" parallax_method=\"off\" custom_padding=\"70px||70px||true|false\" custom_css_before=\"content:%22%22;||    display: block;||    position: absolute;||    top: 0;||    left: 0;||    width: 100%;||    height: 100%;||    background-color: rgba(16,127,201,0.9);||    z-index: 1;\" locked=\"off\" global_colors_info=\"{}\"][et_pb_row column_structure=\"1_2,1_2\" _builder_version=\"4.14.4\" _module_preset=\"default\" global_colors_info=\"{}\"][et_pb_column type=\"1_2\" _builder_version=\"4.14.4\" _module_preset=\"default\" background_color=\"#FFFFFF\" custom_padding=\"4%|2%|4%|2%|true|true\" custom_padding_tablet=\"4%|4%|4%|4%|true|true\" custom_padding_phone=\"6%|5%|6%|5%|true|true\" custom_padding_last_edited=\"on|phone\" border_radii=\"on|10px|10px|10px|10px\" box_shadow_style=\"preset1\" box_shadow_vertical=\"5px\" box_shadow_blur=\"83px\" box_shadow_color=\"rgba(0,0,0,0.13)\" global_colors_info=\"{}\"][et_pb_contact_form captcha=\"off\" title=\"Book an Appointment\" submit_button_text=\"Book Appointment\" _builder_version=\"4.14.4\" _module_preset=\"default\" form_field_background_color=\"#f4f4f4\" form_field_text_color=\"#333333\" form_field_focus_background_color=\"#F4F4F4\" form_field_focus_text_color=\"#333333\" form_field_custom_margin=\"||||false|false\" form_field_custom_margin_tablet=\"||||false|false\" form_field_custom_margin_phone=\"||16px||false|false\" form_field_custom_margin_last_edited=\"on|phone\" title_font=\"Montserrat|700|||||||\" title_text_align=\"left\" title_text_color=\"#107FC9\" title_font_size=\"32px\" title_line_height=\"40px\" form_field_font=\"Montserrat|500|||||||\" form_field_text_align=\"left\" form_field_font_size=\"14px\" form_field_line_height=\"28px\" custom_button=\"on\" button_text_size=\"18px\" button_text_color=\"#FFFFFF\" button_bg_color=\"#107fc9\" button_border_width=\"2px\" button_border_color=\"#107FC9\" button_border_radius=\"33px\" button_font=\"Montserrat|600|||||||\" button_use_icon=\"off\" button_custom_margin=\"40px||||false|false\" button_custom_padding=\"12px|36px|12px|36px|true|true\" text_orientation=\"left\" width_tablet=\"500px\" width_phone=\"auto\" width_last_edited=\"on|tablet\" module_alignment=\"left\" title_font_size_tablet=\"30px\" title_font_size_phone=\"22px\" title_font_size_last_edited=\"on|phone\" button_text_size_tablet=\"16px\" button_text_size_phone=\"14px\" button_text_size_last_edited=\"on|phone\" module_alignment_tablet=\"center\" module_alignment_phone=\"center\" module_alignment_last_edited=\"on|tablet\" custom_css_contact_title=\"padding-bottom: 32px;\" border_radii=\"on|6px|6px|6px|6px\" box_shadow_style_button=\"preset1\" box_shadow_horizontal_button=\"2.74px\" box_shadow_vertical_button=\"7.52px\" box_shadow_blur_button=\"20px\" box_shadow_color_button=\"rgba(0,0,0,0.15)\" locked=\"off\" global_colors_info=\"{}\" button_bg_color__hover_enabled=\"on|hover\" button_bg_color__hover=\"rgba(0,0,0,0)\" button_bg_enable_color__hover=\"on\" button_border_color__hover_enabled=\"on|desktop\" button_border_color__hover=\"#107FC9\" box_shadow_blur_button__hover_enabled=\"on|desktop\" box_shadow_blur_button__hover=\"0px\" box_shadow_vertical_button__hover_enabled=\"on|desktop\" box_shadow_vertical_button__hover=\"0px\" box_shadow_horizontal_button__hover_enabled=\"on|desktop\" box_shadow_horizontal_button__hover=\"0px\" button_text_color__hover_enabled=\"on|desktop\" button_text_color__hover=\"#107FC9\"][et_pb_contact_field field_id=\"department\" field_title=\"Select Department\" field_type=\"select\" select_options=\"%91{%22value%22:%22Department 1%22,%22checked%22:0,%22dragID%22:-1},{%22value%22:%22Department 2%22,%22checked%22:0,%22dragID%22:0},{%22value%22:%22Department 3%22,%22checked%22:0,%22dragID%22:1}%93\" _builder_version=\"4.12.1\" global_colors_info=\"{}\" button_text_size__hover_enabled=\"off\" button_one_text_size__hover_enabled=\"off\" button_two_text_size__hover_enabled=\"off\" button_text_color__hover_enabled=\"off\" button_one_text_color__hover_enabled=\"off\" button_two_text_color__hover_enabled=\"off\" button_border_width__hover_enabled=\"off\" button_one_border_width__hover_enabled=\"off\" button_two_border_width__hover_enabled=\"off\" button_border_color__hover_enabled=\"off\" button_one_border_color__hover_enabled=\"off\" button_two_border_color__hover_enabled=\"off\" button_border_radius__hover_enabled=\"off\" button_one_border_radius__hover_enabled=\"off\" button_two_border_radius__hover_enabled=\"off\" button_letter_spacing__hover_enabled=\"off\" button_one_letter_spacing__hover_enabled=\"off\" button_two_letter_spacing__hover_enabled=\"off\" button_bg_color__hover_enabled=\"off\" button_one_bg_color__hover_enabled=\"off\" button_two_bg_color__hover_enabled=\"off\"][\/et_pb_contact_field][et_pb_contact_field field_id=\"doctor\" field_title=\"Select Doctor\" field_type=\"select\" select_options=\"%91{%22value%22:%22Doctor 1%22,%22checked%22:0,%22dragID%22:-1},{%22value%22:%22Doctor 2%22,%22checked%22:0,%22dragID%22:0},{%22value%22:%22Doctor 3%22,%22checked%22:0,%22dragID%22:1}%93\" _builder_version=\"4.12.1\" global_colors_info=\"{}\" button_text_size__hover_enabled=\"off\" button_one_text_size__hover_enabled=\"off\" button_two_text_size__hover_enabled=\"off\" button_text_color__hover_enabled=\"off\" button_one_text_color__hover_enabled=\"off\" button_two_text_color__hover_enabled=\"off\" button_border_width__hover_enabled=\"off\" button_one_border_width__hover_enabled=\"off\" button_two_border_width__hover_enabled=\"off\" button_border_color__hover_enabled=\"off\" button_one_border_color__hover_enabled=\"off\" button_two_border_color__hover_enabled=\"off\" button_border_radius__hover_enabled=\"off\" button_one_border_radius__hover_enabled=\"off\" button_two_border_radius__hover_enabled=\"off\" button_letter_spacing__hover_enabled=\"off\" button_one_letter_spacing__hover_enabled=\"off\" button_two_letter_spacing__hover_enabled=\"off\" button_bg_color__hover_enabled=\"off\" button_one_bg_color__hover_enabled=\"off\" button_two_bg_color__hover_enabled=\"off\"][\/et_pb_contact_field][et_pb_contact_field field_id=\"fullname\" field_title=\"Your Full Name\" _builder_version=\"4.12.1\" _module_preset=\"default\" global_colors_info=\"{}\"][\/et_pb_contact_field][et_pb_contact_field field_id=\"phonenumber\" field_title=\"Your Phone\" _builder_version=\"4.12.1\" _module_preset=\"default\" global_colors_info=\"{}\"][\/et_pb_contact_field][et_pb_contact_field field_id=\"selectdate\" field_title=\"Select Date\" _builder_version=\"4.12.1\" _module_preset=\"default\" global_colors_info=\"{}\"][\/et_pb_contact_field][et_pb_contact_field field_id=\"selecttime\" field_title=\"Select Time\" _builder_version=\"4.12.1\" _module_preset=\"default\" global_colors_info=\"{}\"][\/et_pb_contact_field][\/et_pb_contact_form][\/et_pb_column][et_pb_column type=\"1_2\" _builder_version=\"4.14.4\" _module_preset=\"default\" global_colors_info=\"{}\"][et_pb_text content_tablet=\"<h2>Helping Patients From Around the Globe!!<\/h2>\nOur staff strives to make each interaction with patients clear, concise, and inviting. Support the important work of Medicsh Hospital by making a much-needed donation today.\" content_phone=\"<h2>Helping Patients From Around the Globe!!<\/h2>\nOur staff strives to make each interaction with patients clear, concise, and inviting. \" content_last_edited=\"on|desktop\" _builder_version=\"4.14.4\" _module_preset=\"default\" text_font=\"Montserrat||||||||\" text_text_color=\"#FFFFFF\" text_font_size=\"18px\" text_line_height=\"28px\" header_2_font=\"Montserrat|700|||||||\" header_2_text_color=\"#FFFFFF\" header_2_font_size=\"36px\" header_2_line_height=\"1.3em\" width_tablet=\"95%\" width_phone=\"100%\" width_last_edited=\"off|desktop\" module_alignment=\"center\" text_font_size_tablet=\"16px\" text_font_size_phone=\"14px\" text_font_size_last_edited=\"on|desktop\" header_2_font_size_tablet=\"30px\" header_2_font_size_phone=\"26px\" header_2_font_size_last_edited=\"on|phone\" locked=\"off\" global_colors_info=\"{}\"]<h2>Helping Patients From Around the Globe!!<\/h2>\n<p>Our staff strives to make each interaction with patients clear, concise, and inviting. Support the work of Medicsh.<\/p>[\/et_pb_text][et_pb_button button_url=\"#\" button_text=\"Make A Gift\" _builder_version=\"4.14.5\" _module_preset=\"default\" custom_button=\"on\" button_text_size=\"18px\" button_text_color=\"#107fc9\" button_bg_color=\"#FFFFFF\" button_border_color=\"#FFFFFF\" button_border_radius=\"33px\" button_font=\"|600|||||||\" button_icon=\"&#xf004;||fa||900\" button_icon_placement=\"left\" button_on_hover=\"off\" custom_padding=\"12px|35px|12px|52px|true|false\" button_text_size_tablet=\"16px\" button_text_size_phone=\"14px\" button_text_size_last_edited=\"on|phone\" box_shadow_style=\"preset1\" box_shadow_horizontal=\"2.73px\" box_shadow_vertical=\"7.51px\" box_shadow_blur=\"20px\" box_shadow_color=\"rgba(0,0,0,0.15)\" global_colors_info=\"{}\" button_text_color__hover_enabled=\"on|desktop\" button_text_color__hover=\"#FFFFFF\" button_bg_color__hover_enabled=\"on|desktop\" button_bg_color__hover=\"rgba(255,255,255,0)\" button_bg_enable_color__hover=\"on\" box_shadow_horizontal__hover_enabled=\"on|desktop\" box_shadow_vertical__hover_enabled=\"on|desktop\" box_shadow_blur__hover_enabled=\"on|hover\" box_shadow_blur__hover=\"0px\" box_shadow_vertical__hover=\"0px\" box_shadow_horizontal__hover=\"0px\"][\/et_pb_button][et_pb_text content_tablet=\"We provide a comprehensive range of plans for families and individuals at every stage of life, with annual limits ranging from \u00a31.5m to unlimited.\" content_phone=\"We provide a comprehensive range of plans for families and individuals at every stage of life. \" content_last_edited=\"on|phone\" _builder_version=\"4.14.4\" _module_preset=\"default\" text_font=\"|700|||||||\" text_font_size=\"18px\" text_line_height=\"28px\" background_layout=\"dark\" text_font_size_tablet=\"16px\" text_font_size_phone=\"14px\" text_font_size_last_edited=\"on|phone\" global_colors_info=\"{}\"]<p>We provide a comprehensive range of plans for families and individuals at every stage of life, with annual limits ranging from \u00a31.5m to unlimited.<\/p>[\/et_pb_text][difl_logocarousel item_desktop=\"3\" _builder_version=\"4.14.4\" _module_preset=\"default\" custom_css_main_element=\"filter: brightness(0) invert(1);||opacity: 1 !important;\" global_colors_info=\"{}\"][difl_logocarouselitem image=\"https:\/\/diviedge.com\/layout-design\/medipulse\/wp-content\/uploads\/sites\/12\/2022\/01\/01.png\" _builder_version=\"4.14.4\" _module_preset=\"default\" global_colors_info=\"{}\"][\/difl_logocarouselitem][difl_logocarouselitem image=\"https:\/\/diviedge.com\/layout-design\/medipulse\/wp-content\/uploads\/sites\/12\/2022\/01\/03.png\" _builder_version=\"4.14.4\" _module_preset=\"default\" global_colors_info=\"{}\"][\/difl_logocarouselitem][difl_logocarouselitem image=\"https:\/\/diviedge.com\/layout-design\/medipulse\/wp-content\/uploads\/sites\/12\/2022\/01\/04.png\" _builder_version=\"4.14.4\" _module_preset=\"default\" global_colors_info=\"{}\"][\/difl_logocarouselitem][\/difl_logocarousel][\/et_pb_column][\/et_pb_row][\/et_pb_section][et_pb_section fb_built=\"1\" disabled_on=\"off|off|off\" _builder_version=\"4.14.4\" _module_preset=\"default\" locked=\"off\" global_colors_info=\"{}\"][et_pb_row _builder_version=\"4.14.4\" _module_preset=\"default\" locked=\"off\" global_colors_info=\"{}\"][et_pb_column type=\"4_4\" _builder_version=\"4.14.4\" _module_preset=\"default\" global_colors_info=\"{}\"][df_adh_heading title_prefix=\"Health and Wellness\" use_divider=\"on\" divider_color=\"#107FC9\" divider_height=\"4px\" divider_width=\"40px\" divider_alignment=\"center\" divider_background_bgcolor=\"#107fc9\" heading_padding=\"||20px||false|false\" _builder_version=\"4.14.4\" _module_preset=\"default\" title_font=\"Montserrat|700|||||||\" title_text_align=\"center\" title_text_color=\"#2f3241\" title_font_size=\"40px\" title_line_height=\"1.3em\" custom_margin=\"||15px||false|false\" title_font_tablet=\"Montserrat|700|||||||\" title_font_phone=\"Montserrat|700|||||||\" title_font_last_edited=\"on|desktop\" title_font_size_tablet=\"36px\" title_font_size_phone=\"28px\" title_font_size_last_edited=\"on|desktop\" locked=\"off\" global_colors_info=\"{}\"][\/df_adh_heading][et_pb_text _builder_version=\"4.14.4\" _module_preset=\"default\" text_font=\"Montserrat||||||||\" text_text_color=\"#333333\" text_font_size=\"18px\" text_line_height=\"28px\" text_orientation=\"center\" width=\"60%\" width_tablet=\"95%\" width_phone=\"100%\" width_last_edited=\"on|desktop\" module_alignment=\"center\" text_font_size_tablet=\"16px\" text_font_size_phone=\"14px\" text_font_size_last_edited=\"on|tablet\" global_colors_info=\"{}\"]<p>Lorem ipsum dolor sit amet, consectetuer adipiscing elit, sed diam nonummy nibhie euismod tincidunt ut laoreet dolore magna erat<\/p>[\/et_pb_text][\/et_pb_column][\/et_pb_row][et_pb_row column_structure=\"1_2,1_2\" use_custom_gutter=\"on\" gutter_width=\"1\" _builder_version=\"4.14.4\" _module_preset=\"default\" custom_margin=\"0px||0px||true|false\" custom_padding=\"||0px||false|false\" locked=\"off\" global_colors_info=\"{}\"][et_pb_column type=\"1_2\" _builder_version=\"4.9.2\" _module_preset=\"default\" global_colors_info=\"{}\"][difl_postgrid posts_number=\"1\" use_image_as_background=\"on\" alignment=\"center\" column=\"1\" item_background_bgcolor=\"rgba(16,127,201,0.5)\" item_padding=\"25px|34px|97px|34px|false|true\" item_padding_tablet=\"25px|34px|97px|34px|false|true\" item_padding_phone=\"|26px||26px|false|true\" item_padding_last_edited=\"on|desktop\" gutter_tablet=\"0\" gutter_phone=\"\" gutter_last_edited=\"on|tablet\" module_class=\"first_blog\" _builder_version=\"4.14.4\" _module_preset=\"default\" border_width_all_item_outer=\"2px\" border_color_all_item_outer=\"#FFFFFF\" border_width_bottom_item_outer_tablet=\"0px\" border_width_bottom_item_outer_phone=\"\" border_width_bottom_item_outer_last_edited=\"on|tablet\" global_colors_info=\"{}\"][difl_postitem type=\"categories\" meta_display=\"block\" element_margin=\"||322px||false|false\" element_margin_tablet=\"\" element_margin_phone=\"||110px||false|false\" element_margin_last_edited=\"on|phone\" element_padding=\"|11px|0px|11px|false|true\" _builder_version=\"4.14.4\" _module_preset=\"default\" post_font_style_font=\"Poppins|600||on|||||\" post_font_style_text_align=\"center\" post_font_style_text_color=\"#42b3e5\" post_font_style_font_size=\"12px\" post_font_style_letter_spacing=\"0.5px\" post_font_style_line_height=\"24px\" background_color=\"#f5fbfe\" background_enable_color=\"on\" width_tablet=\"25%\" width_phone=\"100%\" width_last_edited=\"off|desktop\" custom_css_main_element=\"width: -webkit-fit-content;||width: -moz-fit-content;||width: fit-content;\" border_radii=\"on|4px|4px|4px|4px\" border_color_all=\"#FFFFFF\" global_colors_info=\"{}\"][\/difl_postitem][difl_postitem type=\"author\" meta_display=\"inline-flex\" element_margin=\"||||false|false\" element_padding=\"|8px||8px|false|false\" _builder_version=\"4.14.4\" _module_preset=\"default\" post_font_style_font=\"Poppins|500||on|||||\" post_font_style_text_color=\"#42b3e5\" post_font_style_font_size=\"14px\" post_font_style_letter_spacing=\"0.5px\" post_font_style_line_height=\"24px\" background_color=\"#f5fbfe\" background_enable_color=\"on\" border_radii=\"on|4px|4px|4px|4px\" border_color_right=\"#107FC9\" global_colors_info=\"{}\"][\/difl_postitem][difl_postitem type=\"date\" meta_display=\"inline-flex\" element_padding=\"|8px||8px|false|true\" _builder_version=\"4.14.4\" _module_preset=\"default\" post_font_style_font=\"Poppins|500||on|||||\" post_font_style_text_color=\"#42b3e5\" post_font_style_font_size=\"14px\" post_font_style_letter_spacing=\"0.5px\" post_font_style_line_height=\"24px\" background_color=\"#f5fbfe\" background_enable_color=\"on\" border_radii=\"on|4px|4px|4px|4px\" global_colors_info=\"{}\"][\/difl_postitem][difl_postitem type=\"title\" _builder_version=\"4.14.4\" _module_preset=\"default\" post_font_style_font=\"Montserrat|600|||||||\" post_font_style_text_color=\"#FFFFFF\" post_font_style_font_size=\"32px\" post_font_style_line_height=\"1.3em\" post_font_style_font_size_tablet=\"30px\" post_font_style_font_size_phone=\"18px\" post_font_style_font_size_last_edited=\"on|phone\" global_colors_info=\"{}\"][\/difl_postitem][\/difl_postgrid][\/et_pb_column][et_pb_column type=\"1_2\" _builder_version=\"4.9.3\" _module_preset=\"default\" border_width_all=\"1px\" border_color_all=\"#FFFFFF\" border_width_left=\"0px\" border_color_left=\"RGBA(0,0,0,0)\" border_width_left_tablet=\"1px\" border_width_left_phone=\"\" border_width_left_last_edited=\"on|tablet\" border_color_left_tablet=\"#FFFFFF\" border_color_left_phone=\"\" border_color_left_last_edited=\"on|tablet\" global_colors_info=\"{}\"][difl_postgrid posts_number=\"4\" offset_number=\"1\" use_image_as_background=\"on\" alignment=\"center\" column=\"2\" gutter=\"0\" equal_height=\"on\" item_background_bgcolor=\"rgba(16,127,201,0.5)\" item_padding=\"25px|26px|12px|26px|false|true\" column_tablet=\"\" column_phone=\"1\" column_last_edited=\"on|phone\" _builder_version=\"4.14.4\" _module_preset=\"default\" border_color_all_item_outer=\"#FFFFFF\" border_width_all_item=\"1px\" border_color_all_item=\"#FFFFFF\" locked=\"off\" global_colors_info=\"{}\"][difl_postitem type=\"categories\" meta_display=\"block\" element_margin=\"||124px||false|false\" element_padding=\"|11px||11px|false|true\" _builder_version=\"4.14.4\" _module_preset=\"default\" post_font_style_font=\"Poppins|500|||||||\" post_font_style_text_align=\"center\" post_font_style_text_color=\"#42b3e5\" post_font_style_font_size=\"12px\" post_font_style_letter_spacing=\"0.5px\" post_font_style_line_height=\"24px\" background_color=\"#FFFFFF\" background_enable_color=\"on\" width_tablet=\"38%\" width_phone=\"100%\" width_last_edited=\"off|desktop\" custom_css_main_element=\"width: -webkit-fit-content;||width: -moz-fit-content;||width: fit-content;\" border_radii=\"on|4px|4px|4px|4px\" global_colors_info=\"{}\"][\/difl_postitem][difl_postitem type=\"author\" element_margin=\"||||false|false\" element_padding=\"|8px||8px|false|false\" _builder_version=\"4.14.4\" _module_preset=\"default\" post_font_style_font=\"Poppins|500||on|||||\" post_font_style_text_color=\"#42b3e5\" post_font_style_font_size=\"12px\" post_font_style_letter_spacing=\"0.5px\" post_font_style_line_height=\"24px\" background_color=\"#FFFFFF\" background_enable_color=\"on\" border_radii=\"on|4px|4px|4px|4px\" border_color_right=\"#107FC9\" global_colors_info=\"{}\"][\/difl_postitem][difl_postitem type=\"date\" element_padding=\"|8px||8px|false|true\" _builder_version=\"4.14.4\" _module_preset=\"default\" post_font_style_font=\"Poppins|500||on|||||\" post_font_style_text_color=\"#42b3e5\" post_font_style_font_size=\"12px\" post_font_style_letter_spacing=\"0.5px\" post_font_style_line_height=\"24px\" background_color=\"#FFFFFF\" background_enable_color=\"on\" border_radii=\"on|4px|4px|4px|4px\" global_colors_info=\"{}\"][\/difl_postitem][difl_postitem type=\"title\" element_margin=\"-4px||||false|false\" element_padding=\"0px||||false|false\" _builder_version=\"4.14.4\" _module_preset=\"default\" post_font_style_font=\"Montserrat|600|||||||\" post_font_style_text_color=\"#FFFFFF\" post_font_style_font_size=\"18px\" post_font_style_line_height=\"1.3em\" global_colors_info=\"{}\"][\/difl_postitem][\/difl_postgrid][\/et_pb_column][\/et_pb_row][et_pb_row _builder_version=\"4.14.4\" _module_preset=\"default\" global_colors_info=\"{}\"][et_pb_column type=\"4_4\" _builder_version=\"4.14.4\" _module_preset=\"default\" global_colors_info=\"{}\"][et_pb_button button_url=\"#\" button_text=\"View all Posts\" button_alignment=\"center\" _builder_version=\"4.14.5\" _module_preset=\"default\" custom_button=\"on\" button_text_size=\"18px\" button_text_color=\"#FFFFFF\" button_bg_color=\"#107fc9\" button_border_color=\"#107FC9\" button_border_radius=\"33px\" button_font=\"|600|||||||\" button_use_icon=\"off\" custom_padding=\"12px|36px|12px|36px|true|true\" button_text_size_tablet=\"16px\" button_text_size_phone=\"14px\" button_text_size_last_edited=\"on|desktop\" box_shadow_style=\"preset1\" box_shadow_horizontal=\"2.73px\" box_shadow_vertical=\"7.51px\" box_shadow_blur=\"20px\" box_shadow_color=\"rgba(0,0,0,0.15)\" global_colors_info=\"{}\" box_shadow_horizontal__hover_enabled=\"on|hover\" box_shadow_vertical__hover_enabled=\"on|desktop\" box_shadow_blur__hover_enabled=\"on|desktop\" box_shadow_horizontal__hover=\"0px\" box_shadow_vertical__hover=\"0px\" box_shadow_blur__hover=\"0px\" button_text_color__hover_enabled=\"on|hover\" button_text_color__hover=\"#107FC9\" button_bg_color__hover_enabled=\"on|hover\" button_bg_color__hover=\"#FFFFFF\" button_bg_enable_color__hover=\"on\" button_border_color__hover_enabled=\"on|desktop\" button_border_color__hover=\"#107FC9\"][\/et_pb_button][\/et_pb_column][\/et_pb_row][\/et_pb_section][et_pb_section fb_built=\"1\" _builder_version=\"4.14.4\" _module_preset=\"default\" background_color=\"rgba(16,127,201,0.9)\" background_image=\"https:\/\/diviedge.com\/layout-design\/medipulse\/wp-content\/uploads\/sites\/12\/2021\/12\/bg5.jpg\" parallax=\"on\" parallax_method=\"off\" custom_css_before=\"content:%22%22;||    display: block;||    position: absolute;||    top: 0;||    left: 0;||    width: 100%;||    height: 100%;||    background-color: rgba(16,127,201,0.9);||    z-index: 1;\" global_colors_info=\"{}\"][et_pb_row _builder_version=\"4.14.4\" _module_preset=\"default\" custom_padding=\"||0px||false|false\" locked=\"off\" global_colors_info=\"{}\"][et_pb_column type=\"4_4\" _builder_version=\"4.14.4\" _module_preset=\"default\" global_colors_info=\"{}\"][df_adh_heading title_prefix=\"Patients testimonial\" use_divider=\"on\" divider_color=\"#FFFFFF\" divider_height=\"3px\" divider_width=\"40px\" divider_alignment=\"center\" divider_background_bgcolor=\"#FFFFFF\" heading_padding=\"||20px||false|false\" _builder_version=\"4.14.4\" _module_preset=\"default\" title_font=\"Montserrat|700|||||||\" title_text_align=\"center\" title_text_color=\"#FFFFFF\" title_font_size=\"40px\" title_line_height=\"1.3em\" custom_margin=\"||15px||false|false\" title_font_size_tablet=\"36px\" title_font_size_phone=\"28px\" title_font_size_last_edited=\"on|tablet\" global_colors_info=\"{}\"][\/df_adh_heading][et_pb_text _builder_version=\"4.14.4\" _module_preset=\"default\" text_font=\"Montserrat||||||||\" text_text_color=\"#FFFFFF\" text_font_size=\"18px\" text_line_height=\"28px\" text_orientation=\"center\" width=\"60%\" width_tablet=\"95%\" width_phone=\"100%\" width_last_edited=\"on|desktop\" module_alignment=\"center\" text_font_size_tablet=\"16px\" text_font_size_phone=\"14px\" text_font_size_last_edited=\"on|tablet\" locked=\"off\" global_colors_info=\"{}\"]<p>Lorem ipsum dolor sit amet, consectetuer adipiscing elit, sed diam nonummy nibhie euismod tincidunt ut laoreet dolore magna erat<\/p>[\/et_pb_text][\/et_pb_column][\/et_pb_row][et_pb_row _builder_version=\"4.14.4\" _module_preset=\"default\" global_colors_info=\"{}\"][et_pb_column type=\"4_4\" _builder_version=\"4.14.4\" _module_preset=\"default\" global_colors_info=\"{}\"][difl_testimonialcarousel author_image_position=\"bottom\" info_align=\"center\" loop=\"on\" autoplay=\"on\" dots=\"on\" equal_height=\"on\" brand_align=\"center\" active_dots_color=\"#FFFFFF\" _builder_version=\"4.14.4\" _module_preset=\"default\" name_font=\"|600|||||||\" name_text_color=\"#107FC9\" title_font=\"Montserrat|500|||||||\" title_text_color=\"#222222\" title_font_size=\"13px\" body_text_align=\"center\" body_text_color=\"#777777\" body_font_size=\"15px\" body_line_height=\"28px\" custom_padding=\"||||false|false\" border_radii_logo=\"on|100%|100%|100%|100%\" border_width_all_logo=\"2px\" border_color_all_logo=\"#dddddd\" global_colors_info=\"{}\"][difl_testimonialcarouselitem author=\"Jacob Smith\" job_title=\"Engineer\" company_logo=\"https:\/\/diviedge.com\/layout-design\/medipulse\/wp-content\/uploads\/sites\/12\/2021\/12\/1.jpg\" _builder_version=\"4.14.4\" _module_preset=\"default\" background_color=\"#FFFFFF\" background_enable_color=\"on\" custom_padding=\"||||false|false\" border_radii=\"on|4px|4px|4px|4px\" global_colors_info=\"{}\"]<p>Lorem ipsum dolor sit amet, consectetur adipisicing elit. Neque est quasi, quas ipsam, expedita placeat facilis odio<\/p>[\/difl_testimonialcarouselitem][difl_testimonialcarouselitem author=\"Steve Smith\" job_title=\"Businessman\" company_logo=\"https:\/\/diviedge.com\/layout-design\/medipulse\/wp-content\/uploads\/sites\/12\/2021\/12\/2.jpg\" _builder_version=\"4.14.4\" _module_preset=\"default\" background_color=\"#FFFFFF\" background_enable_color=\"on\" custom_padding=\"||||false|false\" border_radii=\"on|4px|4px|4px|4px\" global_colors_info=\"{}\"]<p>Lorem ipsum dolor sit amet, consectetur adipisicing elit. Neque est quasi, quas ipsam, expedita placeat facilis odio<\/p>[\/difl_testimonialcarouselitem][difl_testimonialcarouselitem author=\"Jacob Gilespi\" job_title=\"Student\" company_logo=\"https:\/\/diviedge.com\/layout-design\/medipulse\/wp-content\/uploads\/sites\/12\/2021\/12\/3.jpg\" _builder_version=\"4.14.4\" _module_preset=\"default\" background_color=\"#FFFFFF\" background_enable_color=\"on\" custom_padding=\"||||false|false\" border_radii=\"on|4px|4px|4px|4px\" global_colors_info=\"{}\"]<p>Lorem ipsum dolor sit amet, consectetur adipisicing elit. Neque est quasi, quas ipsam, expedita placeat facilis odio<\/p>[\/difl_testimonialcarouselitem][difl_testimonialcarouselitem author=\"Mark Butcher\" job_title=\"Teacher\" company_logo=\"https:\/\/diviedge.com\/layout-design\/medipulse\/wp-content\/uploads\/sites\/12\/2021\/12\/2.jpg\" _builder_version=\"4.14.4\" _module_preset=\"default\" background_color=\"#FFFFFF\" background_enable_color=\"on\" custom_padding=\"||||false|false\" border_radii=\"on|4px|4px|4px|4px\" global_colors_info=\"{}\"]<p>Lorem ipsum dolor sit amet, consectetur adipisicing elit. Neque est quasi, quas ipsam, expedita placeat facilis odio<\/p>[\/difl_testimonialcarouselitem][\/difl_testimonialcarousel][\/et_pb_column][\/et_pb_row][\/et_pb_section][et_pb_section fb_built=\"1\" _builder_version=\"4.14.4\" _module_preset=\"default\" background_color=\"#FFFFFF\" custom_padding=\"0px||0px||true|false\" saved_tabs=\"all\" global_colors_info=\"{}\"][et_pb_row column_structure=\"1_2,1_2\" custom_padding_last_edited=\"on|tablet\" module_class=\"footer_emergency\" _builder_version=\"4.14.4\" _module_preset=\"default\" use_background_color_gradient=\"on\" background_color_gradient_start=\"#42b3e5\" background_color_gradient_end=\"#107fc9\" background_color_gradient_direction=\"270deg\" transform_scale_tablet=\"\" transform_scale_phone=\"\" transform_scale_last_edited=\"on|desktop\" transform_translate=\"0px|100px\" transform_translate_tablet=\"0px|150px\" transform_translate_phone=\"0px|150px\" transform_translate_last_edited=\"on|phone\" transform_translate_linked=\"off\" transform_rotate_tablet=\"\" transform_rotate_phone=\"\" transform_rotate_last_edited=\"on|desktop\" transform_skew_tablet=\"\" transform_skew_phone=\"\" transform_skew_last_edited=\"on|desktop\" transform_origin_tablet=\"\" transform_origin_phone=\"\" transform_origin_last_edited=\"on|desktop\" transform_styles_last_edited=\"on|phone\" custom_padding=\"55px|100px|43px|100px|false|true\" custom_padding_tablet=\"45px|100px|45px|100px|true|true\" custom_padding_phone=\"35px|25px|35px|25px|true|true\" transform_styles_tablet=\"\" transform_styles_phone=\"\" border_radii=\"on|10px|10px|10px|10px\" box_shadow_style=\"preset1\" box_shadow_horizontal=\"5px\" box_shadow_vertical=\"5px\" box_shadow_blur=\"29px\" box_shadow_color=\"rgba(0,0,0,0.29)\" global_colors_info=\"{}\"][et_pb_column type=\"1_2\" _builder_version=\"4.12.0\" _module_preset=\"default\" global_colors_info=\"{}\"][et_pb_text _builder_version=\"4.14.4\" _module_preset=\"default\" header_3_font=\"|600|||||||\" header_3_text_align=\"left\" header_3_font_size=\"24px\" background_layout=\"dark\" custom_margin=\"||0px||false|false\" custom_padding=\"||16px||false|false\" header_3_text_align_tablet=\"center\" header_3_text_align_phone=\"center\" header_3_text_align_last_edited=\"on|phone\" global_colors_info=\"{}\"]<h3>Emergency Service<\/h3>[\/et_pb_text][et_pb_text _builder_version=\"4.14.4\" _module_preset=\"default\" text_font=\"||||||||\" text_font_size=\"16px\" text_line_height=\"28px\" background_layout=\"dark\" width=\"78%\" width_tablet=\"90%\" width_phone=\"100%\" width_last_edited=\"on|phone\" text_font_size_tablet=\"15px\" text_font_size_phone=\"14px\" text_font_size_last_edited=\"on|phone\" text_orientation_tablet=\"center\" text_orientation_phone=\"center\" text_orientation_last_edited=\"on|tablet\" module_alignment_tablet=\"\" module_alignment_phone=\"center\" module_alignment_last_edited=\"on|phone\" global_colors_info=\"{}\"]<p>An emergency department (ED), also known as an accident &amp; emergency ward (EW) or casualty department, is a medical treatment.<\/p>[\/et_pb_text][\/et_pb_column][et_pb_column type=\"1_2\" _builder_version=\"4.12.0\" _module_preset=\"default\" global_colors_info=\"{}\"][et_pb_blurb title=\"Call: +01-001-001001\" image=\"https:\/\/diviedge.com\/layout-design\/medipulse\/wp-content\/uploads\/sites\/12\/2021\/11\/Icon-awesome-heartbeat.png\" icon_alignment=\"left\" content_max_width=\"100%\" icon_alignment_tablet=\"center\" icon_alignment_phone=\"center\" icon_alignment_last_edited=\"on|tablet\" _builder_version=\"4.14.4\" _module_preset=\"default\" header_font=\"|600|||||||\" header_text_color=\"#FFFFFF\" header_font_size=\"32px\" z_index=\"3\" filter_opacity=\"99%\" child_filter_opacity=\"99%\" animation=\"off\" header_text_align_tablet=\"center\" header_text_align_phone=\"center\" header_text_align_last_edited=\"on|desktop\" header_font_size_tablet=\"32px\" header_font_size_phone=\"24px\" header_font_size_last_edited=\"on|phone\" custom_css_blurb_image=\"margin-bottom: 18px;\" global_colors_info=\"{}\"][\/et_pb_blurb][\/et_pb_column][\/et_pb_row][\/et_pb_section]","post_title":"Home Page - MediPulse Layout - Diviflash","post_excerpt":"","post_status":"publish","comment_status":"closed","ping_status":"closed","post_password":"","post_name":"home-page-medipulse-layout-diviflash","to_ping":"","pinged":"","post_modified":"2022-01-13 11:40:08","post_modified_gmt":"2022-01-13 11:40:08","post_content_filtered":"","post_parent":0,"menu_order":0,"post_type":"et_pb_layout","post_mime_type":"","comment_count":"0","filter":"raw","post_meta":{"_et_pb_built_for_post_type":["page"]},"terms":{"2":{"name":"layout","slug":"layout","taxonomy":"layout_type","parent":0,"all_parents":[],"description":""},"3":{"name":"not_global","slug":"not_global","taxonomy":"scope","parent":0,"all_parents":[],"description":""},"4":{"name":"regular","slug":"regular","taxonomy":"module_width","parent":0,"all_parents":[],"description":""}}}},"presets":"","global_colors":"","images":[],"thumbnails":[]}