{"context":"et_builder_layouts","data":{"244763":{"ID":244763,"post_date":"2022-01-13 11:41:35","post_date_gmt":"2022-01-13 11:41:35","post_content":"[et_pb_section fb_built=\"1\" fullwidth=\"on\" _builder_version=\"4.13.0\" _module_preset=\"default\" locked=\"off\" global_colors_info=\"{}\"][et_pb_fullwidth_header title=\"Services\" text_orientation=\"center\" content_max_width_tablet=\"\" content_max_width_phone=\"100%\" content_max_width_last_edited=\"on|phone\" module_class=\"home_blog_grid\" _builder_version=\"4.14.4\" _module_preset=\"default\" title_font=\"Montserrat|700|||||||\" title_font_size=\"22px\" title_line_height=\"25px\" content_font=\"Montserrat|700|||||||\" content_font_size=\"44px\" content_line_height=\"62px\" background_enable_color=\"off\" background_image=\"https:\/\/diviedge.com\/layout-design\/medipulse\/wp-content\/uploads\/sites\/12\/2021\/11\/Group-3086.jpg\" width_tablet=\"\" width_phone=\"100%\" width_last_edited=\"on|phone\" custom_padding=\"200px||200px||true|false\" custom_padding_tablet=\"135px||135px||true|false\" custom_padding_phone=\"120px|0px|120px|0px|true|false\" custom_padding_last_edited=\"on|phone\" title_font_size_tablet=\"18px\" title_font_size_phone=\"17px\" title_font_size_last_edited=\"on|phone\" title_line_height_tablet=\"20px\" title_line_height_phone=\"28px\" title_line_height_last_edited=\"on|phone\" content_font_size_tablet=\"42px\" content_font_size_phone=\"30px\" content_font_size_last_edited=\"on|tablet\" content_line_height_tablet=\"50px\" content_line_height_phone=\"40px\" content_line_height_last_edited=\"on|tablet\" background_last_edited=\"on|phone\" background_image_tablet=\"https:\/\/diviedge.com\/layout-design\/medipulse\/wp-content\/uploads\/sites\/12\/2021\/12\/Group-3084-2.jpg\" background_image_phone=\"https:\/\/diviedge.com\/layout-design\/medipulse\/wp-content\/uploads\/sites\/12\/2021\/12\/Group-3085-2.jpg\" background_enable_image_tablet=\"on\" background_enable_image_phone=\"on\" background_size_phone=\"cover\" background_position_tablet=\"center_left\" background_position_phone=\"center\" title_text_shadow_style=\"preset1\" title_text_shadow_vertical_length=\"5px\" title_text_shadow_blur_strength=\"6px\" content_text_shadow_style=\"preset1\" content_text_shadow_vertical_length=\"5px\" content_text_shadow_blur_strength=\"6px\" global_colors_info=\"{}\" custom_css_title_last_edited=\"on|phone\" custom_css_title_tablet=\"padding-bottom: 18px;\" custom_css_title_phone=\"padding-bottom: 14px;\"]<p>Quality Over Quantity<\/p>[\/et_pb_fullwidth_header][\/et_pb_section][et_pb_section fb_built=\"1\" custom_padding_last_edited=\"off|desktop\" _builder_version=\"4.14.4\" _module_preset=\"default\" custom_padding_tablet=\"80px||80px||true|false\" custom_padding_phone=\"80px||80px||true|false\" locked=\"off\" global_colors_info=\"{}\"][et_pb_row _builder_version=\"4.14.4\" _module_preset=\"default\" locked=\"off\" global_colors_info=\"{}\"][et_pb_column type=\"4_4\" _builder_version=\"4.14.4\" _module_preset=\"default\" global_colors_info=\"{}\"][df_adh_heading title_prefix=\"Our Specialty \" use_divider=\"on\" divider_color=\"#107FC9\" divider_height=\"4px\" divider_width=\"40px\" divider_alignment=\"center\" divider_background_bgcolor=\"#107fc9\" heading_padding=\"||20px||false|false\" _builder_version=\"4.14.4\" _module_preset=\"default\" title_font=\"Montserrat|700|||||||\" title_text_align=\"center\" title_text_color=\"#2f3241\" title_font_size=\"40px\" title_line_height=\"1.3em\" custom_margin=\"||15px||false|false\" title_font_tablet=\"Montserrat|700|||||||\" title_font_phone=\"Montserrat|700|||||||\" title_font_last_edited=\"on|desktop\" title_font_size_tablet=\"36px\" title_font_size_phone=\"28px\" title_font_size_last_edited=\"on|desktop\" locked=\"off\" global_colors_info=\"{}\"][\/df_adh_heading][et_pb_text _builder_version=\"4.14.4\" _module_preset=\"default\" text_font=\"Montserrat||||||||\" text_text_color=\"#333333\" text_font_size=\"18px\" text_line_height=\"28px\" text_orientation=\"center\" width=\"60%\" width_tablet=\"95%\" width_phone=\"100%\" width_last_edited=\"on|desktop\" module_alignment=\"center\" text_font_size_tablet=\"16px\" text_font_size_phone=\"14px\" text_font_size_last_edited=\"on|tablet\" global_colors_info=\"{}\"]<p>Lorem ipsum dolor sit amet, consectetuer adipiscing elit, sed diam nonummy nibhie euismod tincidunt ut laoreet dolore magna erat<\/p>[\/et_pb_text][\/et_pb_column][\/et_pb_row][et_pb_row column_structure=\"1_4,1_4,1_4,1_4\" use_custom_gutter=\"on\" gutter_width=\"2\" custom_padding_last_edited=\"on|phone\" _builder_version=\"4.14.4\" _module_preset=\"default\" custom_padding_tablet=\"||0px||false|false\" custom_padding_phone=\"||0px||false|false\" global_colors_info=\"{}\"][et_pb_column type=\"1_4\" _builder_version=\"4.12.1\" _module_preset=\"default\" global_colors_info=\"{}\"][et_pb_blurb title=\"Therapiya\" image=\"https:\/\/diviedge.com\/layout-design\/medipulse\/wp-content\/uploads\/sites\/12\/2022\/01\/stethoscope.png\" icon_alignment=\"left\" icon_alignment_tablet=\"center\" icon_alignment_phone=\"center\" icon_alignment_last_edited=\"on|phone\" _builder_version=\"4.14.4\" _module_preset=\"default\" header_font=\"Montserrat|600|||||||\" header_text_color=\"#333333\" header_font_size=\"24px\" body_font=\"Montserrat|500|||||||\" body_text_color=\"#333333\" body_font_size=\"16px\" body_line_height=\"28px\" custom_margin_tablet=\"||30px||false|false\" custom_margin_phone=\"||30px||false|false\" custom_margin_last_edited=\"on|tablet\" body_font_size_tablet=\"16px\" body_font_size_phone=\"14px\" body_font_size_last_edited=\"on|desktop\" text_orientation_tablet=\"center\" text_orientation_phone=\"center\" text_orientation_last_edited=\"on|desktop\" custom_css_blurb_image=\"margin-bottom: 15px;\" locked=\"off\" global_colors_info=\"{}\"]<p>Lorem ipsum dolor sit amet, consectetur adipiscing elit, sed do eiusmod tem incididunt.<\/p>[\/et_pb_blurb][\/et_pb_column][et_pb_column type=\"1_4\" _builder_version=\"4.12.1\" _module_preset=\"default\" global_colors_info=\"{}\"][et_pb_blurb title=\"Pharmocology\" image=\"https:\/\/diviedge.com\/layout-design\/medipulse\/wp-content\/uploads\/sites\/12\/2022\/01\/capsoul.png\" icon_alignment=\"left\" icon_alignment_tablet=\"center\" icon_alignment_phone=\"center\" icon_alignment_last_edited=\"on|phone\" _builder_version=\"4.14.4\" _module_preset=\"default\" header_font=\"Montserrat|600|||||||\" header_text_color=\"#333333\" header_font_size=\"24px\" body_font=\"Montserrat|500|||||||\" body_text_color=\"#333333\" body_font_size=\"16px\" body_line_height=\"28px\" custom_margin_tablet=\"||30px||false|false\" custom_margin_phone=\"||30px||false|false\" custom_margin_last_edited=\"on|tablet\" body_font_size_tablet=\"16px\" body_font_size_phone=\"14px\" body_font_size_last_edited=\"on|desktop\" text_orientation_tablet=\"center\" text_orientation_phone=\"center\" text_orientation_last_edited=\"on|desktop\" custom_css_blurb_image=\"margin-bottom: 15px;\" locked=\"off\" global_colors_info=\"{}\"]<p>Lorem ipsum dolor sit amet, consectetur adipiscing elit, sed do eiusmod tem incididunt.<\/p>[\/et_pb_blurb][\/et_pb_column][et_pb_column type=\"1_4\" _builder_version=\"4.12.1\" _module_preset=\"default\" global_colors_info=\"{}\"][et_pb_blurb title=\"Blood Bank\" image=\"https:\/\/diviedge.com\/layout-design\/medipulse\/wp-content\/uploads\/sites\/12\/2022\/01\/injection.png\" icon_alignment=\"left\" icon_alignment_tablet=\"center\" icon_alignment_phone=\"center\" icon_alignment_last_edited=\"on|phone\" _builder_version=\"4.14.4\" _module_preset=\"default\" header_font=\"Montserrat|600|||||||\" header_text_color=\"#333333\" header_font_size=\"24px\" body_font=\"Montserrat|500|||||||\" body_text_color=\"#333333\" body_font_size=\"16px\" body_line_height=\"28px\" custom_margin_tablet=\"||30px||false|false\" custom_margin_phone=\"||30px||false|false\" custom_margin_last_edited=\"on|tablet\" body_font_size_tablet=\"16px\" body_font_size_phone=\"14px\" body_font_size_last_edited=\"on|desktop\" text_orientation_tablet=\"center\" text_orientation_phone=\"center\" text_orientation_last_edited=\"on|desktop\" custom_css_blurb_image=\"margin-bottom: 15px;\" locked=\"off\" global_colors_info=\"{}\"]<p>Lorem ipsum dolor sit amet, consectetur adipiscing elit, sed do eiusmod tem incididunt.<\/p>[\/et_pb_blurb][\/et_pb_column][et_pb_column type=\"1_4\" _builder_version=\"4.12.1\" _module_preset=\"default\" global_colors_info=\"{}\"][et_pb_blurb title=\"Virusology\" image=\"https:\/\/diviedge.com\/layout-design\/medipulse\/wp-content\/uploads\/sites\/12\/2022\/01\/first-kit.png\" icon_alignment=\"left\" icon_alignment_tablet=\"center\" icon_alignment_phone=\"center\" icon_alignment_last_edited=\"on|phone\" _builder_version=\"4.14.4\" _module_preset=\"default\" header_font=\"Montserrat|600|||||||\" header_text_color=\"#333333\" header_font_size=\"24px\" body_font=\"Montserrat|500|||||||\" body_text_color=\"#333333\" body_font_size=\"16px\" body_line_height=\"28px\" custom_margin_tablet=\"||30px||false|false\" custom_margin_phone=\"||30px||false|false\" custom_margin_last_edited=\"on|tablet\" body_font_size_tablet=\"16px\" body_font_size_phone=\"14px\" body_font_size_last_edited=\"on|desktop\" text_orientation_tablet=\"center\" text_orientation_phone=\"center\" text_orientation_last_edited=\"on|desktop\" custom_css_blurb_image=\"margin-bottom: 15px;\" locked=\"off\" global_colors_info=\"{}\"]<p>Lorem ipsum dolor sit amet, consectetur adipiscing elit, sed do eiusmod tem incididunt.<\/p>[\/et_pb_blurb][\/et_pb_column][\/et_pb_row][et_pb_row column_structure=\"1_4,1_4,1_4,1_4\" use_custom_gutter=\"on\" gutter_width=\"2\" custom_padding_last_edited=\"off|desktop\" _builder_version=\"4.14.4\" _module_preset=\"default\" custom_padding_tablet=\"||0px||false|false\" custom_padding_phone=\"||0px||false|false\" global_colors_info=\"{}\"][et_pb_column type=\"1_4\" _builder_version=\"4.12.1\" _module_preset=\"default\" global_colors_info=\"{}\"][et_pb_blurb title=\"Cardiology\" image=\"https:\/\/diviedge.com\/layout-design\/medipulse\/wp-content\/uploads\/sites\/12\/2022\/01\/healthcare.png\" icon_alignment=\"left\" icon_alignment_tablet=\"center\" icon_alignment_phone=\"center\" icon_alignment_last_edited=\"on|phone\" _builder_version=\"4.14.4\" _module_preset=\"default\" header_font=\"Montserrat|600|||||||\" header_text_color=\"#333333\" header_font_size=\"24px\" body_font=\"Montserrat|500|||||||\" body_text_color=\"#333333\" body_font_size=\"16px\" body_line_height=\"28px\" custom_margin_tablet=\"||30px||false|false\" custom_margin_phone=\"||30px||false|false\" custom_margin_last_edited=\"on|tablet\" body_font_size_tablet=\"16px\" body_font_size_phone=\"14px\" body_font_size_last_edited=\"on|desktop\" text_orientation_tablet=\"center\" text_orientation_phone=\"center\" text_orientation_last_edited=\"on|desktop\" custom_css_blurb_image=\"margin-bottom: 15px;\" global_colors_info=\"{}\"]<p>Lorem ipsum dolor sit amet, consectetur adipiscing elit, sed do eiusmod tem incididunt.<\/p>[\/et_pb_blurb][\/et_pb_column][et_pb_column type=\"1_4\" _builder_version=\"4.12.1\" _module_preset=\"default\" global_colors_info=\"{}\"][et_pb_blurb title=\"Surgery\" image=\"https:\/\/diviedge.com\/layout-design\/medipulse\/wp-content\/uploads\/sites\/12\/2022\/01\/x-ray.png\" icon_alignment=\"left\" icon_alignment_tablet=\"center\" icon_alignment_phone=\"center\" icon_alignment_last_edited=\"on|phone\" _builder_version=\"4.14.4\" _module_preset=\"default\" header_font=\"Montserrat|600|||||||\" header_text_color=\"#333333\" header_font_size=\"24px\" body_font=\"Montserrat|500|||||||\" body_text_color=\"#333333\" body_font_size=\"16px\" body_line_height=\"28px\" custom_margin_tablet=\"||30px||false|false\" custom_margin_phone=\"||30px||false|false\" custom_margin_last_edited=\"on|tablet\" body_font_size_tablet=\"16px\" body_font_size_phone=\"14px\" body_font_size_last_edited=\"on|desktop\" text_orientation_tablet=\"center\" text_orientation_phone=\"center\" text_orientation_last_edited=\"on|desktop\" custom_css_blurb_image=\"margin-bottom: 15px;\" locked=\"off\" global_colors_info=\"{}\"]<p>Lorem ipsum dolor sit amet, consectetur adipiscing elit, sed do eiusmod tem incididunt.<\/p>[\/et_pb_blurb][\/et_pb_column][et_pb_column type=\"1_4\" _builder_version=\"4.12.1\" _module_preset=\"default\" global_colors_info=\"{}\"][et_pb_blurb title=\"Data Driven\" image=\"https:\/\/diviedge.com\/layout-design\/medipulse\/wp-content\/uploads\/sites\/12\/2022\/01\/ecg.png\" icon_alignment=\"left\" icon_alignment_tablet=\"center\" icon_alignment_phone=\"center\" icon_alignment_last_edited=\"on|phone\" _builder_version=\"4.14.4\" _module_preset=\"default\" header_font=\"Montserrat|600|||||||\" header_text_color=\"#333333\" header_font_size=\"24px\" body_font=\"Montserrat|500|||||||\" body_text_color=\"#333333\" body_font_size=\"16px\" body_line_height=\"28px\" custom_margin_tablet=\"\" custom_margin_phone=\"||30px||false|false\" custom_margin_last_edited=\"on|phone\" body_font_size_tablet=\"16px\" body_font_size_phone=\"14px\" body_font_size_last_edited=\"on|desktop\" text_orientation_tablet=\"center\" text_orientation_phone=\"center\" text_orientation_last_edited=\"on|desktop\" custom_css_blurb_image=\"margin-bottom: 15px;\" locked=\"off\" global_colors_info=\"{}\"]<p>Lorem ipsum dolor sit amet, consectetur adipiscing elit, sed do eiusmod tem incididunt.<\/p>[\/et_pb_blurb][\/et_pb_column][et_pb_column type=\"1_4\" _builder_version=\"4.12.1\" _module_preset=\"default\" global_colors_info=\"{}\"][et_pb_blurb title=\"Emergency\" image=\"https:\/\/diviedge.com\/layout-design\/medipulse\/wp-content\/uploads\/sites\/12\/2022\/01\/alarm.png\" icon_alignment=\"left\" icon_alignment_tablet=\"center\" icon_alignment_phone=\"center\" icon_alignment_last_edited=\"on|phone\" _builder_version=\"4.14.4\" _module_preset=\"default\" header_font=\"Montserrat|600|||||||\" header_text_color=\"#333333\" header_font_size=\"24px\" body_font=\"Montserrat|500|||||||\" body_text_color=\"#333333\" body_font_size=\"16px\" body_line_height=\"28px\" body_font_size_tablet=\"16px\" body_font_size_phone=\"14px\" body_font_size_last_edited=\"on|desktop\" text_orientation_tablet=\"center\" text_orientation_phone=\"center\" text_orientation_last_edited=\"on|desktop\" custom_css_blurb_image=\"margin-bottom: 15px;\" locked=\"off\" global_colors_info=\"{}\"]<p>Lorem ipsum dolor sit amet, consectetur adipiscing elit, sed do eiusmod tem incididunt.<\/p>[\/et_pb_blurb][\/et_pb_column][\/et_pb_row][\/et_pb_section][et_pb_section fb_built=\"1\" _builder_version=\"4.14.4\" _module_preset=\"default\" background_color=\"#f7f8fa\" locked=\"off\" global_colors_info=\"{}\"][et_pb_row _builder_version=\"4.14.4\" _module_preset=\"default\" locked=\"off\" global_colors_info=\"{}\"][et_pb_column type=\"4_4\" _builder_version=\"4.14.4\" _module_preset=\"default\" global_colors_info=\"{}\"][df_adh_heading title_prefix=\"Our Service\" use_divider=\"on\" divider_color=\"#107FC9\" divider_height=\"4px\" divider_width=\"40px\" divider_alignment=\"center\" divider_background_bgcolor=\"#107fc9\" heading_padding=\"||20px||false|false\" _builder_version=\"4.14.4\" _module_preset=\"default\" title_font=\"Montserrat|700|||||||\" title_text_align=\"center\" title_text_color=\"#2f3241\" title_font_size=\"40px\" title_line_height=\"1.3em\" custom_margin=\"||15px||false|false\" title_font_tablet=\"Montserrat|700|||||||\" title_font_phone=\"Montserrat|700|||||||\" title_font_last_edited=\"on|desktop\" title_font_size_tablet=\"36px\" title_font_size_phone=\"28px\" title_font_size_last_edited=\"on|desktop\" locked=\"off\" global_colors_info=\"{}\"][\/df_adh_heading][et_pb_text _builder_version=\"4.14.4\" _module_preset=\"default\" text_font=\"Montserrat||||||||\" text_text_color=\"#333333\" text_font_size=\"18px\" text_line_height=\"28px\" text_orientation=\"center\" width=\"60%\" width_tablet=\"95%\" width_phone=\"100%\" width_last_edited=\"on|desktop\" module_alignment=\"center\" text_font_size_tablet=\"16px\" text_font_size_phone=\"14px\" text_font_size_last_edited=\"on|phone\" global_colors_info=\"{}\"]<p>Lorem ipsum dolor sit amet, consectetuer adipiscing elit, sed diam nonummy nibhie euismod tincidunt ut laoreet dolore magna erat<\/p>[\/et_pb_text][\/et_pb_column][\/et_pb_row][et_pb_row column_structure=\"1_3,1_3,1_3\" custom_padding_last_edited=\"on|tablet\" _builder_version=\"4.14.4\" _module_preset=\"default\" custom_padding_tablet=\"||0px||false|false\" custom_padding_phone=\"||0px||false|false\" global_colors_info=\"{}\"][et_pb_column type=\"1_3\" _builder_version=\"4.14.4\" _module_preset=\"default\" global_colors_info=\"{}\"][et_pb_blurb title=\"Qualified Doctors\" use_icon=\"on\" font_icon=\"&#xf0f0;||fa||900\" icon_color_last_edited=\"off|desktop\" _builder_version=\"4.14.4\" _module_preset=\"default\" header_font=\"Montserrat|600|||||||\" header_text_color=\"#222222\" header_font_size=\"22px\" header_line_height=\"1.3em\" body_font=\"Montserrat|500|||||||\" body_text_color=\"#777777\" body_line_height=\"28px\" background_color=\"#FFFFFF\" text_orientation=\"center\" custom_padding=\"50px|30px|50px|30px|false|false\" custom_padding_tablet=\"50px|30px|50px|30px|false|false\" custom_padding_phone=\"15px|15px|15px|15px|false|false\" custom_padding_last_edited=\"on|desktop\" animation=\"off\" header_font_size_tablet=\"20px\" header_font_size_phone=\"18px\" header_font_size_last_edited=\"on|desktop\" custom_css_blurb_image=\"margin-bottom: 20px;\" border_radii=\"on|4px|4px|4px|4px\" global_colors_info=\"{}\" background__hover_enabled=\"on|desktop\" background_color__hover=\"#107fc9\" background_enable_color__hover=\"on\" icon_color__hover_enabled=\"on|desktop\" icon_color__hover=\"#FFFFFF\" header_text_color__hover_enabled=\"on|desktop\" header_text_color__hover=\"#FFFFFF\" body_text_color__hover_enabled=\"on|desktop\" body_text_color__hover=\"#FFFFFF\"]<p>Lorem ipsum dolor sit amet, consectetur adipisicing elit. Mollitia quasiqui invent cumque nulla!<\/p>[\/et_pb_blurb][\/et_pb_column][et_pb_column type=\"1_3\" _builder_version=\"4.14.4\" _module_preset=\"default\" global_colors_info=\"{}\"][et_pb_blurb title=\"Advanced Technology\" use_icon=\"on\" font_icon=\"&#xf0fa;||fa||900\" icon_color=\"#42B3E5\" icon_color_last_edited=\"off|desktop\" _builder_version=\"4.14.4\" _module_preset=\"default\" header_font=\"Montserrat|600|||||||\" header_text_color=\"#222222\" header_font_size=\"22px\" header_line_height=\"1.3em\" body_font=\"Montserrat|500|||||||\" body_text_color=\"#777777\" body_line_height=\"28px\" background_color=\"#FFFFFF\" text_orientation=\"center\" custom_padding=\"50px|30px|50px|30px|false|false\" custom_padding_tablet=\"50px|30px|50px|30px|false|false\" custom_padding_phone=\"15px|15px|15px|15px|false|false\" custom_padding_last_edited=\"on|desktop\" animation=\"off\" header_font_size_tablet=\"20px\" header_font_size_phone=\"18px\" header_font_size_last_edited=\"on|desktop\" custom_css_blurb_image=\"margin-bottom: 20px;\" border_radii=\"on|4px|4px|4px|4px\" locked=\"off\" global_colors_info=\"{}\" background__hover_enabled=\"on|desktop\" background_color__hover=\"#107fc9\" background_enable_color__hover=\"on\" icon_color__hover_enabled=\"on|desktop\" icon_color__hover=\"#FFFFFF\" header_text_color__hover_enabled=\"on|desktop\" header_text_color__hover=\"#FFFFFF\" body_text_color__hover_enabled=\"on|desktop\" body_text_color__hover=\"#FFFFFF\"]<p>Lorem ipsum dolor sit amet, consectetur adipisicing elit. Mollitia quasiqui invent cumque nulla!<\/p>[\/et_pb_blurb][\/et_pb_column][et_pb_column type=\"1_3\" _builder_version=\"4.14.4\" _module_preset=\"default\" global_colors_info=\"{}\"][et_pb_blurb title=\"Emergency Care\" use_icon=\"on\" font_icon=\"&#xf0f9;||fa||900\" icon_color_last_edited=\"off|desktop\" _builder_version=\"4.14.4\" _module_preset=\"default\" header_font=\"Montserrat|600|||||||\" header_text_color=\"#222222\" header_font_size=\"22px\" header_line_height=\"1.3em\" body_font=\"Montserrat|500|||||||\" body_text_color=\"#777777\" body_line_height=\"28px\" background_color=\"#FFFFFF\" text_orientation=\"center\" custom_padding=\"50px|30px|50px|30px|false|false\" custom_padding_tablet=\"50px|30px|50px|30px|false|false\" custom_padding_phone=\"15px|15px|15px|15px|false|false\" custom_padding_last_edited=\"on|desktop\" animation=\"off\" header_font_size_tablet=\"20px\" header_font_size_phone=\"18px\" header_font_size_last_edited=\"on|desktop\" custom_css_blurb_image=\"margin-bottom: 20px;\" border_radii=\"on|4px|4px|4px|4px\" locked=\"off\" global_colors_info=\"{}\" background__hover_enabled=\"on|desktop\" background_color__hover=\"#107fc9\" background_enable_color__hover=\"on\" icon_color__hover_enabled=\"on|desktop\" icon_color__hover=\"#FFFFFF\" header_text_color__hover_enabled=\"on|desktop\" header_text_color__hover=\"#FFFFFF\" body_text_color__hover_enabled=\"on|desktop\" body_text_color__hover=\"#FFFFFF\"]<p>Lorem ipsum dolor sit amet, consectetur adipisicing elit. Mollitia quasiqui invent cumque nulla!<\/p>[\/et_pb_blurb][\/et_pb_column][\/et_pb_row][et_pb_row column_structure=\"1_3,1_3,1_3\" custom_padding_last_edited=\"off|desktop\" _builder_version=\"4.14.4\" _module_preset=\"default\" custom_margin=\"||||false|false\" custom_padding_tablet=\"0px||||false|false\" custom_padding_phone=\"|||\" global_colors_info=\"{}\"][et_pb_column type=\"1_3\" _builder_version=\"4.14.4\" _module_preset=\"default\" global_colors_info=\"{}\"][et_pb_blurb title=\"Daily Cheakups\" use_icon=\"on\" font_icon=\"&#xf0fd;||fa||900\" icon_color=\"#42b3e5\" icon_color_last_edited=\"off|desktop\" _builder_version=\"4.14.4\" _module_preset=\"default\" header_font=\"Montserrat|600|||||||\" header_text_color=\"#222222\" header_font_size=\"22px\" header_line_height=\"1.3em\" body_font=\"Montserrat|500|||||||\" body_text_color=\"#777777\" body_line_height=\"28px\" background_color=\"#FFFFFF\" text_orientation=\"center\" custom_padding=\"50px|30px|50px|30px|false|false\" custom_padding_tablet=\"50px|30px|50px|30px|false|false\" custom_padding_phone=\"15px|15px|15px|15px|false|false\" custom_padding_last_edited=\"on|desktop\" animation=\"off\" header_font_size_tablet=\"20px\" header_font_size_phone=\"18px\" header_font_size_last_edited=\"on|desktop\" custom_css_blurb_image=\"margin-bottom: 20px;\" border_radii=\"on|4px|4px|4px|4px\" global_colors_info=\"{}\" background__hover_enabled=\"on|desktop\" background_color__hover=\"#107fc9\" background_enable_color__hover=\"on\" icon_color__hover_enabled=\"on|desktop\" icon_color__hover=\"#FFFFFF\" header_text_color__hover_enabled=\"on|desktop\" header_text_color__hover=\"#FFFFFF\" body_text_color__hover_enabled=\"on|desktop\" body_text_color__hover=\"#FFFFFF\"]<p>Lorem ipsum dolor sit amet, consectetur adipisicing elit. Mollitia quasiqui invent cumque nulla!<\/p>[\/et_pb_blurb][\/et_pb_column][et_pb_column type=\"1_3\" _builder_version=\"4.14.4\" _module_preset=\"default\" global_colors_info=\"{}\"][et_pb_blurb title=\"Online Service\" use_icon=\"on\" font_icon=\"&#xf0fe;||fa||900\" icon_color_last_edited=\"off|desktop\" _builder_version=\"4.14.4\" _module_preset=\"default\" header_font=\"Montserrat|600|||||||\" header_text_color=\"#222222\" header_font_size=\"22px\" header_line_height=\"1.3em\" body_font=\"Montserrat|500|||||||\" body_text_color=\"#777777\" body_line_height=\"28px\" background_color=\"#FFFFFF\" text_orientation=\"center\" custom_padding=\"50px|30px|50px|30px|false|false\" custom_padding_tablet=\"50px|30px|50px|30px|false|false\" custom_padding_phone=\"15px|15px|15px|15px|false|false\" custom_padding_last_edited=\"on|desktop\" animation=\"off\" header_font_size_tablet=\"20px\" header_font_size_phone=\"18px\" header_font_size_last_edited=\"on|desktop\" custom_css_blurb_image=\"margin-bottom: 20px;\" border_radii=\"on|4px|4px|4px|4px\" locked=\"off\" global_colors_info=\"{}\" background__hover_enabled=\"on|desktop\" background_color__hover=\"#107fc9\" background_enable_color__hover=\"on\" icon_color__hover_enabled=\"on|desktop\" icon_color__hover=\"#FFFFFF\" header_text_color__hover_enabled=\"on|desktop\" header_text_color__hover=\"#FFFFFF\" body_text_color__hover_enabled=\"on|desktop\" body_text_color__hover=\"#FFFFFF\"]<p>Lorem ipsum dolor sit amet, consectetur adipisicing elit. Mollitia quasiqui invent cumque nulla!<\/p>[\/et_pb_blurb][\/et_pb_column][et_pb_column type=\"1_3\" _builder_version=\"4.14.4\" _module_preset=\"default\" global_colors_info=\"{}\"][et_pb_blurb title=\"General Medical\" use_icon=\"on\" font_icon=\"&#xf487;||fa||900\" icon_color=\"#42B3E5\" icon_color_last_edited=\"off|desktop\" _builder_version=\"4.14.4\" _module_preset=\"default\" header_font=\"Montserrat|600|||||||\" header_text_color=\"#222222\" header_font_size=\"22px\" header_line_height=\"1.3em\" body_font=\"Montserrat|500|||||||\" body_text_color=\"#777777\" body_line_height=\"28px\" background_color=\"#FFFFFF\" text_orientation=\"center\" custom_padding=\"50px|30px|50px|30px|false|false\" custom_padding_tablet=\"50px|30px|50px|30px|false|false\" custom_padding_phone=\"15px|15px|15px|15px|false|false\" custom_padding_last_edited=\"on|desktop\" animation=\"off\" header_font_size_tablet=\"20px\" header_font_size_phone=\"18px\" header_font_size_last_edited=\"on|desktop\" custom_css_blurb_image=\"margin-bottom: 20px;\" border_radii=\"on|4px|4px|4px|4px\" locked=\"off\" global_colors_info=\"{}\" background__hover_enabled=\"on|desktop\" background_color__hover=\"#107fc9\" background_enable_color__hover=\"on\" icon_color__hover_enabled=\"on|desktop\" icon_color__hover=\"#FFFFFF\" header_text_color__hover_enabled=\"on|desktop\" header_text_color__hover=\"#FFFFFF\" body_text_color__hover_enabled=\"on|desktop\" body_text_color__hover=\"#FFFFFF\"]<p>Lorem ipsum dolor sit amet, consectetur adipisicing elit. Mollitia quasiqui invent cumque nulla!<\/p>[\/et_pb_blurb][\/et_pb_column][\/et_pb_row][\/et_pb_section][et_pb_section fb_built=\"1\" admin_label=\"Split Section\" _builder_version=\"4.14.4\" custom_padding=\"0px||0px|\" animation_direction=\"bottom\" locked=\"off\" global_colors_info=\"{}\"][et_pb_row column_structure=\"1_2,1_2\" use_custom_gutter=\"on\" gutter_width=\"1\" make_equal=\"on\" module_class=\" et_pb_row_fullwidth\" _builder_version=\"4.14.4\" background_size=\"initial\" background_position=\"top_left\" background_repeat=\"repeat\" width=\"100%\" width_tablet=\"100%\" width_phone=\"100%\" width_last_edited=\"on|desktop\" max_width=\"100%\" max_width_tablet=\"100%\" max_width_phone=\"100%\" max_width_last_edited=\"on|desktop\" custom_margin=\"0px||0px|\" custom_padding=\"0px||0px|\" make_fullwidth=\"on\" global_colors_info=\"{}\"][et_pb_column type=\"1_2\" _builder_version=\"4.13.0\" use_background_color_gradient=\"on\" background_image=\"https:\/\/diviedge.com\/layout-design\/medipulse\/wp-content\/uploads\/sites\/12\/2021\/11\/team-surgeons-makes-invasive-operation.png\" background_position=\"top_left\" custom_padding=\"|||\" global_colors_info=\"{}\" custom_padding__hover=\"|||\"][et_pb_image src=\"https:\/\/diviedge.com\/layout-design\/medipulse\/wp-content\/uploads\/sites\/12\/2021\/11\/team-surgeons-makes-invasive-operation.png\" title_text=\"Group 340\" src_tablet=\"https:\/\/diviedge.com\/layout-design\/medipulse\/wp-content\/uploads\/sites\/12\/2021\/11\/team-surgeons-makes-invasive-operation.png\" src_phone=\"https:\/\/diviedge.com\/layout-design\/medipulse\/wp-content\/uploads\/sites\/12\/2021\/12\/Group-340.jpg\" src_last_edited=\"on|phone\" disabled_on=\"off|off|on\" _builder_version=\"4.14.2\" _module_preset=\"default\" height_last_edited=\"off|tablet\" global_colors_info=\"{}\"][\/et_pb_image][\/et_pb_column][et_pb_column type=\"1_2\" _builder_version=\"4.14.4\" background_color=\"#f5fbfe\" background_position=\"top_left\" custom_padding=\"70px|6%|74px|78px|false|false\" custom_padding_tablet=\"50px||35px||false|false\" custom_padding_phone=\"40px|35px|40px|35px|false|true\" custom_padding_last_edited=\"on|tablet\" global_colors_info=\"{}\" custom_padding__hover=\"|||\"][difl_advanced_blurb title=\"Serving People\" sub_title=\"Laboratory Place In Medicine Practice\" wrapper_margin=\"||40px|0px|false|false\" title_margin=\"||||false|false\" sub_title_margin=\"||14px||false|false\" content_padding=\"||||false|false\" wrapper_margin_tablet=\"||35px||false|false\" wrapper_margin_phone=\"||25px||false|false\" wrapper_margin_last_edited=\"on|phone\" sub_title_margin_tablet=\"||||false|false\" sub_title_margin_phone=\"||||false|false\" sub_title_margin_last_edited=\"off|desktop\" content_padding_tablet=\"||||false|false\" content_padding_phone=\"||||false|false\" content_padding_last_edited=\"off|desktop\" disabled_on=\"off|off|off\" _builder_version=\"4.14.4\" _module_preset=\"default\" title_font=\"Montserrat|600|||||||\" title_text_color=\"#107fc9\" title_font_size=\"18px\" sub_title_font=\"Montserrat|700|||||||\" sub_title_text_color=\"#2f3241\" sub_title_font_size=\"34px\" sub_title_line_height=\"40px\" content_body_font=\"Montserrat||||||||\" content_body_text_color=\"#333333\" content_body_font_size=\"16px\" content_body_line_height=\"28px\" width_phone=\"100%\" width_last_edited=\"off|desktop\" module_alignment=\"left\" custom_margin=\"36px||||false|false\" custom_margin_tablet=\"0px||||false|false\" custom_margin_phone=\"0px||||false|false\" custom_margin_last_edited=\"on|tablet\" title_font_size_tablet=\"16px\" title_font_size_phone=\"14px\" title_font_size_last_edited=\"on|desktop\" sub_title_font_size_tablet=\"31px\" sub_title_font_size_phone=\"26px\" sub_title_font_size_last_edited=\"on|desktop\" content_body_font_size_tablet=\"15px\" content_body_font_size_phone=\"14px\" content_body_font_size_last_edited=\"on|desktop\" locked=\"off\" global_colors_info=\"{}\"]<p>Lorem ipsum dolor sit amet, consectetur adipiscing elit, sed do smod tem incididunt ut labore et dolore magna aliqua. Ut enim inimnmiam, quis nostrud exercitation ullamco laboris.<\/p>[\/difl_advanced_blurb][et_pb_blurb title=\"Lorem ipsum dolor\" use_icon=\"on\" icon_color=\"#42b3e5\" icon_placement=\"left\" content_max_width=\"100%\" icon_placement_tablet=\"left\" icon_placement_phone=\"left\" icon_placement_last_edited=\"on|phone\" _builder_version=\"4.13.0\" _module_preset=\"default\" header_font=\"Montserrat|600|||||||\" header_text_color=\"#2F3241\" header_font_size=\"16px\" custom_margin=\"||16px||false|false\" custom_padding=\"||0px||false|false\" animation=\"off\" header_font_size_tablet=\"15px\" header_font_size_phone=\"14px\" header_font_size_last_edited=\"on|desktop\" custom_css_blurb_image=\"width: 16px;||\" locked=\"off\" global_colors_info=\"{}\"][\/et_pb_blurb][et_pb_blurb title=\"Sit amet consectetur\" use_icon=\"on\" icon_color=\"#42b3e5\" icon_placement=\"left\" content_max_width=\"100%\" icon_placement_tablet=\"left\" icon_placement_phone=\"left\" icon_placement_last_edited=\"on|phone\" _builder_version=\"4.13.0\" _module_preset=\"default\" header_font=\"Montserrat|600|||||||\" header_text_color=\"#2F3241\" header_font_size=\"16px\" custom_margin=\"||16px||false|false\" custom_padding=\"||0px||false|false\" animation=\"off\" header_font_size_tablet=\"15px\" header_font_size_phone=\"14px\" header_font_size_last_edited=\"on|desktop\" custom_css_blurb_image=\"width: 16px;||\" locked=\"off\" global_colors_info=\"{}\"][\/et_pb_blurb][et_pb_blurb title=\"Consectetur adipiscing\" use_icon=\"on\" icon_color=\"#42b3e5\" icon_placement=\"left\" content_max_width=\"100%\" icon_placement_tablet=\"left\" icon_placement_phone=\"left\" icon_placement_last_edited=\"on|phone\" _builder_version=\"4.13.0\" _module_preset=\"default\" header_font=\"Montserrat|600|||||||\" header_text_color=\"#2F3241\" header_font_size=\"16px\" custom_margin=\"||16px||false|false\" custom_padding=\"||0px||false|false\" animation=\"off\" header_font_size_tablet=\"15px\" header_font_size_phone=\"14px\" header_font_size_last_edited=\"on|desktop\" custom_css_blurb_image=\"width: 16px;||\" locked=\"off\" global_colors_info=\"{}\"][\/et_pb_blurb][et_pb_blurb title=\"Sed do smod\" use_icon=\"on\" icon_color=\"#42b3e5\" icon_placement=\"left\" content_max_width=\"100%\" icon_placement_tablet=\"left\" icon_placement_phone=\"left\" icon_placement_last_edited=\"on|phone\" _builder_version=\"4.13.0\" _module_preset=\"default\" header_font=\"Montserrat|600|||||||\" header_text_color=\"#2F3241\" header_font_size=\"16px\" custom_margin=\"||16px||false|false\" custom_padding=\"||0px||false|false\" animation=\"off\" header_font_size_tablet=\"15px\" header_font_size_phone=\"14px\" header_font_size_last_edited=\"on|desktop\" custom_css_blurb_image=\"width: 16px;||\" locked=\"off\" global_colors_info=\"{}\"][\/et_pb_blurb][et_pb_blurb title=\"Ullamco laboris\" use_icon=\"on\" icon_color=\"#42b3e5\" icon_placement=\"left\" content_max_width=\"100%\" icon_placement_tablet=\"left\" icon_placement_phone=\"left\" icon_placement_last_edited=\"on|phone\" _builder_version=\"4.13.0\" _module_preset=\"default\" header_font=\"Montserrat|600|||||||\" header_text_color=\"#2F3241\" header_font_size=\"16px\" custom_margin=\"||16px||false|false\" custom_padding=\"||0px||false|false\" animation=\"off\" header_font_size_tablet=\"15px\" header_font_size_phone=\"14px\" header_font_size_last_edited=\"on|desktop\" custom_css_blurb_image=\"width: 16px;||\" locked=\"off\" global_colors_info=\"{}\"][\/et_pb_blurb][\/et_pb_column][\/et_pb_row][\/et_pb_section][et_pb_section fb_built=\"1\" custom_padding_last_edited=\"on|phone\" _builder_version=\"4.14.4\" _module_preset=\"default\" background_enable_color=\"off\" custom_padding_tablet=\"||0px||false|false\" custom_padding_phone=\"0px||0px||false|false\" locked=\"off\" global_colors_info=\"{}\"][et_pb_row column_structure=\"1_2,1_2\" use_custom_gutter=\"on\" gutter_width=\"2\" custom_padding_last_edited=\"on|phone\" _builder_version=\"4.14.4\" _module_preset=\"default\" width_tablet=\"\" width_phone=\"100%\" width_last_edited=\"on|phone\" custom_padding_tablet=\"30px||0px||false|false\" custom_padding_phone=\"0px||0px||false|false\" custom_css_main_element=\"display: -webkit-box;||display: -ms-flexbox;||display: flex;||-webkit-box-align: center;||-ms-flex-align: center;||align-items: center;\" global_colors_info=\"{}\" custom_css_main_element_last_edited=\"on|tablet\" custom_css_main_element_tablet=\"display: -webkit-box;||display: -ms-flexbox;||display: flex;||-webkit-box-orient: vertical;||-webkit-box-direction: reverse;||-ms-flex-direction: column-reverse;||flex-direction: column-reverse;\" custom_css_main_element_phone=\"display: -webkit-box;||display: -ms-flexbox;||display: flex;||-webkit-box-orient: vertical;||-webkit-box-direction: reverse;||-ms-flex-direction: column-reverse;||flex-direction: column-reverse;\"][et_pb_column type=\"1_2\" _builder_version=\"4.14.4\" _module_preset=\"default\" custom_padding=\"||||false|false\" custom_padding_tablet=\"80px||10px||false|false\" custom_padding_phone=\"40px|35px|0px|35px|false|true\" custom_padding_last_edited=\"on|phone\" global_colors_info=\"{}\"][difl_advanced_blurb title=\"Private Care Service\" sub_title=\"Caring For The Growing Needs Of Community\" button_text=\"Read More\" button_url=\"#\" button_background_bgcolor=\"#107fc9\" wrapper_margin=\"||40px|0px|false|false\" title_margin=\"||||false|false\" sub_title_margin=\"||14px||false|false\" content_margin=\"||40px||false|false\" content_padding=\"||||false|false\" button_padding=\"12px|36px|12px|36px|true|true\" wrapper_margin_tablet=\"0px||35px||false|false\" wrapper_margin_phone=\"||25px||false|false\" wrapper_margin_last_edited=\"on|phone\" sub_title_margin_tablet=\"||||false|false\" sub_title_margin_phone=\"||||false|false\" sub_title_margin_last_edited=\"off|desktop\" content_padding_tablet=\"||||false|false\" content_padding_phone=\"||||false|false\" content_padding_last_edited=\"off|desktop\" disabled_on=\"off|off|off\" _builder_version=\"4.14.5\" _module_preset=\"default\" title_font=\"Montserrat|600|||||||\" title_text_color=\"#107fc9\" title_font_size=\"18px\" sub_title_font=\"Montserrat|700|||||||\" sub_title_text_color=\"#2f3241\" sub_title_font_size=\"34px\" sub_title_line_height=\"40px\" content_body_font=\"Montserrat||||||||\" content_body_text_color=\"#333333\" content_body_font_size=\"16px\" content_body_line_height=\"28px\" button_text_font=\"|600|||||||\" button_text_text_color=\"#FFFFFF\" width_tablet=\"100%\" width_phone=\"100%\" width_last_edited=\"off|desktop\" module_alignment=\"left\" custom_margin=\"36px||||false|false\" custom_margin_tablet=\"0px||0px||false|false\" custom_margin_phone=\"0px||0px||false|false\" custom_margin_last_edited=\"on|tablet\" custom_padding_tablet=\"||0px||false|false\" custom_padding_phone=\"||0px||false|false\" custom_padding_last_edited=\"on|tablet\" title_font_size_tablet=\"16px\" title_font_size_phone=\"16px\" title_font_size_last_edited=\"on|desktop\" title_line_height_tablet=\"\" title_line_height_phone=\"22px\" title_line_height_last_edited=\"on|phone\" sub_title_font_size_tablet=\"31px\" sub_title_font_size_phone=\"24px\" sub_title_font_size_last_edited=\"on|desktop\" sub_title_line_height_tablet=\"40px\" sub_title_line_height_phone=\"34px\" sub_title_line_height_last_edited=\"on|phone\" content_body_font_size_tablet=\"15px\" content_body_font_size_phone=\"14px\" content_body_font_size_last_edited=\"on|desktop\" button_text_font_size_tablet=\"16px\" button_text_font_size_phone=\"14px\" button_text_font_size_last_edited=\"on|desktop\" border_radii_button_border=\"on|33px|33px|33px|33px\" border_width_all_button_border=\"2px\" border_color_all_button_border=\"#107FC9\" box_shadow_style_button_shadow=\"preset1\" box_shadow_horizontal_button_shadow=\"2.73px\" box_shadow_vertical_button_shadow=\"7.51px\" box_shadow_blur_button_shadow=\"20px\" box_shadow_color_button_shadow=\"rgba(0,0,0,0.15)\" locked=\"off\" global_colors_info=\"{}\" button_background_bgcolor__hover_enabled=\"on|desktop\" button_background_bgcolor__hover=\"#FFFFFF\" border_color_all_button_border__hover_enabled=\"off|desktop\" border_color_all_button_border__hover=\"#42B3E5\" box_shadow_vertical_button_shadow__hover_enabled=\"on|desktop\" box_shadow_horizontal_button_shadow__hover_enabled=\"on|desktop\" box_shadow_blur_button_shadow__hover_enabled=\"on|hover\" box_shadow_blur_button_shadow__hover=\"0px\" box_shadow_vertical_button_shadow__hover=\"0px\" box_shadow_horizontal_button_shadow__hover=\"0px\" button_text_text_color__hover_enabled=\"on|hover\" button_text_text_color__hover=\"#107FC9\"]<p>Lorem ipsum dolor sit amet, consectetur adipiscing elit, sed do smod tem incididunt ut labore et dolore magna aliqua. Ut enim inimnmia, quis nostrud exercitation ullamco laboris.<\/p>\n<p>Lorem ipsum dolor sit amet, consectetur adipiscing elit, sed do smod tem incididunt ut labore et dolore magna aliqua.<\/p>[\/difl_advanced_blurb][\/et_pb_column][et_pb_column type=\"1_2\" _builder_version=\"4.14.4\" _module_preset=\"default\" custom_padding_tablet=\"0px||0px||false|false\" custom_padding_phone=\"||||false|true\" custom_padding_last_edited=\"on|phone\" global_colors_info=\"{}\"][et_pb_image src=\"https:\/\/diviedge.com\/layout-design\/medipulse\/wp-content\/uploads\/sites\/12\/2021\/11\/blog-3.jpg\" title_text=\"blog-3\" _builder_version=\"4.14.4\" _module_preset=\"default\" custom_margin_tablet=\"||0px||false|false\" custom_margin_phone=\"||0px||false|false\" custom_margin_last_edited=\"on|tablet\" custom_padding_tablet=\"||0px||false|false\" custom_padding_phone=\"||0px||false|false\" custom_padding_last_edited=\"on|tablet\" global_colors_info=\"{}\"][\/et_pb_image][\/et_pb_column][\/et_pb_row][\/et_pb_section][et_pb_section fb_built=\"1\" custom_padding_last_edited=\"on|phone\" _builder_version=\"4.14.4\" _module_preset=\"default\" custom_padding_tablet=\"0px||60px||false|false\" custom_padding_phone=\"0px||40px||false|false\" locked=\"off\" global_colors_info=\"{}\"][et_pb_row column_structure=\"1_2,1_2\" custom_padding_last_edited=\"on|phone\" _builder_version=\"4.14.4\" _module_preset=\"default\" width_tablet=\"\" width_phone=\"100%\" width_last_edited=\"on|phone\" custom_padding=\"0px||||false|false\" custom_padding_tablet=\"0px||||false|false\" custom_padding_phone=\"0px||||false|false\" custom_css_main_element=\"display: -webkit-box;||display: -ms-flexbox;||display: flex;||-webkit-box-align: center;||-ms-flex-align: center;||align-items: center;\" global_colors_info=\"{}\" custom_css_main_element_last_edited=\"on|phone\" custom_css_main_element_tablet=\"display: -webkit-box;||display: -ms-flexbox;||display: flex;||-webkit-box-orient: vertical;||-webkit-box-direction: normal;||-ms-flex-direction: column;||flex-direction: column;\" custom_css_main_element_phone=\"display: -webkit-box;||display: -ms-flexbox;||display: flex;||-webkit-box-orient: vertical;||-webkit-box-direction: normal;||-ms-flex-direction: column;||flex-direction: column;\"][et_pb_column type=\"1_2\" _builder_version=\"4.13.0\" _module_preset=\"default\" global_colors_info=\"{}\"][et_pb_image src=\"https:\/\/diviedge.com\/layout-design\/medipulse\/wp-content\/uploads\/sites\/12\/2022\/01\/blog-21.jpg\" title_text=\"blog-21\" _builder_version=\"4.14.4\" _module_preset=\"default\" overflow-x=\"visible\" overflow-y=\"visible\" border_radii=\"on|4px|4px|4px|4px\" locked=\"off\" global_colors_info=\"{}\"][\/et_pb_image][\/et_pb_column][et_pb_column type=\"1_2\" _builder_version=\"4.14.4\" _module_preset=\"default\" custom_padding=\"||||false|false\" custom_padding_tablet=\"\" custom_padding_phone=\"|35px||35px|false|true\" custom_padding_last_edited=\"on|phone\" global_colors_info=\"{}\"][difl_advanced_blurb title=\"Private Care Service\" sub_title=\"Caring For The Growing Needs Of Community\" wrapper_margin=\"||40px|0px|false|false\" title_margin=\"||||false|false\" sub_title_margin=\"||14px||false|false\" content_padding=\"||||false|false\" wrapper_margin_tablet=\"0px||35px||false|false\" wrapper_margin_phone=\"||25px||false|false\" wrapper_margin_last_edited=\"on|phone\" sub_title_margin_tablet=\"||||false|false\" sub_title_margin_phone=\"||||false|false\" sub_title_margin_last_edited=\"off|desktop\" content_padding_tablet=\"||||false|false\" content_padding_phone=\"||||false|false\" content_padding_last_edited=\"off|desktop\" disabled_on=\"off|off|off\" _builder_version=\"4.14.4\" _module_preset=\"default\" title_font=\"Montserrat|600|||||||\" title_text_color=\"#107fc9\" title_font_size=\"18px\" sub_title_font=\"Montserrat|700|||||||\" sub_title_text_color=\"#2f3241\" sub_title_font_size=\"34px\" sub_title_line_height=\"40px\" content_body_font=\"Montserrat||||||||\" content_body_text_color=\"#333333\" content_body_font_size=\"16px\" content_body_line_height=\"28px\" width_tablet=\"100%\" width_phone=\"100%\" width_last_edited=\"off|desktop\" module_alignment=\"left\" custom_margin=\"36px||||false|false\" custom_margin_tablet=\"0px||0px||false|false\" custom_margin_phone=\"0px||0px||false|false\" custom_margin_last_edited=\"on|tablet\" custom_padding_tablet=\"||0px||false|false\" custom_padding_phone=\"||0px||false|false\" custom_padding_last_edited=\"on|tablet\" title_font_size_tablet=\"16px\" title_font_size_phone=\"16px\" title_font_size_last_edited=\"on|desktop\" title_line_height_tablet=\"\" title_line_height_phone=\"22px\" title_line_height_last_edited=\"on|phone\" sub_title_font_size_tablet=\"31px\" sub_title_font_size_phone=\"24px\" sub_title_font_size_last_edited=\"on|desktop\" sub_title_line_height_tablet=\"40px\" sub_title_line_height_phone=\"34px\" sub_title_line_height_last_edited=\"on|phone\" content_body_font_size_tablet=\"15px\" content_body_font_size_phone=\"14px\" content_body_font_size_last_edited=\"on|desktop\" locked=\"off\" global_colors_info=\"{}\" button_background_bgcolor__hover_enabled=\"off|desktop\" button_background_bgcolor__hover=\"#42B3E5\" border_color_all_button_border__hover_enabled=\"off|desktop\" border_color_all_button_border__hover=\"#42B3E5\"]<p>Lorem ipsum dolor sit amet, consectetur adipiscing elit, sed do smod tem incididunt ut labore et dolore magna aliqua. Ut enim inimnmia, quis nostrud exercitation ullamco laboris.<\/p>\n<p>Lorem ipsum dolor sit amet, consectetur adipiscing elit, sed do smod tem incididunt ut labore et dolore magna aliqua.<\/p>[\/difl_advanced_blurb][et_pb_button button_url=\"#\" button_text=\"Departments\" _builder_version=\"4.14.5\" _module_preset=\"default\" custom_button=\"on\" button_text_size=\"18px\" button_text_color=\"#ffffff\" button_bg_color=\"#107fc9\" button_border_color=\"#107fc9\" button_border_radius=\"33px\" button_font=\"|600|||||||\" button_use_icon=\"off\" custom_padding=\"12px|35px|12px|35px|true|false\" box_shadow_style=\"preset1\" box_shadow_horizontal=\"2.73px\" box_shadow_vertical=\"7.51px\" box_shadow_blur=\"20px\" box_shadow_color=\"rgba(0,0,0,0.15)\" locked=\"off\" global_colors_info=\"{}\" button_text_color__hover_enabled=\"on|desktop\" button_text_color__hover=\"#107fc9\" button_bg_color__hover_enabled=\"on|desktop\" button_bg_color__hover=\"rgba(255,255,255,0)\" button_bg_enable_color__hover=\"on\" box_shadow_horizontal__hover_enabled=\"on|hover\" box_shadow_vertical__hover_enabled=\"on|desktop\" box_shadow_blur__hover_enabled=\"on|hover\" box_shadow_blur__hover=\"0px\" box_shadow_vertical__hover=\"0px\" box_shadow_horizontal__hover=\"0px\"][\/et_pb_button][\/et_pb_column][\/et_pb_row][\/et_pb_section][et_pb_section fb_built=\"1\" _builder_version=\"4.14.4\" _module_preset=\"default\" background_color=\"#107fc9\" background_image=\"https:\/\/diviedge.com\/layout-design\/medipulse\/wp-content\/uploads\/sites\/12\/2022\/01\/map-dotted.jpg\" background_position=\"center_right\" custom_padding=\"||||false|false\" background_last_edited=\"on|phone\" background_size_phone=\"cover\" background_position_phone=\"center_left\" locked=\"off\" global_colors_info=\"{}\"][et_pb_row column_structure=\"1_4,1_4,1_4,1_4\" _builder_version=\"4.12.1\" _module_preset=\"default\" global_colors_info=\"{}\"][et_pb_column type=\"1_4\" _builder_version=\"4.12.1\" _module_preset=\"default\" global_colors_info=\"{}\"][et_pb_image src=\"https:\/\/diviedge.com\/layout-design\/medipulse\/wp-content\/uploads\/sites\/12\/2021\/11\/Group-87.png\" title_text=\"Group 87\" align=\"center\" _builder_version=\"4.14.4\" _module_preset=\"default\" width_tablet=\"\" width_phone=\"\" width_last_edited=\"on|phone\" module_alignment=\"center\" height=\"60px\" height_tablet=\"60px\" height_phone=\"59px\" height_last_edited=\"on|phone\" module_alignment_tablet=\"center\" module_alignment_phone=\"center\" module_alignment_last_edited=\"off|desktop\" global_colors_info=\"{}\"][\/et_pb_image][et_pb_number_counter title=\"Medical Experts\" number=\"34\" percent_sign=\"off\" _builder_version=\"4.14.4\" _module_preset=\"default\" title_font=\"Montserrat|500||on|||||\" title_line_height=\"42px\" number_font=\"|700|||||||\" number_text_color=\"#FFFFFF\" number_font_size=\"40px\" number_line_height=\"40px\" background_layout=\"dark\" title_font_size_tablet=\"24px\" title_font_size_phone=\"20px\" title_font_size_last_edited=\"off|desktop\" title_line_height_tablet=\"34px\" title_line_height_phone=\"28px\" title_line_height_last_edited=\"on|phone\" number_font_size_tablet=\"40px\" number_font_size_phone=\"40px\" number_font_size_last_edited=\"on|tablet\" number_line_height_tablet=\"40px\" number_line_height_phone=\"40px\" number_line_height_last_edited=\"on|phone\" custom_css_percent=\"height: 20px;\" global_colors_info=\"{}\"][\/et_pb_number_counter][\/et_pb_column][et_pb_column type=\"1_4\" _builder_version=\"4.12.1\" _module_preset=\"default\" global_colors_info=\"{}\"][et_pb_image src=\"https:\/\/diviedge.com\/layout-design\/medipulse\/wp-content\/uploads\/sites\/12\/2021\/11\/Group-263.png\" title_text=\"Group 263\" align=\"center\" _builder_version=\"4.14.4\" _module_preset=\"default\" module_alignment=\"center\" height=\"60px\" height_tablet=\"60px\" height_phone=\"59px\" height_last_edited=\"on|phone\" locked=\"off\" global_colors_info=\"{}\"][\/et_pb_image][et_pb_number_counter title=\"Happy Patients\" number=\"322\" percent_sign=\"off\" _builder_version=\"4.14.2\" _module_preset=\"default\" title_font=\"Montserrat|500||on|||||\" title_line_height=\"42px\" number_font=\"|700|||||||\" number_text_color=\"#FFFFFF\" number_font_size=\"40px\" number_line_height=\"40px\" background_layout=\"dark\" title_line_height_tablet=\"34px\" title_line_height_phone=\"28px\" title_line_height_last_edited=\"on|phone\" number_font_size_tablet=\"40px\" number_font_size_phone=\"40px\" number_font_size_last_edited=\"on|tablet\" number_line_height_tablet=\"40px\" number_line_height_phone=\"40px\" number_line_height_last_edited=\"on|phone\" custom_css_percent=\"height: 20px;\" locked=\"off\" global_colors_info=\"{}\"][\/et_pb_number_counter][\/et_pb_column][et_pb_column type=\"1_4\" _builder_version=\"4.12.1\" _module_preset=\"default\" global_colors_info=\"{}\"][et_pb_image src=\"https:\/\/diviedge.com\/layout-design\/medipulse\/wp-content\/uploads\/sites\/12\/2021\/11\/Group-278.png\" title_text=\"Group 278\" align=\"center\" _builder_version=\"4.14.4\" _module_preset=\"default\" module_alignment=\"center\" height=\"60px\" height_tablet=\"60px\" height_phone=\"59px\" height_last_edited=\"on|phone\" locked=\"off\" global_colors_info=\"{}\"][\/et_pb_image][et_pb_number_counter title=\"Medical Beds\" number=\"115\" percent_sign=\"off\" _builder_version=\"4.14.2\" _module_preset=\"default\" title_font=\"Montserrat|500||on|||||\" title_line_height=\"42px\" number_font=\"|700|||||||\" number_text_color=\"#FFFFFF\" number_font_size=\"40px\" number_line_height=\"40px\" background_layout=\"dark\" title_line_height_tablet=\"34px\" title_line_height_phone=\"28px\" title_line_height_last_edited=\"on|phone\" number_font_size_tablet=\"40px\" number_font_size_phone=\"40px\" number_font_size_last_edited=\"on|tablet\" number_line_height_tablet=\"40px\" number_line_height_phone=\"40px\" number_line_height_last_edited=\"on|phone\" custom_css_percent=\"height: 20px;\" locked=\"off\" global_colors_info=\"{}\"][\/et_pb_number_counter][\/et_pb_column][et_pb_column type=\"1_4\" _builder_version=\"4.12.1\" _module_preset=\"default\" global_colors_info=\"{}\"][et_pb_image src=\"https:\/\/diviedge.com\/layout-design\/medipulse\/wp-content\/uploads\/sites\/12\/2021\/11\/Group-160.png\" title_text=\"Group 160\" align=\"center\" _builder_version=\"4.14.4\" _module_preset=\"default\" module_alignment=\"center\" height=\"60px\" height_tablet=\"60px\" height_phone=\"59px\" height_last_edited=\"on|phone\" locked=\"off\" global_colors_info=\"{}\"][\/et_pb_image][et_pb_number_counter title=\"surgeries in a year\" number=\"1100\" percent_sign=\"off\" _builder_version=\"4.14.2\" _module_preset=\"default\" title_font=\"Montserrat|500||on|||||\" title_line_height=\"42px\" number_font=\"|700|||||||\" number_text_color=\"#FFFFFF\" number_font_size=\"40px\" number_line_height=\"40px\" background_layout=\"dark\" title_line_height_tablet=\"34px\" title_line_height_phone=\"28px\" title_line_height_last_edited=\"on|phone\" number_font_size_tablet=\"40px\" number_font_size_phone=\"40px\" number_font_size_last_edited=\"on|tablet\" number_line_height_tablet=\"40px\" number_line_height_phone=\"40px\" number_line_height_last_edited=\"on|phone\" custom_css_percent=\"height: 20px;\" locked=\"off\" global_colors_info=\"{}\"][\/et_pb_number_counter][\/et_pb_column][\/et_pb_row][\/et_pb_section][et_pb_section fb_built=\"1\" _builder_version=\"4.14.4\" _module_preset=\"default\" background_color=\"#FFFFFF\" custom_padding=\"0px||0px||true|false\" saved_tabs=\"all\" locked=\"off\" global_colors_info=\"{}\"][et_pb_row column_structure=\"1_2,1_2\" custom_padding_last_edited=\"on|tablet\" module_class=\"footer_emergency\" _builder_version=\"4.14.4\" _module_preset=\"default\" use_background_color_gradient=\"on\" background_color_gradient_start=\"#42b3e5\" background_color_gradient_end=\"#107fc9\" background_color_gradient_direction=\"270deg\" transform_scale_tablet=\"\" transform_scale_phone=\"\" transform_scale_last_edited=\"on|desktop\" transform_translate=\"0px|100px\" transform_translate_tablet=\"0px|150px\" transform_translate_phone=\"0px|150px\" transform_translate_last_edited=\"on|phone\" transform_translate_linked=\"off\" transform_rotate_tablet=\"\" transform_rotate_phone=\"\" transform_rotate_last_edited=\"on|desktop\" transform_skew_tablet=\"\" transform_skew_phone=\"\" transform_skew_last_edited=\"on|desktop\" transform_origin_tablet=\"\" transform_origin_phone=\"\" transform_origin_last_edited=\"on|desktop\" transform_styles_last_edited=\"on|phone\" custom_padding=\"55px|100px|43px|100px|false|true\" custom_padding_tablet=\"45px|100px|45px|100px|true|true\" custom_padding_phone=\"35px|25px|35px|25px|true|true\" transform_styles_tablet=\"\" transform_styles_phone=\"\" border_radii=\"on|10px|10px|10px|10px\" box_shadow_style=\"preset1\" box_shadow_horizontal=\"5px\" box_shadow_vertical=\"5px\" box_shadow_blur=\"29px\" box_shadow_color=\"rgba(0,0,0,0.29)\" global_colors_info=\"{}\"][et_pb_column type=\"1_2\" _builder_version=\"4.12.0\" _module_preset=\"default\" global_colors_info=\"{}\"][et_pb_text _builder_version=\"4.14.4\" _module_preset=\"default\" header_3_font=\"|600|||||||\" header_3_text_align=\"left\" header_3_font_size=\"24px\" background_layout=\"dark\" custom_margin=\"||0px||false|false\" custom_padding=\"||16px||false|false\" header_3_text_align_tablet=\"center\" header_3_text_align_phone=\"center\" header_3_text_align_last_edited=\"on|phone\" global_colors_info=\"{}\"]<h3>Emergency Service<\/h3>[\/et_pb_text][et_pb_text _builder_version=\"4.14.4\" _module_preset=\"default\" text_font=\"||||||||\" text_font_size=\"16px\" text_line_height=\"28px\" background_layout=\"dark\" width=\"78%\" width_tablet=\"90%\" width_phone=\"100%\" width_last_edited=\"on|phone\" text_font_size_tablet=\"15px\" text_font_size_phone=\"14px\" text_font_size_last_edited=\"on|phone\" text_orientation_tablet=\"center\" text_orientation_phone=\"center\" text_orientation_last_edited=\"on|tablet\" module_alignment_tablet=\"\" module_alignment_phone=\"center\" module_alignment_last_edited=\"on|phone\" global_colors_info=\"{}\"]<p>An emergency department (ED), also known as an accident &amp; emergency ward (EW) or casualty department, is a medical treatment.<\/p>[\/et_pb_text][\/et_pb_column][et_pb_column type=\"1_2\" _builder_version=\"4.12.0\" _module_preset=\"default\" global_colors_info=\"{}\"][et_pb_blurb title=\"Call: +01-001-001001\" image=\"https:\/\/diviedge.com\/layout-design\/medipulse\/wp-content\/uploads\/sites\/12\/2021\/11\/Icon-awesome-heartbeat.png\" icon_alignment=\"left\" content_max_width=\"100%\" icon_alignment_tablet=\"center\" icon_alignment_phone=\"center\" icon_alignment_last_edited=\"on|tablet\" _builder_version=\"4.14.4\" _module_preset=\"default\" header_font=\"|600|||||||\" header_text_color=\"#FFFFFF\" header_font_size=\"32px\" z_index=\"3\" filter_opacity=\"99%\" child_filter_opacity=\"99%\" animation=\"off\" header_text_align_tablet=\"center\" header_text_align_phone=\"center\" header_text_align_last_edited=\"on|desktop\" header_font_size_tablet=\"32px\" header_font_size_phone=\"24px\" header_font_size_last_edited=\"on|phone\" custom_css_blurb_image=\"margin-bottom: 18px;\" global_colors_info=\"{}\"][\/et_pb_blurb][\/et_pb_column][\/et_pb_row][\/et_pb_section]","post_title":"Services Page - MediPulse Layout - Diviflash","post_excerpt":"","post_status":"publish","comment_status":"closed","ping_status":"closed","post_password":"","post_name":"services-page-medipulse-layout-diviflash","to_ping":"","pinged":"","post_modified":"2022-01-13 11:41:35","post_modified_gmt":"2022-01-13 11:41:35","post_content_filtered":"","post_parent":0,"menu_order":0,"post_type":"et_pb_layout","post_mime_type":"","comment_count":"0","filter":"raw","post_meta":{"_et_pb_built_for_post_type":["page"]},"terms":{"2":{"name":"layout","slug":"layout","taxonomy":"layout_type","parent":0,"all_parents":[],"description":""},"3":{"name":"not_global","slug":"not_global","taxonomy":"scope","parent":0,"all_parents":[],"description":""},"4":{"name":"regular","slug":"regular","taxonomy":"module_width","parent":0,"all_parents":[],"description":""}}}},"presets":"","global_colors":"","images":[],"thumbnails":[]}