{"context":"et_builder_layouts","data":{"718":{"ID":718,"post_date":"2021-08-01 07:43:06","post_date_gmt":"2021-08-01 07:43:06","post_content":"[et_pb_row custom_padding_last_edited=\"on|phone\" _builder_version=\"4.8.1\" _module_preset=\"default\" custom_padding=\"|60px|17px|60px|false|true\" custom_padding_tablet=\"|0px||0px|false|true\" custom_padding_phone=\"|0px|17px|0px|false|true\" hover_enabled=\"0\" template_type=\"row\" global_colors_info=\"{}\"][et_pb_column type=\"4_4\" _builder_version=\"4.8.1\" _module_preset=\"default\" hover_enabled=\"0\" global_colors_info=\"{}\"][et_pb_pricing_tables featured_table_background_color=\"#8300E9\" featured_table_header_background_color=\"#8300E9\" featured_table_header_text_color=\"#FFFFFF\" featured_table_price_background_color=\"#FFFFFF\" featured_table_price_color=\"#b372fb\" module_class=\"saas-pricing-table\" _builder_version=\"4.8.1\" _module_preset=\"default\" subheader_text_color=\"#8F8F8F\" body_font=\"Montserrat||||||||\" hover_enabled=\"0\" border_radii=\"on|9px|9px|9px|9px\" border_width_all=\"0px\" border_color_bottom_price=\"#FFFFFF\" border_radii_price_last_edited=\"off|desktop\" locked=\"off\" global_colors_info=\"{}\" border_radii_price__hover_enabled=\"on|hover\" price_text_color__hover_enabled=\"on|hover\" price_text_color__hover=\"#FFFFFF\"][et_pb_pricing_table title=\"Standard\" subtitle=\"The national average cost of buying coin easy.\" per=\" month\" sum=\"70$\" button_url=\"#\" button_text=\"Choose Plan\" price_background_color=\"#FFFFFF\" header_background_color=\"#FFFFFF\" _builder_version=\"4.8.1\" _module_preset=\"default\" price_text_color=\"#b372fb\" header_font=\"Montserrat|600|||||||\" header_text_align=\"left\" header_text_color=\"#2b044d\" header_font_size=\"32px\" body_font=\"||||||||\" subheader_font=\"Montserrat||||||||\" subheader_text_align=\"left\" subheader_line_height=\"26px\" price_font=\"Montserrat|700|||||||\" price_text_align=\"left\" price_font_size=\"48px\" currency_frequency_font=\"Montserrat||||||||\" background_color=\"#FFFFFF\" background_enable_color=\"on\" custom_button=\"on\" button_text_size=\"16px\" button_text_color=\"#b372fb\" button_bg_color=\"#FFFFFF\" button_border_color=\"#b372fb\" button_border_radius=\"10px\" button_font=\"Montserrat||||||||\" button_use_icon=\"off\" button_custom_padding=\"10px|30px|10px|30px|true|true\" button_custom_padding_tablet=\"|18px||18px|true|true\" button_custom_padding_phone=\"\" button_custom_padding_last_edited=\"on|phone\" custom_padding=\"|50px||50px|false|true\" hover_enabled=\"0\" header_font_size_tablet=\"\" header_font_size_phone=\"30px\" header_font_size_last_edited=\"on|phone\" custom_css_main_element=\"margin-right: 60px;||margin-left: -60px;||display: flex;||flex-direction: column;\" custom_css_pricing_heading=\"padding: 10px 0px 20px 0px;||    margin-left: -10px;\" custom_css_price=\"padding: 0px 0px;||order: -1;||margin-left: -10px;\" box_shadow_style=\"preset1\" box_shadow_vertical=\"8px\" box_shadow_blur=\"60px\" box_shadow_color=\"#f1ebff\" global_colors_info=\"{}\" header_background_color__hover_enabled=\"on|hover\" price_background_color__hover_enabled=\"on|hover\" price_text_color__hover_enabled=\"on|desktop\" currency_frequency_text_color__hover_enabled=\"on|hover\" header_text_color__hover_enabled=\"on|hover\" subheader_text_color__hover_enabled=\"off|hover\" subheader_text_color__hover=\"#FFFFFF\" button_text_color__hover_enabled=\"on|hover\" button_text_color__hover=\"#FFFFFF\" button_bg_color__hover_enabled=\"on|hover\" button_bg_color__hover=\"#b372fb\" button_bg_enable_color__hover=\"on\" custom_css_main_element_last_edited=\"on|tablet\" custom_css_main_element_tablet=\"margin-right:00px;||margin-left: -00px;||margin-bottom: 40px !important; ||\" custom_css_main_element_phone=\"margin-right: 0px;||margin-left: 0px;\" sticky_transition=\"on\"]<p>+ Time Tracking<br \/> + Timesheets<br \/> + Activity Levels<br \/> - Payroll<br \/> - Unlimited teams<\/p>\r[\/et_pb_pricing_table][et_pb_pricing_table title=\"Extended\" subtitle=\"The national average cost of buying coin easy.\" per=\" month\" sum=\"140$\" button_url=\"#\" button_text=\"Choose Plan\" price_background_color=\"#b372fb\" header_background_color=\"#b372fb\" _builder_version=\"4.8.1\" _module_preset=\"default\" price_text_color=\"#FFFFFF\" header_font=\"Montserrat|600|||||||\" header_text_align=\"left\" header_text_color=\"#FFFFFF\" header_font_size=\"32px\" subheader_font=\"Montserrat||||||||\" subheader_text_align=\"left\" subheader_text_color=\"#FFFFFF\" subheader_line_height=\"26px\" price_font=\"Montserrat|700|||||||\" price_text_align=\"left\" price_font_size=\"48px\" currency_frequency_font=\"Montserrat||||||||\" currency_frequency_text_color=\"#FFFFFF\" background_color=\"#FFFFFF\" background_enable_color=\"on\" custom_button=\"on\" button_text_size=\"16px\" button_text_color=\"#FFFFFF\" button_bg_color=\"#b372fb\" button_border_color=\"#b372fb\" button_border_radius=\"10px\" button_font=\"Montserrat||||||||\" button_use_icon=\"off\" button_custom_padding=\"10px|30px|10px|30px|true|true\" custom_padding=\"|50px||50px|false|true\" hover_enabled=\"0\" header_font_size_tablet=\"\" header_font_size_phone=\"30px\" header_font_size_last_edited=\"on|phone\" custom_css_main_element=\"display: flex;||flex-direction: column;\" custom_css_pricing_heading=\"padding: 10px 0px 20px 0px;||border-radius: 0px 0px 10px 10px;||\" custom_css_pricing_title=\"margin-left: -10px;\" custom_css_pricing_subtitle=\"margin-left: -10px;\" custom_css_price=\"padding: 0px 0px;||    margin-left: -10px;\" border_color_all_price=\"RGBA(0,0,0,0)\" box_shadow_style=\"preset1\" box_shadow_vertical=\"8px\" box_shadow_blur=\"59px\" box_shadow_color=\"#e0d6ff\" box_shadow_blur_tablet=\"30px\" box_shadow_blur_phone=\"\" box_shadow_blur_last_edited=\"on|tablet\" global_colors_info=\"{}\" header_background_color__hover_enabled=\"on|desktop\" price_text_color__hover_enabled=\"on|hover\" price_text_color__hover=\"#FFFFFF\" currency_frequency_text_color__hover_enabled=\"on|hover\" currency_frequency_text_color__hover=\"#FFFFFF\" header_text_color__hover_enabled=\"on|hover\" header_text_color__hover=\"#FFFFFF\" subheader_text_color__hover_enabled=\"on|hover\" subheader_text_color__hover=\"#FFFFFF\" button_text_color__hover_enabled=\"on|hover\" button_text_color__hover=\"#b372fb\" button_bg_color__hover_enabled=\"on|hover\" button_bg_color__hover=\"#FFFFFF\" button_bg_enable_color__hover=\"on\" custom_css_main_element_last_edited=\"on|tablet\" sticky_transition=\"on\"]<p>+ Time Tracking<br \/> + Timesheets<br \/> + Activity Levels<br \/> - Payroll<br \/> - Unlimited teams<\/p>\r[\/et_pb_pricing_table][et_pb_pricing_table title=\"Premium+\" subtitle=\"The national average cost of buying coin easy.\" per=\" month\" sum=\"280$\" button_url=\"#\" button_text=\"Choose Plan\" header_background_color=\"#FFFFFF\" _builder_version=\"4.8.1\" _module_preset=\"default\" price_text_color=\"#b372fb\" header_font=\"Montserrat|600|||||||\" header_text_align=\"left\" header_text_color=\"#2b044d\" header_font_size=\"32px\" subheader_font=\"Montserrat||||||||\" subheader_text_align=\"left\" subheader_line_height=\"24px\" price_font=\"Montserrat|700|||||||\" price_text_align=\"left\" price_font_size=\"48px\" currency_frequency_font=\"Montserrat||||||||\" background_color=\"#FFFFFF\" background_enable_color=\"on\" custom_button=\"on\" button_text_size=\"16px\" button_text_color=\"#b372fb\" button_bg_color=\"#FFFFFF\" button_border_color=\"#b372fb\" button_border_radius=\"10px\" button_font=\"Montserrat||||||||\" button_use_icon=\"off\" button_custom_padding=\"10px|30px|10px|30px|true|true\" custom_padding=\"|50px||50px|false|true\" hover_enabled=\"0\" header_font_size_tablet=\"\" header_font_size_phone=\"30px\" header_font_size_last_edited=\"on|phone\" custom_css_main_element=\"margin-right: -60px;||margin-left: 60px;||display: flex;||flex-direction: column;\" custom_css_pricing_heading=\"padding: 10px 0px 20px 0px;||    margin-left: -10px;\" custom_css_price=\"padding: 0px 0px;||margin-left: -10px;\" box_shadow_style=\"preset1\" box_shadow_vertical=\"8px\" box_shadow_blur=\"60px\" box_shadow_color=\"#f1ebff\" global_colors_info=\"{}\" header_background_color__hover_enabled=\"on|hover\" price_background_color__hover_enabled=\"off|hover\" price_text_color__hover_enabled=\"on|desktop\" currency_frequency_text_color__hover_enabled=\"on|hover\" currency_frequency_text_color__hover=\"#FFFFFF\" header_text_color__hover_enabled=\"on|hover\" header_text_color__hover=\"#2b044d\" subheader_text_color__hover_enabled=\"on|desktop\" button_text_color__hover=\"#FFFFFF\" button_text_color__hover_enabled=\"on|hover\" button_bg_color__hover=\"#b372fb\" button_bg_color__hover_enabled=\"on|hover\" custom_css_main_element_last_edited=\"on|phone\" custom_css_main_element_tablet=\"margin-right:0px;||margin-left: -00px;||||\" custom_css_main_element_phone=\"margin-right:0;||\" sticky_transition=\"on\"]<p>+ Time Tracking<br \/> + Timesheets<br \/> + Activity Levels<br \/> + Payroll<br \/> + Unlimited teams<\/p>\r[\/et_pb_pricing_table][\/et_pb_pricing_tables][\/et_pb_column][\/et_pb_row]","post_title":"Yearly Pricing Table - SaaS Layout - Diviflash","post_excerpt":"","post_status":"publish","comment_status":"closed","ping_status":"closed","post_password":"","post_name":"yearly-pricing-table","to_ping":"","pinged":"","post_modified":"2023-01-24 08:02:33","post_modified_gmt":"2023-01-24 08:02:33","post_content_filtered":"","post_parent":0,"menu_order":0,"post_type":"et_pb_layout","post_mime_type":"","comment_count":"0","filter":"raw","post_meta":{"_et_pb_row_layout":["4_4"],"_et_pb_built_for_post_type":["page"],"_et_pb_enable_shortcode_tracking":[""],"_et_pb_ab_current_shortcode":["[et_pb_split_track id=\"718\" \/]"],"_et_pb_custom_css":[""],"_et_pb_gutter_width":["3"],"_et_pb_first_image":[""],"_et_pb_truncate_post":[""],"_et_pb_truncate_post_date":[""],"_et_builder_version":["BB|Divi|4.11.3"],"_et_pb_use_builder":["on"],"_et_pb_old_content":[""],"_global_colors_info":["{}"],"_et_pb_ab_subjects":[""]},"terms":{"3":{"name":"not_global","slug":"not_global","taxonomy":"scope","parent":0,"all_parents":[],"description":""},"4":{"name":"regular","slug":"regular","taxonomy":"module_width","parent":0,"all_parents":[],"description":""},"5":{"name":"row","slug":"row","taxonomy":"layout_type","parent":0,"all_parents":[],"description":""}}},"717":{"ID":717,"post_date":"2021-08-01 07:41:50","post_date_gmt":"2021-08-01 07:41:50","post_content":"[et_pb_row custom_padding_last_edited=\"on|phone\" _builder_version=\"4.8.1\" _module_preset=\"default\" custom_padding=\"|60px|17px|60px|false|true\" custom_padding_tablet=\"|0px||0px|false|true\" custom_padding_phone=\"|0px|17px|0px|false|true\" hover_enabled=\"0\" template_type=\"row\" global_colors_info=\"{}\"][et_pb_column type=\"4_4\" _builder_version=\"4.8.1\" _module_preset=\"default\" hover_enabled=\"0\" global_colors_info=\"{}\"][et_pb_pricing_tables featured_table_background_color=\"#8300E9\" featured_table_header_background_color=\"#8300E9\" featured_table_header_text_color=\"#FFFFFF\" featured_table_price_background_color=\"#FFFFFF\" featured_table_price_color=\"#b372fb\" module_class=\"saas-pricing-table\" _builder_version=\"4.8.1\" _module_preset=\"default\" subheader_text_color=\"#8F8F8F\" body_font=\"Montserrat||||||||\" hover_enabled=\"0\" border_radii=\"on|9px|9px|9px|9px\" border_width_all=\"0px\" border_color_bottom_price=\"#FFFFFF\" border_radii_price_last_edited=\"off|desktop\" locked=\"off\" global_colors_info=\"{}\" border_radii_price__hover_enabled=\"on|hover\" price_text_color__hover_enabled=\"on|hover\" price_text_color__hover=\"#FFFFFF\"][et_pb_pricing_table title=\"Standard\" subtitle=\"The national average cost of buying coin easy.\" per=\" month\" sum=\"6$\" button_url=\"#\" button_text=\"Choose Plan\" price_background_color=\"#FFFFFF\" header_background_color=\"#FFFFFF\" _builder_version=\"4.8.1\" _module_preset=\"default\" price_text_color=\"#b372fb\" header_font=\"Montserrat|600|||||||\" header_text_align=\"left\" header_text_color=\"#2b044d\" header_font_size=\"32px\" body_font=\"||||||||\" subheader_font=\"Montserrat||||||||\" subheader_text_align=\"left\" subheader_line_height=\"26px\" price_font=\"Montserrat|700|||||||\" price_text_align=\"left\" price_font_size=\"48px\" currency_frequency_font=\"Montserrat||||||||\" background_color=\"#FFFFFF\" background_enable_color=\"on\" custom_button=\"on\" button_text_size=\"16px\" button_text_color=\"#b372fb\" button_bg_color=\"#FFFFFF\" button_border_color=\"#b372fb\" button_border_radius=\"10px\" button_font=\"Montserrat||||||||\" button_use_icon=\"off\" button_custom_padding=\"10px|30px|10px|30px|true|true\" button_custom_padding_tablet=\"|18px||18px|true|true\" button_custom_padding_phone=\"\" button_custom_padding_last_edited=\"on|phone\" custom_padding=\"|50px||50px|false|true\" hover_enabled=\"0\" header_font_size_tablet=\"\" header_font_size_phone=\"30px\" header_font_size_last_edited=\"on|phone\" custom_css_main_element=\"margin-right: 60px;||margin-left: -60px;||display: flex;||flex-direction: column;\" custom_css_pricing_heading=\"padding: 10px 0px 20px 0px;||    margin-left: -10px;\" custom_css_price=\"padding: 0px 0px;||order: -1;||margin-left: -10px;\" box_shadow_style=\"preset1\" box_shadow_vertical=\"8px\" box_shadow_blur=\"60px\" box_shadow_color=\"#f1ebff\" global_colors_info=\"{}\" header_background_color__hover_enabled=\"on|hover\" price_background_color__hover_enabled=\"on|hover\" price_text_color__hover_enabled=\"on|desktop\" currency_frequency_text_color__hover_enabled=\"on|hover\" header_text_color__hover_enabled=\"on|hover\" subheader_text_color__hover_enabled=\"off|hover\" subheader_text_color__hover=\"#FFFFFF\" button_text_color__hover_enabled=\"on|hover\" button_text_color__hover=\"#FFFFFF\" button_bg_color__hover_enabled=\"on|hover\" button_bg_color__hover=\"#b372fb\" button_bg_enable_color__hover=\"on\" custom_css_main_element_last_edited=\"on|tablet\" custom_css_main_element_tablet=\"margin-right:00px;||margin-left: -00px;||margin-bottom: 40px !important; ||\" custom_css_main_element_phone=\"margin-right: 0px;||margin-left: 0px;\" sticky_transition=\"on\"]<p>+ Time Tracking<br \/> + Timesheets<br \/> + Activity Levels<br \/> - Payroll<br \/> - Unlimited teams<\/p>[\/et_pb_pricing_table][et_pb_pricing_table title=\"Extended\" subtitle=\"The national average cost of buying coin easy.\" per=\" month\" sum=\"12$\" button_url=\"#\" button_text=\"Choose Plan\" price_background_color=\"#b372fb\" header_background_color=\"#b372fb\" _builder_version=\"4.8.1\" _module_preset=\"default\" price_text_color=\"#FFFFFF\" header_font=\"Montserrat|600|||||||\" header_text_align=\"left\" header_text_color=\"#FFFFFF\" header_font_size=\"32px\" subheader_font=\"Montserrat||||||||\" subheader_text_align=\"left\" subheader_text_color=\"#FFFFFF\" subheader_line_height=\"26px\" price_font=\"Montserrat|700|||||||\" price_text_align=\"left\" price_font_size=\"48px\" currency_frequency_font=\"Montserrat||||||||\" currency_frequency_text_color=\"#FFFFFF\" background_color=\"#FFFFFF\" background_enable_color=\"on\" custom_button=\"on\" button_text_size=\"16px\" button_text_color=\"#FFFFFF\" button_bg_color=\"#b372fb\" button_border_color=\"#b372fb\" button_border_radius=\"10px\" button_font=\"Montserrat||||||||\" button_use_icon=\"off\" button_custom_padding=\"10px|30px|10px|30px|true|true\" custom_padding=\"|50px||50px|false|true\" hover_enabled=\"0\" header_font_size_tablet=\"\" header_font_size_phone=\"30px\" header_font_size_last_edited=\"on|phone\" custom_css_main_element=\"display: flex;||flex-direction: column;\" custom_css_pricing_heading=\"padding: 10px 0px 20px 0px;||border-radius: 0px 0px 10px 10px;||\" custom_css_pricing_title=\"margin-left: -10px;\" custom_css_pricing_subtitle=\"margin-left: -10px;\" custom_css_price=\"padding: 0px 0px;||    margin-left: -10px;\" border_color_all_price=\"RGBA(0,0,0,0)\" box_shadow_style=\"preset1\" box_shadow_vertical=\"8px\" box_shadow_blur=\"59px\" box_shadow_color=\"#e0d6ff\" box_shadow_blur_tablet=\"30px\" box_shadow_blur_phone=\"\" box_shadow_blur_last_edited=\"on|tablet\" global_colors_info=\"{}\" header_background_color__hover_enabled=\"on|desktop\" price_text_color__hover_enabled=\"on|hover\" price_text_color__hover=\"#FFFFFF\" currency_frequency_text_color__hover_enabled=\"on|hover\" currency_frequency_text_color__hover=\"#FFFFFF\" header_text_color__hover_enabled=\"on|hover\" header_text_color__hover=\"#FFFFFF\" subheader_text_color__hover_enabled=\"on|hover\" subheader_text_color__hover=\"#FFFFFF\" button_text_color__hover_enabled=\"on|hover\" button_text_color__hover=\"#b372fb\" button_bg_color__hover_enabled=\"on|hover\" button_bg_color__hover=\"#FFFFFF\" button_bg_enable_color__hover=\"on\" custom_css_main_element_last_edited=\"on|tablet\" sticky_transition=\"on\"]<p>+ Time Tracking<br \/> + Timesheets<br \/> + Activity Levels<br \/> - Payroll<br \/> - Unlimited teams<\/p>[\/et_pb_pricing_table][et_pb_pricing_table title=\"Premium+\" subtitle=\"The national average cost of buying coin easy.\" per=\" month\" sum=\"24$\" button_url=\"#\" button_text=\"Choose Plan\" header_background_color=\"#FFFFFF\" _builder_version=\"4.8.1\" _module_preset=\"default\" price_text_color=\"#b372fb\" header_font=\"Montserrat|600|||||||\" header_text_align=\"left\" header_text_color=\"#2b044d\" header_font_size=\"32px\" subheader_font=\"Montserrat||||||||\" subheader_text_align=\"left\" subheader_line_height=\"24px\" price_font=\"Montserrat|700|||||||\" price_text_align=\"left\" price_font_size=\"48px\" currency_frequency_font=\"Montserrat||||||||\" background_color=\"#FFFFFF\" background_enable_color=\"on\" custom_button=\"on\" button_text_size=\"16px\" button_text_color=\"#b372fb\" button_bg_color=\"#FFFFFF\" button_border_color=\"#b372fb\" button_border_radius=\"10px\" button_font=\"Montserrat||||||||\" button_use_icon=\"off\" button_custom_padding=\"10px|30px|10px|30px|true|true\" custom_padding=\"|50px||50px|false|true\" hover_enabled=\"0\" header_font_size_tablet=\"\" header_font_size_phone=\"30px\" header_font_size_last_edited=\"on|phone\" custom_css_main_element=\"margin-right: -60px;||margin-left: 60px;||display: flex;||flex-direction: column;\" custom_css_pricing_heading=\"padding: 10px 0px 20px 0px;||    margin-left: -10px;\" custom_css_price=\"padding: 0px 0px;||margin-left: -10px;\" box_shadow_style=\"preset1\" box_shadow_vertical=\"8px\" box_shadow_blur=\"60px\" box_shadow_color=\"#f1ebff\" global_colors_info=\"{}\" header_background_color__hover_enabled=\"on|hover\" price_background_color__hover_enabled=\"off|hover\" price_text_color__hover_enabled=\"on|desktop\" currency_frequency_text_color__hover_enabled=\"on|hover\" currency_frequency_text_color__hover=\"#FFFFFF\" header_text_color__hover_enabled=\"on|hover\" header_text_color__hover=\"#2b044d\" subheader_text_color__hover_enabled=\"on|desktop\" button_text_color__hover=\"#FFFFFF\" button_text_color__hover_enabled=\"on|hover\" button_bg_color__hover=\"#b372fb\" button_bg_color__hover_enabled=\"on|hover\" custom_css_main_element_last_edited=\"on|phone\" custom_css_main_element_tablet=\"margin-right:0px;||margin-left: -00px;||||\" custom_css_main_element_phone=\"margin-right:0;||\" sticky_transition=\"on\"]<p>+ Time Tracking<br \/> + Timesheets<br \/> + Activity Levels<br \/> + Payroll<br \/> + Unlimited teams<\/p>[\/et_pb_pricing_table][\/et_pb_pricing_tables][\/et_pb_column][\/et_pb_row]","post_title":"Monthly Pricing Table - SaaS Layout - Diviflash","post_excerpt":"","post_status":"publish","comment_status":"closed","ping_status":"closed","post_password":"","post_name":"monthly-pricing-table","to_ping":"","pinged":"","post_modified":"2023-01-24 08:02:38","post_modified_gmt":"2023-01-24 08:02:38","post_content_filtered":"","post_parent":0,"menu_order":0,"post_type":"et_pb_layout","post_mime_type":"","comment_count":"0","filter":"raw","post_meta":{"_et_pb_row_layout":["4_4"],"_et_pb_built_for_post_type":["page"],"_et_pb_enable_shortcode_tracking":[""],"_et_pb_ab_current_shortcode":["[et_pb_split_track id=\"717\" \/]"],"_et_pb_custom_css":[""],"_et_pb_gutter_width":["3"],"_et_pb_first_image":[""],"_et_pb_truncate_post":[""],"_et_pb_truncate_post_date":[""],"_et_builder_version":["BB|Divi|4.11.3"],"_et_pb_use_builder":["on"],"_et_pb_old_content":[""],"_global_colors_info":["{}"],"_et_pb_ab_subjects":[""]},"terms":{"3":{"name":"not_global","slug":"not_global","taxonomy":"scope","parent":0,"all_parents":[],"description":""},"4":{"name":"regular","slug":"regular","taxonomy":"module_width","parent":0,"all_parents":[],"description":""},"5":{"name":"row","slug":"row","taxonomy":"layout_type","parent":0,"all_parents":[],"description":""}}}},"presets":"","global_colors":"","images":[],"thumbnails":[]}